[SH] main() entered (log opened post-config)
[SH] build 7be3363db (2026-08-24 23:41:43)
[CONFIG] flashlight_mode=0 use_pgxp=1 resident_textures=1 global_chara_pool=1
[TEXPACK] compose cache capped 2048 -> 952 MB (1/8 of 7620 MB RAM)
[TEXPACK] GL texture budget capped 6144 -> 1905 MB (low-RAM 7620 MB machine)
[SH] Game data path: ./gamedata
[SH] Initializing PSX memory emulation...
[SH] PSX RAM base: 0x102178000
[SH] TEMP_MEMORY_ADDR -> 0x10231a600 (offset 0x1A2600)
[SH] AsRodata_Reformat: populated sharedData_800CAA98_0_s01 from 3448-byte raw extract
[SH] MSAA: 4x
[SH] Renderer: gl -> OpenGL (native)
[SH] Initializing PsyCross (SDL2 + OpenGL)...
[Psy-X] Initialising Psy-X 2.8
[Psy-X] Build date: Aug 24 2026:23:41:44
[Psy-X] MSAA 4x is not supported on the 'gles' backend (its framebuffer blits are 
illegal on ES); disabling it for this run. Use the OpenGL (native) renderer 
if you want antialiasing.
[Psy-X] *Drawable size: 2868x1320
[Psy-X] *Default framebuffer: 1
[Psy-X] *Video adapter: Apple A18 Pro GPU by Apple Inc.
[Psy-X] *OpenGL version: OpenGL ES 3.0 Metal - 104.1
[Psy-X] *GLSL version: OpenGL ES GLSL ES 3.00
[Psy-X] Backend 'gles' expected ANGLE but got 'Apple A18 Pro GPU'
[Psy-X] *GL caps: polygonMode=0 getTexImage=0 mapBuffer=0 drawBuffer=0 clearDepthD=0 texLevelParam=0 noperspective=1
[Psy-X] *Anisotropic filtering available, max 16x
[Psy-X] *[FLLOC] gles=1 on=27 style=23 pos=18 dir=21 col=22 inner=9 outer=24 range=32 shadowOn=0
[Psy-X] *[FLLOC] gles=1 on=27 style=23 pos=18 dir=21 col=22 inner=9 outer=24 range=32 shadowOn=0
[Psy-X] *[FLLOC] gles=1 on=27 style=23 pos=18 dir=21 col=22 inner=9 outer=24 range=32 shadowOn=0
[Psy-X] *[FLLOC] gles=1 on=29 style=24 pos=19 dir=22 col=23 inner=9 outer=25 range=34 shadowOn=0
[Psy-X] *[FLLOC] gles=1 on=27 style=23 pos=18 dir=21 col=22 inner=9 outer=24 range=32 shadowOn=0
[Psy-X] *[FLLOC] gles=1 on=27 style=23 pos=18 dir=21 col=22 inner=9 outer=24 range=32 shadowOn=0
[Psy-X] *[FLLOC] gles=1 on=27 style=23 pos=18 dir=21 col=22 inner=9 outer=24 range=32 shadowOn=0
[Psy-X] *[FLLOC] gles=1 on=29 style=24 pos=19 dir=22 col=23 inner=9 outer=25 range=34 shadowOn=0
[Psy-X] [VRAM-FBO] status=0x8CD5 (COMPLETE) glError=0x0000 internalFormat=0x822B format=0x8227 1024x512
[Psy-X] [PAD] SDL_NumJoysticks=0
[SH] PsyCross initialized. Window: 640x480
[SH] Window size from device surface: 2868x1320 (config had 640x480)
[TEXPACK] GPU VRAM not reported by this driver — budget left at 1905 MB
[SH] GL Renderer: Apple A18 Pro GPU
[SH] GL Vendor:   Apple Inc.
[SH] GL Version:  OpenGL ES 3.0 Metal - 104.1
[CTRLSTYLE] active=classic, 4 styles published
[SH] VSync: on
[SH] Filtering: PSX dither
[SH] PGXP: ON (perspective-correct, WIP)
[SH] PSX oversize-poly cull: on
[SH] Post-process: mode 0
[SH] Tone mapping: mode 0
[SH] Flashlight mode: Classic
[SH] Software SPU output: renderer=1 backend=0 mode=1 rate=44100 bit-perfect=0
[SH] Effect intensity: flashlight 1.20, post 1.00, tonemap 1.00; flashlight size 3.00
[SH] XA voice volume: 1.00, FMV movie volume: 1.00 (psx_vol=1)
[SH] Initializing PSY-Q subsystems...
[Psy-X] Software SPU output: backend=2 mode=1 rate=44100 format=1 bit-perfect=0
[SH] Initializing CD filesystem...
[REGION] applied region=0 (USA) disc=./gamedata/Silent Hill (USA).bin
[SH] Disc: ./gamedata/Silent Hill (USA).bin (region USA)
[SH] CD image found, initializing CDFS...
[LANG-RU] FONT16 hash BEFDF51C is not a known Russian repaint — menus stay English
[Psy-X] Using './gamedata/Silent Hill (USA).bin' image, sector size: 2352, frames: 262115
[SH] Initializing GPU...
[SH] Initializing filesystem queue...
[SH] Initializing map registry...
[MapOverlay] Using built-in map0_s00
[POOL] AI backfill: 16 chara slot(s) from chara_global
[SH] [MapRegistry] Active map: map0_s00 (overlay 0, mapType 0)
[SH] Active map: map0_s00
[DISCORD] rich presence on (app id 1529658536274034770)
[RA] init: enabled=1 user='KushAstronaut' token=present region=0
[RA] address map: 1587 globals mapped from symbol files (919 names not exported)
[SH] All subsystems initialized. Entering MainLoop...
[SH_AUDIO] sound_seq_off(0): reached MIDI init loop
[SH_AUDIO] sound_seq_off(1): reached MIDI init loop
[SH_AUDIO] SdInit complete: smf_midi[0].mvol_3=127 smf_midi[1].mvol_3=127
[SH_BGM] midi_smf_main: call #0 seq0_stat=0 seq1_stat=0 tracks0=0 vab0=-1 flag=0
[SH_BGM] midi_smf_main: call #1 seq0_stat=0 seq1_stat=0 tracks0=0 vab0=-1 flag=0
[SH_BGM] midi_smf_main: call #2 seq0_stat=0 seq1_stat=0 tracks0=0 vab0=-1 flag=0
[SH_BGM] SdSeqCalledTbyT: sd_interrupt_start_flag=1 smf_start_flag=0
[LOOSE/INIT] allow_loose_files=0  base=gamedata/load/  verbose=no
[BOOT0/TIM] PostLoadTim file=1 '2ZANKO_E.TIM' ss=0x66 img.u=32 img.v=0 tPage=1,13 clutX=768 clutY=480
[BOOT0/TIM] post ReadTIM: prect=0x102282818 caddr=0x102282614 paddr=0x102282820 mode=9
[BOOT0/TIM] pre pixel LoadImage rect=(864,0 160x240)
[BOOT0/TIM] pre CLUT LoadImage rect=(768,480 256x1)
[BOOT0/TIM] PostLoadTim done
[Psy-X] [SHADOWDIAG] shadowOn=0 useShadows=0 perPixel=0 flActive=0 tex=0 allowed=0 freeze=0
[ASPECT] disp=640x448 win=2868x1320 psxAspect=1.4286 winAspect=2.1727 horScale=1.5209 HorPlus=0 WS=1 PAR=1.0714 margin=0.0 vp=491+1886x1320 C2_H=240 OFX=0 OFY=0
[Psy-X] [FREEZE] capture 2868x1320 ok (msaa=0, RGB8)
[Psy-X] [PGXP] cov 60f: det=0(0) miss=720(100) clip=0 spikeclamp=0 oversize=0
[SFX] Sd_SfxStop: sfxId=1321 (Sfx_Base+41)
[SFX] Sd_SfxStop: sfxId=1322 (Sfx_Base+42)
[RATOAST] font 0: gamedata/font/Oswald-Regular.ttf
[RATOAST] font 1: gamedata/font/BarlowSemiCondensed-Regular.ttf
[UISND] SDL audio for gamedata/sound/trophy.wav: Audio device already open
[RA] logged in as KushAstronaut
[RA] disc hash 469d5cf1428d3f6f2234aa5be058f3ec
[SH_AUDIO] TaskPoolExecute task=0
[SH_AUDIO] TaskPoolExecute task=160
[SH_AUDIO] SdVabTransBodyPartly: vabid=0 complete, total=132080
[SH_AUDIO] TaskPoolExecute task=0
[SH_AUDIO] TaskPoolExecute task=162
[SH_AUDIO] SdVabTransBodyPartly: vabid=2 complete, total=131968
[SH_AUDIO] TaskPoolExecute task=0
[ASPECT] disp=320x224 win=2868x1320 psxAspect=1.4286 winAspect=2.1727 horScale=1.5209 HorPlus=0 WS=1 PAR=1.0714 margin=0.0 vp=491+1886x1320 C2_H=240 OFX=0 OFY=0
[BOOT0/TIM] PostLoadTim file=7 'FONT8NOC.TIM' ss=0x28c img.u=0 img.v=240 tPage=0,20 clutX=0 clutY=0
[BOOT0/TIM] post ReadTIM: prect=0x10235a60c caddr=0x0 paddr=0x10235a614 mode=0
[BOOT0/TIM] pre pixel LoadImage rect=(256,496 64x16)
[BOOT0/TIM] PostLoadTim done
[BOOT0/TIM] PostLoadTim file=6 'FONT16.TIM' ss=0x287 img.u=0 img.v=240 tPage=0,16 clutX=304 clutY=511
[BOOT0/TIM] post ReadTIM: prect=0x10235a638 caddr=0x10235a614 paddr=0x10235a640 mode=8
[BOOT0/TIM] pre pixel LoadImage rect=(0,496 256x16)
[BOOT0/TIM] pre CLUT LoadImage rect=(304,511 16x1)
[BOOT0/TIM] PostLoadTim done
[RA] set reads 0x800BCAD8 (mapped)
[RA] set reads 0x800BCC7E (mapped)
[RA] set reads 0x800BCBA2 (mapped)
[RA] set reads 0x80025740 (UNMAPPED)
[RA] achievement read of unmapped PSX address 0x80025740 - needs a translation entry
[RA] set reads 0x800BC0C8 (mapped)
[RA] set reads 0x800BC26E (mapped)
[RA] set reads 0x800BC192 (mapped)
[RA] set reads 0x800B2214 (mapped)
[RA] achievement read of unmapped PSX address 0x800C0C7C - needs a translation entry
[RA] achievement read of unmapped PSX address 0x800C6F2D - needs a translation entry
[RA] achievement read of unmapped PSX address 0x800C4476 - needs a translation entry
[RA] matched game 11252 "Silent Hill" (hash identifies the mounted disc)
[RA] achievements active (softcore) - 23/66 (211 pts)
RetroAchievements: 23/66 (211 pts)
[Psy-X] [PGXP] cov 60f: det=0(0) miss=216(100) clip=0 spikeclamp=0 oversize=0
[BOOT0/TIM] PostLoadTim file=8 'KONAMI.TIM' ss=0x28e img.u=0 img.v=0 tPage=0,12 clutX=0 clutY=0
[BOOT0/TIM] post ReadTIM: prect=0x10235a638 caddr=0x10235a614 paddr=0x10235a640 mode=8
[BOOT0/TIM] pre pixel LoadImage rect=(768,0 96x384)
[BOOT0/TIM] pre CLUT LoadImage rect=(0,0 16x1)
[BOOT0/TIM] PostLoadTim done
[BOOT0/TIM] PostLoadTim file=9 'KONAMI2.TIM' ss=0x2b3 img.u=0 img.v=0 tPage=0,14 clutX=0 clutY=1
[BOOT0/TIM] post ReadTIM: prect=0x10235a638 caddr=0x10235a614 paddr=0x10235a640 mode=8
[BOOT0/TIM] pre pixel LoadImage rect=(896,0 104x160)
[BOOT0/TIM] pre CLUT LoadImage rect=(0,1 16x1)
[BOOT0/TIM] PostLoadTim done
[BOOT0/TIM] PostLoadTim file=1423 'HERO.TIM' ss=0x5a6a img.u=0 img.v=0 tPage=0,27 clutX=736 clutY=480
[BOOT0/TIM] post ReadTIM: prect=0x10235a7f8 caddr=0x10235a614 paddr=0x10235a800 mode=8
[BOOT0/TIM] pre pixel LoadImage rect=(704,256 64x192)
[BOOT0/TIM] pre CLUT LoadImage rect=(736,480 16x15)
[BOOT0/TIM] PostLoadTim done
[BOOT0/TIM] PostLoadTim file=1802 'BLD.TIM' ss=0x795b img.u=0 img.v=0 tPage=0,11 clutX=304 clutY=0
[BOOT0/TIM] post ReadTIM: prect=0x102365018 caddr=0x102364e14 paddr=0x102365020 mode=8
[BOOT0/TIM] pre pixel LoadImage rect=(704,0 64x256)
[BOOT0/TIM] pre CLUT LoadImage rect=(304,0 16x16)
[BOOT0/TIM] PostLoadTim done
[BOOT0/TIM] PostLoadTim file=1799 'BG_ETC.TIM' ss=0x7906 img.u=0 img.v=0 tPage=0,12 clutX=192 clutY=0
[BOOT0/TIM] post ReadTIM: prect=0x10235a778 caddr=0x10235a614 paddr=0x10235a780 mode=8
[BOOT0/TIM] pre pixel LoadImage rect=(768,0 32x256)
[BOOT0/TIM] pre CLUT LoadImage rect=(192,0 16x11)
[BOOT0/TIM] PostLoadTim done
[BOOT0/TIM] PostLoadTim file=1980 'TITLE_E.TIM' ss=0x90b7 img.u=32 img.v=0 tPage=1,13 clutX=224 clutY=15
[BOOT0/TIM] post ReadTIM: prect=0x10232a818 caddr=0x10232a614 paddr=0x10232a820 mode=9
[BOOT0/TIM] pre pixel LoadImage rect=(864,0 160x480)
[BOOT0/TIM] pre CLUT LoadImage rect=(224,15 256x1)
[BOOT0/TIM] PostLoadTim done
[SH] open_main: playing FMV (file=2053 frames=0)
[FMV] No AVI override for 'C1_20670' — decoding from BIN
[FMV] SDL_OpenAudioDevice failed (Audio device already open) — routing FMV audio through the engine mixer instead
[FMV] XA audio via engine mixer: 37800 Hz stereo (coding=0x01) gain=1.00
[mdec] hdr n_bytes=5776 first8=06 e0 38 00 00 01 00 02 qscale=1 version=2 ctx=320x208
[mdec] hdr n_bytes=5776 first8=06 e0 38 00 00 01 00 02 qscale=1 version=2 ctx=320x208
[mdec] hdr n_bytes=5776 first8=06 e0 38 00 00 01 00 02 qscale=1 version=2 ctx=320x208
[FMV] Skipped at frame 36
[FMV] BIN playback complete (36 frames from C1_20670)
[SH] open_main: FMV_Play returned
[TRANSITION] GameStartup step=0: processFlags=0x20 (BootDemo) sizeof(s_WorldGfxWork)=18960
[SH_AUDIO] TaskPoolExecute task=2
[ASPECT] disp=320x448 win=2868x1320 psxAspect=0.7143 winAspect=2.1727 horScale=3.0418 HorPlus=0 WS=1 PAR=1.0714 margin=0.0 vp=962+943x1320 C2_H=240 OFX=0 OFY=0
[Psy-X] [WORLDSPLIT] verts=192 dfe=1 fmt=0 blend=0 texId=5 clip=(0,0,320,448)
[Psy-X] [WORLDSPLIT] verts=1320 dfe=1 fmt=0 blend=2 texId=1 clip=(0,0,320,448)
[SH_AUDIO] TaskPoolExecute task=0
[CUTDIAG] state=7 sys=1 cut=1 border=0 fixed=0 tpc=0 ofy=0 | horplus=0 vscale=0.872 cutvscale=1.000 wsmode=1
[Psy-X] [WORLDSPLIT] verts=192 dfe=1 fmt=0 blend=0 texId=5 clip=(0,0,320,448)
[Psy-X] [WORLDSPLIT] verts=1320 dfe=1 fmt=0 blend=2 texId=1 clip=(0,0,320,448)
[Psy-X] [WORLDSPLIT] verts=192 dfe=1 fmt=0 blend=0 texId=5 clip=(0,0,320,448)
[Psy-X] [WORLDSPLIT] verts=1320 dfe=1 fmt=0 blend=2 texId=1 clip=(0,0,320,448)
[Psy-X] [WORLDSPLIT] verts=192 dfe=1 fmt=0 blend=0 texId=5 clip=(0,0,320,448)
[Psy-X] [WORLDSPLIT] verts=1320 dfe=1 fmt=0 blend=2 texId=1 clip=(0,0,320,448)
[Psy-X] [WORLDSPLIT] verts=192 dfe=1 fmt=0 blend=0 texId=5 clip=(0,0,320,448)
[Psy-X] [WORLDSPLIT] verts=1320 dfe=1 fmt=0 blend=2 texId=1 clip=(0,0,320,448)
[Psy-X] [WORLDSPLIT] verts=192 dfe=1 fmt=0 blend=0 texId=5 clip=(0,0,320,448)
[Psy-X] [WORLDSPLIT] verts=1320 dfe=1 fmt=0 blend=2 texId=1 clip=(0,0,320,448)
[Psy-X] [WORLDSPLIT] verts=192 dfe=1 fmt=0 blend=0 texId=5 clip=(0,0,320,448)
[Psy-X] [WORLDSPLIT] verts=1320 dfe=1 fmt=0 blend=2 texId=1 clip=(0,0,320,448)
[Psy-X] [WORLDSPLIT] verts=192 dfe=1 fmt=0 blend=0 texId=5 clip=(0,0,320,448)
[Psy-X] [WORLDSPLIT] verts=1320 dfe=1 fmt=0 blend=2 texId=1 clip=(0,0,320,448)
[Psy-X] [WORLDSPLIT] verts=192 dfe=1 fmt=0 blend=0 texId=5 clip=(0,0,320,448)
[Psy-X] [WORLDSPLIT] verts=1320 dfe=1 fmt=0 blend=2 texId=1 clip=(0,0,320,448)
[Psy-X] [WORLDSPLIT] verts=192 dfe=1 fmt=0 blend=0 texId=5 clip=(0,0,320,448)
[Psy-X] [WORLDSPLIT] verts=1320 dfe=1 fmt=0 blend=2 texId=1 clip=(0,0,320,448)
[Psy-X] [WORLDSPLIT] verts=192 dfe=1 fmt=0 blend=0 texId=5 clip=(0,0,320,448)
[Psy-X] [WORLDSPLIT] verts=1320 dfe=1 fmt=0 blend=2 texId=1 clip=(0,0,320,448)
[Psy-X] [WORLDSPLIT] verts=192 dfe=1 fmt=0 blend=0 texId=5 clip=(0,0,320,448)
[Psy-X] [WORLDSPLIT] verts=1320 dfe=1 fmt=0 blend=2 texId=1 clip=(0,0,320,448)
[Psy-X] [WORLDSPLIT] verts=192 dfe=1 fmt=0 blend=0 texId=5 clip=(0,0,320,448)
[Psy-X] [WORLDSPLIT] verts=1320 dfe=1 fmt=0 blend=2 texId=1 clip=(0,0,320,448)
[Psy-X] [WORLDSPLIT] verts=192 dfe=1 fmt=0 blend=0 texId=5 clip=(0,0,320,448)
[Psy-X] [WORLDSPLIT] verts=1320 dfe=1 fmt=0 blend=2 texId=1 clip=(0,0,320,448)
[Psy-X] [WORLDSPLIT] verts=192 dfe=1 fmt=0 blend=0 texId=5 clip=(0,0,320,448)
[Psy-X] [WORLDSPLIT] verts=1320 dfe=1 fmt=0 blend=2 texId=1 clip=(0,0,320,448)
[Psy-X] [WORLDSPLIT] verts=192 dfe=1 fmt=0 blend=0 texId=5 clip=(0,0,320,448)
[Psy-X] [WORLDSPLIT] verts=1320 dfe=1 fmt=0 blend=2 texId=1 clip=(0,0,320,448)
[Psy-X] [WORLDSPLIT] verts=192 dfe=1 fmt=0 blend=0 texId=5 clip=(0,0,320,448)
[Psy-X] [WORLDSPLIT] verts=1320 dfe=1 fmt=0 blend=2 texId=1 clip=(0,0,320,448)
[Psy-X] [WORLDSPLIT] verts=192 dfe=1 fmt=0 blend=0 texId=5 clip=(0,0,320,448)
[Psy-X] [WORLDSPLIT] verts=1320 dfe=1 fmt=0 blend=2 texId=1 clip=(0,0,320,448)
[Psy-X] [WORLDSPLIT] verts=192 dfe=1 fmt=0 blend=0 texId=5 clip=(0,0,320,448)
[Psy-X] [WORLDSPLIT] verts=1320 dfe=1 fmt=0 blend=2 texId=1 clip=(0,0,320,448)
[Psy-X] [WORLDSPLIT] verts=192 dfe=1 fmt=0 blend=0 texId=5 clip=(0,0,320,448)
[Psy-X] [WORLDSPLIT] verts=1320 dfe=1 fmt=0 blend=2 texId=1 clip=(0,0,320,448)
[Psy-X] [PGXP] cov 60f: det=0(0) miss=47524(100) clip=0 spikeclamp=0 oversize=0
[CUTDIAG] state=7 sys=1 cut=1 border=0 fixed=0 tpc=0 ofy=0 | horplus=0 vscale=0.872 cutvscale=1.000 wsmode=1
[Psy-X] [PGXP] cov 60f: det=0(0) miss=52800(100) clip=0 spikeclamp=0 oversize=0
[CUTDIAG] state=7 sys=1 cut=1 border=0 fixed=0 tpc=0 ofy=0 | horplus=0 vscale=0.872 cutvscale=1.000 wsmode=1
[Psy-X] [PGXP] cov 60f: det=0(0) miss=52800(100) clip=0 spikeclamp=0 oversize=0
[CUTDIAG] state=7 sys=1 cut=1 border=0 fixed=0 tpc=0 ofy=0 | horplus=0 vscale=0.872 cutvscale=1.000 wsmode=1
[PERF] avg=33.9ms (29.5 fps) worst=2448ms vblanks/frame=2.04 over 256 frames
[Psy-X] [PGXP] cov 60f: det=0(0) miss=52800(100) clip=0 spikeclamp=0 oversize=0
[CUTDIAG] state=7 sys=1 cut=1 border=0 fixed=0 tpc=0 ofy=0 | horplus=0 vscale=0.872 cutvscale=1.000 wsmode=1
[SFX] Sd_PlaySfx: sfxId=1307 (Sfx_Base+27) vol=0
[Psy-X] [PGXP] cov 60f: det=0(0) miss=52800(100) clip=0 spikeclamp=0 oversize=0
  model[0] name=01CH meshCnt=1 vertOff=50 normOff=50 fB0=1 fB1=0 fB4=0 meshHdrs=0x1199f5770
  model[1] name=02HE meshCnt=1 vertOff=0 normOff=0 fB0=1 fB1=0 fB4=0 meshHdrs=0x1199f5320
  model[2] name=02NE meshCnt=1 vertOff=55 normOff=55 fB0=1 fB1=0 fB4=0 meshHdrs=0x1199f5470
  model[3] name=03LS meshCnt=1 vertOff=34 normOff=34 fB0=1 fB1=0 fB4=0 meshHdrs=0x1199f4ba0
  model[4] name=04LJ meshCnt=1 vertOff=8 normOff=8 fB0=1 fB1=0 fB4=0 meshHdrs=0x1199f5080
  model[5] name=05LZ meshCnt=1 vertOff=30 normOff=30 fB0=1 fB1=0 fB4=0 meshHdrs=0x1199f5830
  model[6] name=07RS meshCnt=1 vertOff=44 normOff=44 fB0=1 fB1=0 fB4=0 meshHdrs=0x1199f5890
  model[7] name=08RJ meshCnt=1 vertOff=19 normOff=19 fB0=1 fB1=0 fB4=0 meshHdrs=0x1199f58f0
  model[8] name=09RZ meshCnt=1 vertOff=40 normOff=40 fB0=1 fB1=0 fB4=0 meshHdrs=0x1199f4e10
  model[9] name=11HI meshCnt=1 vertOff=14 normOff=14 fB0=1 fB1=0 fB4=0 meshHdrs=0x1199f56e0
  model[10] name=11HI meshCnt=1 vertOff=0 normOff=0 fB0=1 fB1=0 fB4=0 meshHdrs=0x1199f5500
  model[11] name=12LM meshCnt=1 vertOff=26 normOff=26 fB0=1 fB1=0 fB4=0 meshHdrs=0x1199f54a0
  model[12] name=13LS meshCnt=1 vertOff=0 normOff=0 fB0=1 fB1=0 fB4=0 meshHdrs=0x1199f5950
  model[13] name=14LF meshCnt=1 vertOff=0 normOff=0 fB0=1 fB1=0 fB4=0 meshHdrs=0x1199f59b0
  model[14] name=15RM meshCnt=1 vertOff=26 normOff=26 fB0=1 fB1=0 fB4=0 meshHdrs=0x1199f5a10
  model[15] name=16RS meshCnt=1 vertOff=7 normOff=7 fB0=1 fB1=0 fB4=0 meshHdrs=0x1199f5a40
  model[16] name=17RF meshCnt=1 vertOff=0 normOff=0 fB0=1 fB1=0 fB4=0 meshHdrs=0x1199f59e0
  model[17] name=06LH meshCnt=1 vertOff=50 normOff=50 fB0=1 fB1=0 fB4=0 meshHdrs=0x1199f5980
  model[18] name=06LH meshCnt=1 vertOff=0 normOff=0 fB0=1 fB1=0 fB4=0 meshHdrs=0x1199f50b0
  model[19] name=10RH meshCnt=1 vertOff=50 normOff=50 fB0=1 fB1=0 fB4=0 meshHdrs=0x1199f5530
  model[20] name=10RH meshCnt=1 vertOff=0 normOff=0 fB0=1 fB1=0 fB4=0 meshHdrs=0x1199f54d0
  model[21] name=10RH meshCnt=1 vertOff=0 normOff=0 fB0=1 fB1=0 fB4=0 meshHdrs=0x1199f55c0
  model[22] name=10RH meshCnt=1 vertOff=0 normOff=0 fB0=1 fB1=0 fB4=0 meshHdrs=0x1199f5560
  modelOrder: 1 21 22 20 18 16 12 15 9 11 14 13 10 4 7 5 3 8 6 17 19 0 2
[CHARA-TEX] charaId=1 matCount=1 modelCount=23
[CHARA-TEX] mat[0] name='HERO' field_C=1 E=0x3b F=0x3b clut=0x782e UV=0x0000 tex=0x0
[CHARA-TEX] prim0: f0=0x135b(UV0) f2=0x7a6e(clut) f4=0x1651(UV1) f6=0x003b(tpage) f8=0x1251(UV2) fA=0x0000(UV3)
[CHARA-TEX] texDesc: tPage=[0,27] u=0 v=0 clutXY=(736,480)
[AUTO-EQUIP-CHECK] mapIdx=0 processFlags=0x4 inventorySlotCount=8 equippedWeapon=0 invEmpty=1
[MapOverlay] Using built-in map0_s00
[SH] [MapRegistry] Active map: map0_s00 (overlay 0, mapType 0)
[SFX] Sd_PlaySfx: sfxId=1281 (Sfx_Base+1) vol=0
[CUTDIAG] state=7 sys=1 cut=1 border=0 fixed=0 tpc=0 ofy=0 | horplus=0 vscale=0.872 cutvscale=1.000 wsmode=1
[SFX] Sd_SfxStop: sfxId=1300 (Sfx_Base+20)
[SFX] Sd_SfxStop: sfxId=1302 (Sfx_Base+22)
[SFX] Sd_SfxStop: sfxId=1301 (Sfx_Base+21)
[SFX] Sd_SfxStop: sfxId=1303 (Sfx_Base+23)
[SH] open_main: playing FMV (file=2055 frames=0)
[FMV] No AVI override for 'M1_03500' — decoding from BIN
[FMV] SDL_OpenAudioDevice failed (Audio device already open) — routing FMV audio through the engine mixer instead
[FMV] XA audio via engine mixer: 37800 Hz stereo (coding=0x01) gain=1.00
[FMV] Skipped at frame 3
[FMV] BIN playback complete (3 frames from M1_03500)
[SH] open_main: FMV_Play returned
[TRANSITION] GameStartup step=0: processFlags=0x4 (Unknown) sizeof(s_WorldGfxWork)=18960
[SH_AUDIO] TaskPoolExecute task=2
[SH_AUDIO] TaskPoolExecute task=0
[BOOT0/TIM] PostLoadTim file=1449 'REBIRD.TIM' ss=0x5b2c img.u=0 img.v=0 tPage=0,28 clutX=32 clutY=576
[BOOT0/TIM] post ReadTIM: prect=0x10235a6d8 caddr=0x10235a614 paddr=0x10235a6e0 mode=8
[BOOT0/TIM] pre pixel LoadImage rect=(768,256 32x128)
[BOOT0/TIM] pre CLUT LoadImage rect=(32,576 16x6)
[BOOT0/TIM] PostLoadTim done
[HIRES] override system initialized (capacity=256)
[POOLTEX] slot 258 <- 128x128 x6 rows (native 128x128) tex=18
  model[0] name=01CH meshCnt=1 vertOff=29 normOff=28 fB0=1 fB1=0 fB4=0 meshHdrs=0x1199f5d40
  model[1] name=02TA meshCnt=1 vertOff=37 normOff=36 fB0=1 fB1=0 fB4=0 meshHdrs=0x1199f5b60
  model[2] name=03LL meshCnt=1 vertOff=37 normOff=36 fB0=1 fB1=0 fB4=0 meshHdrs=0x1199f5860
  model[3] name=04LL meshCnt=1 vertOff=13 normOff=13 fB0=1 fB1=0 fB4=0 meshHdrs=0x1199f5c50
  model[4] name=05LF meshCnt=1 vertOff=37 normOff=36 fB0=1 fB1=0 fB4=0 meshHdrs=0x1199f5dd0
  model[5] name=06RL meshCnt=1 vertOff=37 normOff=36 fB0=1 fB1=0 fB4=0 meshHdrs=0x1199f5d10
  model[6] name=07RL meshCnt=1 vertOff=7 normOff=7 fB0=1 fB1=0 fB4=0 meshHdrs=0x1199f5d70
  model[7] name=08RF meshCnt=1 vertOff=37 normOff=36 fB0=1 fB1=0 fB4=0 meshHdrs=0x1199f5b90
  model[8] name=09NE meshCnt=1 vertOff=43 normOff=44 fB0=1 fB1=0 fB4=0 meshHdrs=0x1199f5800
  model[9] name=10HE meshCnt=1 vertOff=0 normOff=0 fB0=1 fB1=0 fB4=0 meshHdrs=0x1199f5cb0
  model[10] name=11JO meshCnt=1 vertOff=29 normOff=28 fB0=1 fB1=0 fB4=0 meshHdrs=0x1199f5da0
  model[11] name=12LA meshCnt=1 vertOff=40 normOff=40 fB0=1 fB1=0 fB4=0 meshHdrs=0x1199f5a70
  model[12] name=13LA meshCnt=1 vertOff=43 normOff=44 fB0=1 fB1=0 fB4=0 meshHdrs=0x1199f5aa0
  model[13] name=14RA meshCnt=1 vertOff=37 normOff=36 fB0=1 fB1=0 fB4=0 meshHdrs=0x1199f5ce0
  model[14] name=15RA meshCnt=1 vertOff=43 normOff=44 fB0=1 fB1=0 fB4=0 meshHdrs=0x1199f5c20
  model[15] name=16HI meshCnt=1 vertOff=19 normOff=19 fB0=1 fB1=0 fB4=0 meshHdrs=0x1199f5b30
  modelOrder: 9 6 3 15 10 0 7 5 4 2 1 13 11 8 14 12
[CHARA-TEX] charaId=2 matCount=1 modelCount=16
[CHARA-TEX] mat[0] name='REBIRD' field_C=1 E=0x5c F=0x5c clut=0x9002 UV=0x0000 tex=0x0
[CHARA-TEX] prim0: f0=0x2971(UV0) f2=0x9082(clut) f4=0x1d6a(UV1) f6=0x005c(tpage) f8=0x2077(UV2) fA=0x0000(UV3)
[CHARA-TEX] texDesc: tPage=[0,28] u=0 v=0 clutXY=(32,576)
[BOOT0/TIM] PostLoadTim file=1376 'BD2.TIM' ss=0x5974 img.u=0 img.v=0 tPage=0,28 clutX=48 clutY=576
[BOOT0/TIM] post ReadTIM: prect=0x10235a658 caddr=0x10235a614 paddr=0x10235a660 mode=8
[BOOT0/TIM] pre pixel LoadImage rect=(768,256 32x128)
[BOOT0/TIM] pre CLUT LoadImage rect=(48,576 16x2)
[BOOT0/TIM] PostLoadTim done
[POOLTEX] slot 259 <- 128x128 x2 rows (native 128x128) tex=24
  model[0] name=01CH meshCnt=1 vertOff=16 normOff=15 fB0=1 fB1=0 fB4=0 meshHdrs=0x1199f58c0
  model[1] name=02TA meshCnt=1 vertOff=10 normOff=9 fB0=1 fB1=0 fB4=0 meshHdrs=0x1199f5740
  model[2] name=03LL meshCnt=1 vertOff=10 normOff=9 fB0=1 fB1=0 fB4=0 meshHdrs=0x1199f5920
  model[3] name=04LL meshCnt=1 vertOff=24 normOff=23 fB0=1 fB1=0 fB4=0 meshHdrs=0x1199f5e00
  model[4] name=05LF meshCnt=1 vertOff=36 normOff=35 fB0=1 fB1=0 fB4=0 meshHdrs=0x1199f5e30
  model[5] name=06RL meshCnt=1 vertOff=13 normOff=12 fB0=1 fB1=0 fB4=0 meshHdrs=0x1199f5e60
  model[6] name=07RL meshCnt=1 vertOff=27 normOff=26 fB0=1 fB1=0 fB4=0 meshHdrs=0x1199f5e90
  model[7] name=08RF meshCnt=1 vertOff=36 normOff=35 fB0=1 fB1=0 fB4=0 meshHdrs=0x1199f5ec0
  model[8] name=09NE meshCnt=1 vertOff=30 normOff=29 fB0=1 fB1=0 fB4=0 meshHdrs=0x1199f5ef0
  model[9] name=10HE meshCnt=1 vertOff=36 normOff=35 fB0=1 fB1=0 fB4=0 meshHdrs=0x1199f5f20
  model[10] name=11JO meshCnt=1 vertOff=48 normOff=49 fB0=1 fB1=0 fB4=0 meshHdrs=0x1199f5f50
  model[11] name=12RA meshCnt=1 vertOff=42 normOff=41 fB0=1 fB1=0 fB4=0 meshHdrs=0x1199f5f80
  model[12] name=13RA meshCnt=1 vertOff=48 normOff=49 fB0=1 fB1=0 fB4=0 meshHdrs=0x1199f5fb0
  model[13] name=14RA meshCnt=1 vertOff=45 normOff=45 fB0=1 fB1=0 fB4=0 meshHdrs=0x1199f5fe0
  model[14] name=15RA meshCnt=1 vertOff=48 normOff=49 fB0=1 fB1=0 fB4=0 meshHdrs=0x1199f6010
  model[15] name=16HI meshCnt=1 vertOff=0 normOff=0 fB0=1 fB1=0 fB4=0 meshHdrs=0x1199f6040
  modelOrder: 15 1 2 5 0 3 6 8 4 7 9 11 13 10 12 14
[CHARA-TEX] charaId=3 matCount=1 modelCount=16
[CHARA-TEX] mat[0] name='BD2' field_C=1 E=0x5c F=0x5c clut=0x9003 UV=0x0000 tex=0x0
[CHARA-TEX] prim0: f0=0x003f(UV0) f2=0x9003(clut) f4=0x1136(UV1) f6=0x005c(tpage) f8=0x1923(UV2) fA=0x0000(UV3)
[CHARA-TEX] texDesc: tPage=[0,28] u=0 v=0 clutXY=(48,576)
[BOOT0/TIM] PostLoadTim file=1415 'DOG.TIM' ss=0x5a47 img.u=0 img.v=0 tPage=0,28 clutX=64 clutY=576
[BOOT0/TIM] post ReadTIM: prect=0x10235a6b8 caddr=0x10235a614 paddr=0x10235a6c0 mode=8
[BOOT0/TIM] pre pixel LoadImage rect=(768,256 32x128)
[BOOT0/TIM] pre CLUT LoadImage rect=(64,576 16x5)
[BOOT0/TIM] PostLoadTim done
[POOLTEX] slot 260 <- 128x128 x5 rows (native 128x128) tex=26
  model[0] name=01HI meshCnt=1 vertOff=40 normOff=24 fB0=1 fB1=0 fB4=0 meshHdrs=0x1199f51d0
  model[1] name=02CH meshCnt=1 vertOff=63 normOff=45 fB0=1 fB1=0 fB4=0 meshHdrs=0x1199f60d0
  model[2] name=03NE meshCnt=1 vertOff=80 normOff=62 fB0=1 fB1=0 fB4=0 meshHdrs=0x1199f6100
  model[3] name=04HE meshCnt=1 vertOff=16 normOff=8 fB0=1 fB1=0 fB4=0 meshHdrs=0x1199f6130
  model[4] name=05JO meshCnt=1 vertOff=63 normOff=45 fB0=1 fB1=0 fB4=0 meshHdrs=0x1199f6160
  model[5] name=06RH meshCnt=1 vertOff=80 normOff=62 fB0=1 fB1=0 fB4=0 meshHdrs=0x1199f6190
  model[6] name=07RM meshCnt=1 vertOff=8 normOff=4 fB0=1 fB1=0 fB4=0 meshHdrs=0x1199f61c0
  model[7] name=08RL meshCnt=1 vertOff=60 normOff=42 fB0=1 fB1=0 fB4=0 meshHdrs=0x1199f61f0
  model[8] name=09RF meshCnt=1 vertOff=80 normOff=62 fB0=1 fB1=0 fB4=0 meshHdrs=0x1199f6220
  model[9] name=10LH meshCnt=1 vertOff=80 normOff=62 fB0=1 fB1=0 fB4=0 meshHdrs=0x1199f6250
  model[10] name=11LM meshCnt=1 vertOff=0 normOff=0 fB0=1 fB1=0 fB4=0 meshHdrs=0x1199f6280
  model[11] name=12LL meshCnt=1 vertOff=57 normOff=39 fB0=1 fB1=0 fB4=0 meshHdrs=0x1199f62b0
  model[12] name=13LF meshCnt=1 vertOff=80 normOff=62 fB0=1 fB1=0 fB4=0 meshHdrs=0x1199f62e0
  model[13] name=14TA meshCnt=1 vertOff=80 normOff=62 fB0=1 fB1=0 fB4=0 meshHdrs=0x1199f6310
  model[14] name=15LH meshCnt=1 vertOff=80 normOff=62 fB0=1 fB1=0 fB4=0 meshHdrs=0x1199f6340
  model[15] name=16LM meshCnt=1 vertOff=32 normOff=20 fB0=1 fB1=0 fB4=0 meshHdrs=0x1199f6370
  model[16] name=17LL meshCnt=1 vertOff=77 normOff=59 fB0=1 fB1=0 fB4=0 meshHdrs=0x1199f63a0
  model[17] name=18LF meshCnt=1 vertOff=80 normOff=62 fB0=1 fB1=0 fB4=0 meshHdrs=0x1199f63d0
  model[18] name=19RH meshCnt=1 vertOff=77 normOff=59 fB0=1 fB1=0 fB4=0 meshHdrs=0x1199f6400
  model[19] name=20RM meshCnt=1 vertOff=24 normOff=16 fB0=1 fB1=0 fB4=0 meshHdrs=0x1199f6430
  model[20] name=21RL meshCnt=1 vertOff=74 normOff=56 fB0=1 fB1=0 fB4=0 meshHdrs=0x1199f6460
  model[21] name=22RF meshCnt=1 vertOff=80 normOff=62 fB0=1 fB1=0 fB4=0 meshHdrs=0x1199f6490
  modelOrder: 10 6 3 19 15 0 11 7 4 1 20 18 16 14 13 12 9 8 5 2 21 17
[CHARA-TEX] charaId=4 matCount=1 modelCount=22
[CHARA-TEX] mat[0] name='DOG' field_C=1 E=0x5c F=0x5c clut=0x9004 UV=0x0000 tex=0x0
[CHARA-TEX] prim0: f0=0x4e2b(UV0) f2=0x9004(clut) f4=0x402e(UV1) f6=0x005c(tpage) f8=0x4d2f(UV2) fA=0x0000(UV3)
[CHARA-TEX] texDesc: tPage=[0,28] u=0 v=0 clutXY=(64,576)
[BOOT0/TIM] PostLoadTim file=1409 'DG2.TIM' ss=0x5a23 img.u=0 img.v=0 tPage=0,28 clutX=80 clutY=576
[BOOT0/TIM] post ReadTIM: prect=0x10235a658 caddr=0x10235a614 paddr=0x10235a660 mode=8
[BOOT0/TIM] pre pixel LoadImage rect=(768,256 32x128)
[BOOT0/TIM] pre CLUT LoadImage rect=(80,576 16x2)
[BOOT0/TIM] PostLoadTim done
[POOLTEX] slot 261 <- 128x128 x2 rows (native 128x128) tex=31
  model[0] name=01HI meshCnt=1 vertOff=0 normOff=0 fB0=1 fB1=0 fB4=0 meshHdrs=0x1199f6580
  model[1] name=02CH meshCnt=1 vertOff=25 normOff=23 fB0=1 fB1=0 fB4=0 meshHdrs=0x1199f65b0
  model[2] name=03NE meshCnt=1 vertOff=0 normOff=0 fB0=1 fB1=0 fB4=0 meshHdrs=0x1199f65e0
  model[3] name=03NE meshCnt=1 vertOff=45 normOff=43 fB0=1 fB1=0 fB4=0 meshHdrs=0x1199f6610
  model[4] name=04HE meshCnt=1 vertOff=4 normOff=4 fB0=1 fB1=0 fB4=0 meshHdrs=0x1199f6640
  model[5] name=05JO meshCnt=1 vertOff=15 normOff=15 fB0=1 fB1=0 fB4=0 meshHdrs=0x1199f6670
  model[6] name=06RH meshCnt=1 vertOff=49 normOff=47 fB0=1 fB1=0 fB4=0 meshHdrs=0x1199f66a0
  model[7] name=07RM meshCnt=1 vertOff=63 normOff=61 fB0=1 fB1=0 fB4=0 meshHdrs=0x1199f66d0
  model[8] name=08RL meshCnt=1 vertOff=70 normOff=68 fB0=1 fB1=0 fB4=0 meshHdrs=0x1199f6700
  model[9] name=09RF meshCnt=1 vertOff=73 normOff=71 fB0=1 fB1=0 fB4=0 meshHdrs=0x1199f6730
  model[10] name=10LH meshCnt=1 vertOff=45 normOff=43 fB0=1 fB1=0 fB4=0 meshHdrs=0x1199f6760
  model[11] name=11LM meshCnt=1 vertOff=59 normOff=57 fB0=1 fB1=0 fB4=0 meshHdrs=0x1199f6790
  model[12] name=12LL meshCnt=1 vertOff=67 normOff=65 fB0=1 fB1=0 fB4=0 meshHdrs=0x1199f67c0
  model[13] name=13LF meshCnt=1 vertOff=73 normOff=71 fB0=1 fB1=0 fB4=0 meshHdrs=0x1199f67f0
  model[14] name=14TA meshCnt=1 vertOff=25 normOff=23 fB0=1 fB1=0 fB4=0 meshHdrs=0x1199f6820
  model[15] name=15LH meshCnt=1 vertOff=21 normOff=19 fB0=1 fB1=0 fB4=0 meshHdrs=0x1199f6850
  model[16] name=16LM meshCnt=1 vertOff=41 normOff=39 fB0=1 fB1=0 fB4=0 meshHdrs=0x1199f6880
  model[17] name=17LL meshCnt=1 vertOff=56 normOff=54 fB0=1 fB1=0 fB4=0 meshHdrs=0x1199f68b0
  model[18] name=18LF meshCnt=1 vertOff=67 normOff=65 fB0=1 fB1=0 fB4=0 meshHdrs=0x1199f68e0
  model[19] name=19RH meshCnt=1 vertOff=17 normOff=15 fB0=1 fB1=0 fB4=0 meshHdrs=0x1199f6910
  model[20] name=20RM meshCnt=1 vertOff=37 normOff=35 fB0=1 fB1=0 fB4=0 meshHdrs=0x1199f6940
  model[21] name=21RL meshCnt=1 vertOff=53 normOff=51 fB0=1 fB1=0 fB4=0 meshHdrs=0x1199f6970
  model[22] name=22RF meshCnt=1 vertOff=67 normOff=65 fB0=1 fB1=0 fB4=0 meshHdrs=0x1199f69a0
  modelOrder: 2 4 5 0 19 15 14 1 20 16 3 10 6 21 17 11 7 22 18 12 8 13 9
[CHARA-TEX] charaId=5 matCount=1 modelCount=23
[CHARA-TEX] mat[0] name='DG2' field_C=1 E=0x5c F=0x5c clut=0x9005 UV=0x0000 tex=0x0
[CHARA-TEX] prim0: f0=0x056f(UV0) f2=0x9005(clut) f4=0x005b(UV1) f6=0x005c(tpage) f8=0x0079(UV2) fA=0x0000(UV3)
[CHARA-TEX] texDesc: tPage=[0,28] u=0 v=0 clutXY=(80,576)
[BOOT0/TIM] PostLoadTim file=1395 'CLD1.TIM' ss=0x59df img.u=0 img.v=0 tPage=0,28 clutX=96 clutY=576
[BOOT0/TIM] post ReadTIM: prect=0x10235a638 caddr=0x10235a614 paddr=0x10235a640 mode=8
[BOOT0/TIM] pre pixel LoadImage rect=(768,256 32x128)
[BOOT0/TIM] pre CLUT LoadImage rect=(96,576 16x1)
[BOOT0/TIM] PostLoadTim done
[POOLTEX] slot 262 <- 128x128 x1 rows (native 128x128) tex=33
  model[0] name=01BO meshCnt=1 vertOff=12 normOff=12 fB0=1 fB1=0 fB4=0 meshHdrs=0x1199f6a00
  model[1] name=02HE meshCnt=1 vertOff=28 normOff=28 fB0=1 fB1=0 fB4=0 meshHdrs=0x1199f6a30
  model[2] name=03LL meshCnt=1 vertOff=30 normOff=30 fB0=1 fB1=0 fB4=0 meshHdrs=0x1199f6a60
  model[3] name=04LL meshCnt=1 vertOff=40 normOff=40 fB0=1 fB1=0 fB4=0 meshHdrs=0x1199f6a90
  model[4] name=05LF meshCnt=1 vertOff=6 normOff=6 fB0=1 fB1=0 fB4=0 meshHdrs=0x1199f6ac0
  model[5] name=06RL meshCnt=1 vertOff=35 normOff=35 fB0=1 fB1=0 fB4=0 meshHdrs=0x1199f6af0
  model[6] name=07RL meshCnt=1 vertOff=40 normOff=40 fB0=1 fB1=0 fB4=0 meshHdrs=0x1199f6b20
  model[7] name=08RF meshCnt=1 vertOff=9 normOff=9 fB0=1 fB1=0 fB4=0 meshHdrs=0x1199f6b50
  model[8] name=09RA meshCnt=1 vertOff=40 normOff=40 fB0=1 fB1=0 fB4=0 meshHdrs=0x1199f6b80
  model[9] name=10RA meshCnt=1 vertOff=0 normOff=0 fB0=1 fB1=0 fB4=0 meshHdrs=0x1199f6bb0
  model[10] name=11LA meshCnt=1 vertOff=40 normOff=40 fB0=1 fB1=0 fB4=0 meshHdrs=0x1199f6be0
  model[11] name=12LA meshCnt=1 vertOff=3 normOff=3 fB0=1 fB1=0 fB4=0 meshHdrs=0x1199f6c10
  modelOrder: 9 11 4 7 0 1 2 5 8 10 3 6
[CHARA-TEX] charaId=6 matCount=1 modelCount=12
[CHARA-TEX] mat[0] name='CLD1' field_C=1 E=0x5c F=0x5c clut=0x9006 UV=0x0000 tex=0x0
[CHARA-TEX] prim0: f0=0x3930(UV0) f2=0x9006(clut) f4=0x332b(UV1) f6=0x805c(tpage) f8=0x3f30(UV2) fA=0x0000(UV3)
[CHARA-TEX] texDesc: tPage=[0,28] u=0 v=0 clutXY=(96,576)
[BOOT0/TIM] PostLoadTim file=1397 'CLD2.TIM' ss=0x59e7 img.u=0 img.v=0 tPage=0,28 clutX=112 clutY=576
[BOOT0/TIM] post ReadTIM: prect=0x10235a698 caddr=0x10235a614 paddr=0x10235a6a0 mode=8
[BOOT0/TIM] pre pixel LoadImage rect=(768,256 32x128)
[BOOT0/TIM] pre CLUT LoadImage rect=(112,576 16x4)
[BOOT0/TIM] PostLoadTim done
[POOLTEX] slot 263 <- 128x128 x4 rows (native 128x128) tex=34
  model[0] name=01HI meshCnt=1 vertOff=0 normOff=0 fB0=1 fB1=0 fB4=0 meshHdrs=0x1199f6d00
  model[1] name=02CH meshCnt=1 vertOff=24 normOff=24 fB0=1 fB1=0 fB4=0 meshHdrs=0x1199f6d30
  model[2] name=03HE meshCnt=1 vertOff=48 normOff=48 fB0=1 fB1=0 fB4=0 meshHdrs=0x1199f6d60
  model[3] name=04RA meshCnt=1 vertOff=45 normOff=45 fB0=1 fB1=0 fB4=0 meshHdrs=0x1199f6d90
  model[4] name=05RA meshCnt=1 vertOff=51 normOff=51 fB0=1 fB1=0 fB4=0 meshHdrs=0x1199f6dc0
  model[5] name=06RH meshCnt=1 vertOff=54 normOff=54 fB0=1 fB1=0 fB4=0 meshHdrs=0x1199f6df0
  model[6] name=06RH meshCnt=1 vertOff=0 normOff=0 fB0=1 fB1=0 fB4=0 meshHdrs=0x1199f6e20
  model[7] name=07LA meshCnt=1 vertOff=42 normOff=42 fB0=1 fB1=0 fB4=0 meshHdrs=0x1199f6e50
  model[8] name=08LA meshCnt=1 vertOff=48 normOff=48 fB0=1 fB1=0 fB4=0 meshHdrs=0x1199f6e80
  model[9] name=09LH meshCnt=1 vertOff=54 normOff=54 fB0=1 fB1=0 fB4=0 meshHdrs=0x1199f6eb0
  model[10] name=10RL meshCnt=1 vertOff=16 normOff=16 fB0=1 fB1=0 fB4=0 meshHdrs=0x1199f6ee0
  model[11] name=11RR meshCnt=1 vertOff=36 normOff=36 fB0=1 fB1=0 fB4=0 meshHdrs=0x1199f6f10
  model[12] name=12RF meshCnt=1 vertOff=48 normOff=48 fB0=1 fB1=0 fB4=0 meshHdrs=0x1199f6f40
  model[13] name=13LL meshCnt=1 vertOff=20 normOff=20 fB0=1 fB1=0 fB4=0 meshHdrs=0x1199f6f70
  model[14] name=14LL meshCnt=1 vertOff=39 normOff=39 fB0=1 fB1=0 fB4=0 meshHdrs=0x1199f6fa0
  model[15] name=15LF meshCnt=1 vertOff=48 normOff=48 fB0=1 fB1=0 fB4=0 meshHdrs=0x1199f6fd0
  modelOrder: 6 0 10 13 1 11 14 7 3 2 12 15 8 4 9 5
[CHARA-TEX] charaId=7 matCount=1 modelCount=16
[CHARA-TEX] mat[0] name='CLD2' field_C=1 E=0x5c F=0x5c clut=0x9007 UV=0x0000 tex=0x0
[CHARA-TEX] prim0: f0=0x5f7c(UV0) f2=0x9047(clut) f4=0x5f7f(UV1) f6=0x805c(tpage) f8=0x497c(UV2) fA=0x0000(UV3)
[CHARA-TEX] texDesc: tPage=[0,28] u=0 v=0 clutXY=(112,576)
[BOOT0/TIM] PostLoadTim file=1399 'CLD3.TIM' ss=0x59ef img.u=0 img.v=0 tPage=0,28 clutX=128 clutY=576
[BOOT0/TIM] post ReadTIM: prect=0x10235a698 caddr=0x10235a614 paddr=0x10235a6a0 mode=8
[BOOT0/TIM] pre pixel LoadImage rect=(768,256 32x128)
[BOOT0/TIM] pre CLUT LoadImage rect=(128,576 16x4)
[BOOT0/TIM] PostLoadTim done
[POOLTEX] slot 264 <- 128x128 x4 rows (native 128x128) tex=38
  model[0] name=01HI meshCnt=1 vertOff=0 normOff=0 fB0=1 fB1=0 fB4=0 meshHdrs=0x1199f70c0
  model[1] name=02CH meshCnt=1 vertOff=24 normOff=24 fB0=1 fB1=0 fB4=0 meshHdrs=0x1199f70f0
  model[2] name=03HE meshCnt=1 vertOff=48 normOff=48 fB0=1 fB1=0 fB4=0 meshHdrs=0x1199f7120
  model[3] name=04RA meshCnt=1 vertOff=45 normOff=45 fB0=1 fB1=0 fB4=0 meshHdrs=0x1199f7150
  model[4] name=05RA meshCnt=1 vertOff=51 normOff=51 fB0=1 fB1=0 fB4=0 meshHdrs=0x1199f7180
  model[5] name=06RH meshCnt=1 vertOff=54 normOff=54 fB0=1 fB1=0 fB4=0 meshHdrs=0x1199f71b0
  model[6] name=06RH meshCnt=1 vertOff=0 normOff=0 fB0=1 fB1=0 fB4=0 meshHdrs=0x1199f71e0
  model[7] name=07LA meshCnt=1 vertOff=42 normOff=42 fB0=1 fB1=0 fB4=0 meshHdrs=0x1199f7210
  model[8] name=08LA meshCnt=1 vertOff=48 normOff=48 fB0=1 fB1=0 fB4=0 meshHdrs=0x1199f7240
  model[9] name=09LH meshCnt=1 vertOff=54 normOff=54 fB0=1 fB1=0 fB4=0 meshHdrs=0x1199f7270
  model[10] name=10RL meshCnt=1 vertOff=16 normOff=16 fB0=1 fB1=0 fB4=0 meshHdrs=0x1199f72a0
  model[11] name=11RR meshCnt=1 vertOff=36 normOff=36 fB0=1 fB1=0 fB4=0 meshHdrs=0x1199f72d0
  model[12] name=12RF meshCnt=1 vertOff=48 normOff=48 fB0=1 fB1=0 fB4=0 meshHdrs=0x1199f7300
  model[13] name=13LL meshCnt=1 vertOff=20 normOff=20 fB0=1 fB1=0 fB4=0 meshHdrs=0x1199f7330
  model[14] name=14LL meshCnt=1 vertOff=39 normOff=39 fB0=1 fB1=0 fB4=0 meshHdrs=0x1199f7360
  model[15] name=15LF meshCnt=1 vertOff=48 normOff=48 fB0=1 fB1=0 fB4=0 meshHdrs=0x1199f7390
  modelOrder: 6 0 10 13 1 11 14 7 3 2 12 15 8 4 9 5
[CHARA-TEX] charaId=8 matCount=1 modelCount=16
[CHARA-TEX] mat[0] name='CLD3' field_C=1 E=0x3c F=0x3c clut=0x9008 UV=0x0000 tex=0x0
[CHARA-TEX] prim0: f0=0x5f7c(UV0) f2=0x9048(clut) f4=0x5f7f(UV1) f6=0x003c(tpage) f8=0x497c(UV2) fA=0x0000(UV3)
[CHARA-TEX] texDesc: tPage=[0,28] u=0 v=0 clutXY=(128,576)
[BOOT0/TIM] PostLoadTim file=1401 'CLD4.TIM' ss=0x59f7 img.u=0 img.v=0 tPage=0,28 clutX=144 clutY=576
[BOOT0/TIM] post ReadTIM: prect=0x10235a6d8 caddr=0x10235a614 paddr=0x10235a6e0 mode=8
[BOOT0/TIM] pre pixel LoadImage rect=(768,256 32x128)
[BOOT0/TIM] pre CLUT LoadImage rect=(144,576 16x6)
[BOOT0/TIM] PostLoadTim done
[POOLTEX] slot 265 <- 128x128 x6 rows (native 128x128) tex=42
  model[0] name=01HI meshCnt=1 vertOff=0 normOff=0 fB0=1 fB1=0 fB4=0 meshHdrs=0x1199f74e0
  model[1] name=02CH meshCnt=1 vertOff=14 normOff=13 fB0=1 fB1=0 fB4=0 meshHdrs=0x1199f7510
  model[2] name=03HE meshCnt=1 vertOff=42 normOff=41 fB0=1 fB1=0 fB4=0 meshHdrs=0x1199f7540
  model[3] name=04RA meshCnt=1 vertOff=34 normOff=33 fB0=1 fB1=0 fB4=0 meshHdrs=0x1199f7570
  model[4] name=05RA meshCnt=1 vertOff=48 normOff=47 fB0=1 fB1=0 fB4=0 meshHdrs=0x1199f75a0
  model[5] name=06RH meshCnt=1 vertOff=56 normOff=55 fB0=1 fB1=0 fB4=0 meshHdrs=0x1199f75d0
  model[6] name=07LA meshCnt=1 vertOff=38 normOff=37 fB0=1 fB1=0 fB4=0 meshHdrs=0x1199f7600
  model[7] name=08LA meshCnt=1 vertOff=52 normOff=51 fB0=1 fB1=0 fB4=0 meshHdrs=0x1199f7630
  model[8] name=09LH meshCnt=1 vertOff=56 normOff=55 fB0=1 fB1=0 fB4=0 meshHdrs=0x1199f7660
  model[9] name=10RL meshCnt=1 vertOff=30 normOff=29 fB0=1 fB1=0 fB4=0 meshHdrs=0x1199f7690
  model[10] name=11RR meshCnt=1 vertOff=45 normOff=44 fB0=1 fB1=0 fB4=0 meshHdrs=0x1199f76c0
  model[11] name=12RF meshCnt=1 vertOff=56 normOff=55 fB0=1 fB1=0 fB4=0 meshHdrs=0x1199f76f0
  model[12] name=13LL meshCnt=1 vertOff=26 normOff=25 fB0=1 fB1=0 fB4=0 meshHdrs=0x1199f7720
  model[13] name=14LL meshCnt=1 vertOff=42 normOff=41 fB0=1 fB1=0 fB4=0 meshHdrs=0x1199f7750
  model[14] name=15LF meshCnt=1 vertOff=56 normOff=55 fB0=1 fB1=0 fB4=0 meshHdrs=0x1199f7780
  modelOrder: 0 1 12 9 3 6 2 13 10 4 7 14 11 5 8
[CHARA-TEX] charaId=9 matCount=1 modelCount=15
[CHARA-TEX] mat[0] name='CLD4' field_C=1 E=0x3c F=0x3c clut=0x9009 UV=0x0000 tex=0x0
[CHARA-TEX] prim0: f0=0x6d34(UV0) f2=0x9009(clut) f4=0x713f(UV1) f6=0x003c(tpage) f8=0x743c(UV2) fA=0x0000(UV3)
[CHARA-TEX] texDesc: tPage=[0,28] u=0 v=0 clutXY=(144,576)
[BOOT0/TIM] PostLoadTim file=1455 'SLT.TIM' ss=0x5b4d img.u=0 img.v=0 tPage=0,28 clutX=160 clutY=576
[BOOT0/TIM] post ReadTIM: prect=0x10235a6b8 caddr=0x10235a614 paddr=0x10235a6c0 mode=8
[BOOT0/TIM] pre pixel LoadImage rect=(768,256 32x128)
[BOOT0/TIM] pre CLUT LoadImage rect=(160,576 16x5)
[BOOT0/TIM] PostLoadTim done
[POOLTEX] slot 266 <- 128x128 x5 rows (native 128x128) tex=48
  model[0] name=01CH meshCnt=1 vertOff=18 normOff=18 fB0=1 fB1=0 fB4=0 meshHdrs=0x1199f7900
  model[1] name=02HI meshCnt=1 vertOff=0 normOff=0 fB0=1 fB1=0 fB4=0 meshHdrs=0x1199f7930
  model[2] name=03NE meshCnt=1 vertOff=40 normOff=40 fB0=1 fB1=0 fB4=0 meshHdrs=0x1199f7960
  model[3] name=04HE meshCnt=1 vertOff=51 normOff=51 fB0=1 fB1=0 fB4=0 meshHdrs=0x1199f7990
  model[4] name=05MO meshCnt=1 vertOff=60 normOff=60 fB0=1 fB1=0 fB4=0 meshHdrs=0x1199f79c0
  model[5] name=06RA meshCnt=1 vertOff=44 normOff=44 fB0=1 fB1=0 fB4=0 meshHdrs=0x1199f79f0
  model[6] name=07RA meshCnt=1 vertOff=54 normOff=54 fB0=1 fB1=0 fB4=0 meshHdrs=0x1199f7a20
  model[7] name=08RH meshCnt=1 vertOff=60 normOff=60 fB0=1 fB1=0 fB4=0 meshHdrs=0x1199f7a50
  model[8] name=09RN meshCnt=1 vertOff=63 normOff=63 fB0=1 fB1=0 fB4=0 meshHdrs=0x1199f7a80
  model[9] name=10LA meshCnt=1 vertOff=36 normOff=36 fB0=1 fB1=0 fB4=0 meshHdrs=0x1199f7ab0
  model[10] name=11LA meshCnt=1 vertOff=48 normOff=48 fB0=1 fB1=0 fB4=0 meshHdrs=0x1199f7ae0
  model[11] name=12LH meshCnt=1 vertOff=57 normOff=57 fB0=1 fB1=0 fB4=0 meshHdrs=0x1199f7b10
  model[12] name=13LN meshCnt=1 vertOff=63 normOff=63 fB0=1 fB1=0 fB4=0 meshHdrs=0x1199f7b40
  model[13] name=14LL meshCnt=1 vertOff=10 normOff=10 fB0=1 fB1=0 fB4=0 meshHdrs=0x1199f7b70
  model[14] name=15LL meshCnt=1 vertOff=30 normOff=30 fB0=1 fB1=0 fB4=0 meshHdrs=0x1199f7ba0
  model[15] name=16LF meshCnt=1 vertOff=48 normOff=48 fB0=1 fB1=0 fB4=0 meshHdrs=0x1199f7bd0
  model[16] name=17RL meshCnt=1 vertOff=14 normOff=14 fB0=1 fB1=0 fB4=0 meshHdrs=0x1199f7c00
  model[17] name=18RL meshCnt=1 vertOff=33 normOff=33 fB0=1 fB1=0 fB4=0 meshHdrs=0x1199f7c30
  model[18] name=19RF meshCnt=1 vertOff=48 normOff=48 fB0=1 fB1=0 fB4=0 meshHdrs=0x1199f7c60
  modelOrder: 1 13 16 0 14 17 9 2 5 15 18 10 3 6 11 4 7 12 8
[CHARA-TEX] charaId=10 matCount=1 modelCount=19
[CHARA-TEX] mat[0] name='SLT' field_C=1 E=0x5c F=0x5c clut=0x900a UV=0x0000 tex=0x0
[CHARA-TEX] prim0: f0=0x3348(UV0) f2=0x900a(clut) f4=0x4770(UV1) f6=0x005c(tpage) f8=0x2f6c(UV2) fA=0x0000(UV3)
[CHARA-TEX] texDesc: tPage=[0,28] u=0 v=0 clutXY=(160,576)
[BOOT0/TIM] PostLoadTim file=1403 'COC.TIM' ss=0x59ff img.u=0 img.v=0 tPage=0,28 clutX=176 clutY=576
[BOOT0/TIM] post ReadTIM: prect=0x10235a698 caddr=0x10235a614 paddr=0x10235a6a0 mode=8
[BOOT0/TIM] pre pixel LoadImage rect=(768,256 32x128)
[BOOT0/TIM] pre CLUT LoadImage rect=(176,576 16x4)
[BOOT0/TIM] PostLoadTim done
[POOLTEX] slot 267 <- 128x128 x4 rows (native 128x128) tex=53
  model[0] name=01HE meshCnt=1 vertOff=0 normOff=0 fB0=1 fB1=0 fB4=0 meshHdrs=0x1199f7cf0
  model[1] name=02CH meshCnt=1 vertOff=7 normOff=7 fB0=1 fB1=0 fB4=0 meshHdrs=0x1199f7d20
  model[2] name=03RH meshCnt=1 vertOff=0 normOff=0 fB0=1 fB1=0 fB4=0 meshHdrs=0x1199f7d50
  model[3] name=04RH meshCnt=1 vertOff=0 normOff=0 fB0=1 fB1=0 fB4=0 meshHdrs=0x1199f7d80
  model[4] name=05RH meshCnt=1 vertOff=0 normOff=0 fB0=1 fB1=0 fB4=0 meshHdrs=0x1199f7db0
  model[5] name=06LH meshCnt=1 vertOff=0 normOff=0 fB0=1 fB1=0 fB4=0 meshHdrs=0x1199f7de0
  model[6] name=07LH meshCnt=1 vertOff=0 normOff=0 fB0=1 fB1=0 fB4=0 meshHdrs=0x1199f7e10
  model[7] name=08LH meshCnt=1 vertOff=0 normOff=0 fB0=1 fB1=0 fB4=0 meshHdrs=0x1199f7e40
  model[8] name=09MO meshCnt=1 vertOff=0 normOff=0 fB0=1 fB1=0 fB4=0 meshHdrs=0x1199f7e70
  model[9] name=10MO meshCnt=1 vertOff=6 normOff=6 fB0=1 fB1=0 fB4=0 meshHdrs=0x1199f7ea0
  model[10] name=11MO meshCnt=1 vertOff=12 normOff=12 fB0=1 fB1=0 fB4=0 meshHdrs=0x1199f7ed0
  model[11] name=12RT meshCnt=1 vertOff=0 normOff=0 fB0=1 fB1=0 fB4=0 meshHdrs=0x1199f7f00
  model[12] name=13LT meshCnt=1 vertOff=0 normOff=0 fB0=1 fB1=0 fB4=0 meshHdrs=0x1199f7f30
  model[13] name=14LL meshCnt=1 vertOff=0 normOff=0 fB0=1 fB1=0 fB4=0 meshHdrs=0x1199f7f60
  model[14] name=15LL meshCnt=1 vertOff=0 normOff=0 fB0=1 fB1=0 fB4=0 meshHdrs=0x1199f7f90
  model[15] name=16RL meshCnt=1 vertOff=0 normOff=0 fB0=1 fB1=0 fB4=0 meshHdrs=0x1199f7fc0
  model[16] name=17RL meshCnt=1 vertOff=0 normOff=0 fB0=1 fB1=0 fB4=0 meshHdrs=0x112442e50
  model[17] name=18RL meshCnt=1 vertOff=0 normOff=0 fB0=1 fB1=0 fB4=0 meshHdrs=0x112440de0
  model[18] name=19RL meshCnt=1 vertOff=0 normOff=0 fB0=1 fB1=0 fB4=0 meshHdrs=0x112440e70
  model[19] name=20LL meshCnt=1 vertOff=0 normOff=0 fB0=1 fB1=0 fB4=0 meshHdrs=0x112441020
  model[20] name=21LL meshCnt=1 vertOff=0 normOff=0 fB0=1 fB1=0 fB4=0 meshHdrs=0x112440e40
  model[21] name=22LL meshCnt=1 vertOff=0 normOff=0 fB0=1 fB1=0 fB4=0 meshHdrs=0x112441140
  model[22] name=23LL meshCnt=1 vertOff=0 normOff=0 fB0=1 fB1=0 fB4=0 meshHdrs=0x112442490
  model[23] name=24RL meshCnt=1 vertOff=0 normOff=0 fB0=1 fB1=0 fB4=0 meshHdrs=0x1124424c0
  model[24] name=25RL meshCnt=1 vertOff=0 normOff=0 fB0=1 fB1=0 fB4=0 meshHdrs=0x112440d20
  modelOrder: 0 1 2 3 4 5 6 7 8 9 10 11 12 13 14 15 16 17 18 19 20 21 22 23 24
[CHARA-TEX] charaId=11 matCount=1 modelCount=25
[CHARA-TEX] mat[0] name='COC' field_C=1 E=0x5c F=0x5c clut=0x900b UV=0x0000 tex=0x0
[CHARA-TEX] prim0: f0=0x7758(UV0) f2=0x904b(clut) f4=0x5840(UV1) f6=0x005c(tpage) f8=0x5a5f(UV2) fA=0x0000(UV3)
[CHARA-TEX] texDesc: tPage=[0,28] u=0 v=0 clutXY=(176,576)
[BOOT0/TIM] PostLoadTim file=1427 'JACK.TIM' ss=0x5a81 img.u=0 img.v=0 tPage=0,28 clutX=192 clutY=576
[BOOT0/TIM] post ReadTIM: prect=0x10235a678 caddr=0x10235a614 paddr=0x10235a680 mode=8
[BOOT0/TIM] pre pixel LoadImage rect=(768,256 32x128)
[BOOT0/TIM] pre CLUT LoadImage rect=(192,576 16x3)
[BOOT0/TIM] PostLoadTim done
[POOLTEX] slot 268 <- 128x128 x3 rows (native 128x128) tex=57
  model[0] name=01CH meshCnt=1 vertOff=26 normOff=25 fB0=1 fB1=0 fB4=0 meshHdrs=0x112440f30
  model[1] name=02HI meshCnt=1 vertOff=0 normOff=0 fB0=1 fB1=0 fB4=0 meshHdrs=0x112441080
  model[2] name=03HE meshCnt=1 vertOff=48 normOff=47 fB0=1 fB1=0 fB4=0 meshHdrs=0x112441170
  model[3] name=04LA meshCnt=1 vertOff=48 normOff=47 fB0=1 fB1=0 fB4=0 meshHdrs=0x1124416b0
  model[4] name=05LA meshCnt=1 vertOff=56 normOff=55 fB0=1 fB1=0 fB4=0 meshHdrs=0x112440fc0
  model[5] name=06LH meshCnt=1 vertOff=64 normOff=63 fB0=1 fB1=0 fB4=0 meshHdrs=0x112441050
  model[6] name=07RA meshCnt=1 vertOff=52 normOff=51 fB0=1 fB1=0 fB4=0 meshHdrs=0x112441680
  model[7] name=08RA meshCnt=1 vertOff=60 normOff=59 fB0=1 fB1=0 fB4=0 meshHdrs=0x1124416e0
  model[8] name=09RH meshCnt=1 vertOff=64 normOff=63 fB0=1 fB1=0 fB4=0 meshHdrs=0x112440cf0
  model[9] name=10LL meshCnt=1 vertOff=22 normOff=21 fB0=1 fB1=0 fB4=0 meshHdrs=0x112440c60
  model[10] name=11LL meshCnt=1 vertOff=44 normOff=43 fB0=1 fB1=0 fB4=0 meshHdrs=0x112440c30
  model[11] name=12LF meshCnt=1 vertOff=56 normOff=55 fB0=1 fB1=0 fB4=0 meshHdrs=0x1199f64f0
  model[12] name=13RL meshCnt=1 vertOff=18 normOff=17 fB0=1 fB1=0 fB4=0 meshHdrs=0x1199f64c0
  model[13] name=14RL meshCnt=1 vertOff=40 normOff=39 fB0=1 fB1=0 fB4=0 meshHdrs=0x112570f30
  model[14] name=15RF meshCnt=1 vertOff=56 normOff=55 fB0=1 fB1=0 fB4=0 meshHdrs=0x112570e40
  modelOrder: 1 12 9 0 13 10 2 3 6 14 11 4 7 5 8
[CHARA-TEX] charaId=12 matCount=1 modelCount=15
[CHARA-TEX] mat[0] name='JACK' field_C=1 E=0x5c F=0x5c clut=0x900c UV=0x0000 tex=0x0
[CHARA-TEX] prim0: f0=0x0758(UV0) f2=0x900c(clut) f4=0x2c5f(UV1) f6=0x005c(tpage) f8=0x0f48(UV2) fA=0x0000(UV3)
[CHARA-TEX] texDesc: tPage=[0,28] u=0 v=0 clutXY=(192,576)
[BOOT0/TIM] PostLoadTim file=1393 'CKN.TIM' ss=0x59d8 img.u=0 img.v=0 tPage=0,28 clutX=208 clutY=576
[BOOT0/TIM] post ReadTIM: prect=0x10235a6b8 caddr=0x10235a614 paddr=0x10235a6c0 mode=8
[BOOT0/TIM] pre pixel LoadImage rect=(768,256 32x128)
[BOOT0/TIM] pre CLUT LoadImage rect=(208,576 16x5)
[BOOT0/TIM] PostLoadTim done
[POOLTEX] slot 269 <- 128x128 x5 rows (native 128x128) tex=60
  model[0] name=01ST meshCnt=1 vertOff=66 normOff=68 fB0=0 fB1=0 fB4=0 meshHdrs=0x112571e30
  model[1] name=02CH meshCnt=1 vertOff=34 normOff=36 fB0=0 fB1=0 fB4=0 meshHdrs=0x112572250
  model[2] name=03NE meshCnt=1 vertOff=13 normOff=13 fB0=0 fB1=0 fB4=0 meshHdrs=0x1125721f0
  model[3] name=03NE meshCnt=1 vertOff=22 normOff=24 fB0=0 fB1=0 fB4=0 meshHdrs=0x112573930
  model[4] name=04NE meshCnt=1 vertOff=9 normOff=9 fB0=0 fB1=0 fB4=0 meshHdrs=0x1125722e0
  model[5] name=05HE meshCnt=1 vertOff=0 normOff=0 fB0=0 fB1=0 fB4=0 meshHdrs=0x1199f4720
  model[6] name=06LI meshCnt=1 vertOff=9 normOff=9 fB0=0 fB1=0 fB4=0 meshHdrs=0x112440ba0
  model[7] name=07RW meshCnt=1 vertOff=62 normOff=64 fB0=0 fB1=0 fB4=0 meshHdrs=0x112440cc0
  model[8] name=08RW meshCnt=1 vertOff=66 normOff=68 fB0=0 fB1=0 fB4=0 meshHdrs=0x11256f630
  model[9] name=09LW meshCnt=1 vertOff=58 normOff=60 fB0=0 fB1=0 fB4=0 meshHdrs=0x11256fcc0
  model[10] name=10LW meshCnt=1 vertOff=66 normOff=68 fB0=0 fB1=0 fB4=0 meshHdrs=0x11256fd80
  model[11] name=11HI meshCnt=1 vertOff=6 normOff=6 fB0=0 fB1=0 fB4=0 meshHdrs=0x11256fd50
  model[12] name=12LL meshCnt=1 vertOff=31 normOff=33 fB0=0 fB1=0 fB4=0 meshHdrs=0x11256fdb0
  model[13] name=13LL meshCnt=1 vertOff=54 normOff=56 fB0=0 fB1=0 fB4=0 meshHdrs=0x11256fde0
  model[14] name=14LF meshCnt=1 vertOff=66 normOff=68 fB0=0 fB1=0 fB4=0 meshHdrs=0x11256fc90
  model[15] name=15LF meshCnt=1 vertOff=3 normOff=3 fB0=0 fB1=0 fB4=0 meshHdrs=0x11256fd20
  model[16] name=16RL meshCnt=1 vertOff=28 normOff=30 fB0=0 fB1=0 fB4=0 meshHdrs=0x11256fcf0
  model[17] name=17RL meshCnt=1 vertOff=50 normOff=52 fB0=0 fB1=0 fB4=0 meshHdrs=0x11256fc60
  model[18] name=18RF meshCnt=1 vertOff=66 normOff=68 fB0=0 fB1=0 fB4=0 meshHdrs=0x11256fa80
  model[19] name=19RF meshCnt=1 vertOff=0 normOff=0 fB0=0 fB1=0 fB4=0 meshHdrs=0x11256fbd0
  modelOrder: 5 6 4 2 19 15 11 3 16 12 1 17 13 9 7 0 18 14 10 8
[CHARA-TEX] charaId=13 matCount=1 modelCount=20
[CHARA-TEX] mat[0] name='CKN' field_C=1 E=0x5c F=0x5c clut=0x900d UV=0x0000 tex=0x0
[CHARA-TEX] prim0: f0=0x746f(UV0) f2=0x908d(clut) f4=0x7b69(UV1) f6=0x005c(tpage) f8=0x726d(UV2) fA=0x726d(UV3)
[CHARA-TEX] texDesc: tPage=[0,28] u=0 v=0 clutXY=(208,576)
[BOOT0/TIM] PostLoadTim file=1419 'FAT.TIM' ss=0x5a56 img.u=0 img.v=0 tPage=0,28 clutX=224 clutY=576
[BOOT0/TIM] post ReadTIM: prect=0x10235a698 caddr=0x10235a614 paddr=0x10235a6a0 mode=8
[BOOT0/TIM] pre pixel LoadImage rect=(768,256 32x128)
[BOOT0/TIM] pre CLUT LoadImage rect=(224,576 16x4)
[BOOT0/TIM] PostLoadTim done
[POOLTEX] slot 270 <- 128x128 x4 rows (native 128x128) tex=65
  model[0] name=01HI meshCnt=1 vertOff=0 normOff=0 fB0=1 fB1=0 fB4=0 meshHdrs=0x1126d1b30
  model[1] name=02CH meshCnt=1 vertOff=0 normOff=0 fB0=1 fB1=0 fB4=0 meshHdrs=0x1126d1b00
  model[2] name=02CH meshCnt=1 vertOff=18 normOff=18 fB0=1 fB1=0 fB4=0 meshHdrs=0x1126d3b70
  model[3] name=03RL meshCnt=1 vertOff=18 normOff=18 fB0=1 fB1=0 fB4=0 meshHdrs=0x1126d0180
  model[4] name=04RL meshCnt=1 vertOff=28 normOff=28 fB0=1 fB1=0 fB4=0 meshHdrs=0x1126d0150
  model[5] name=05RF meshCnt=1 vertOff=36 normOff=36 fB0=1 fB1=0 fB4=0 meshHdrs=0x1126d1320
  model[6] name=06RF meshCnt=1 vertOff=44 normOff=44 fB0=1 fB1=0 fB4=0 meshHdrs=0x112570fc0
  model[7] name=07LL meshCnt=1 vertOff=23 normOff=23 fB0=1 fB1=0 fB4=0 meshHdrs=0x11256f690
  model[8] name=08LL meshCnt=1 vertOff=32 normOff=32 fB0=1 fB1=0 fB4=0 meshHdrs=0x119b90000
  model[9] name=09LF meshCnt=1 vertOff=40 normOff=40 fB0=1 fB1=0 fB4=0 meshHdrs=0x119b90030
  model[10] name=10LF meshCnt=1 vertOff=44 normOff=44 fB0=1 fB1=0 fB4=0 meshHdrs=0x119b90060
  model[11] name=11LA meshCnt=1 vertOff=14 normOff=14 fB0=1 fB1=0 fB4=0 meshHdrs=0x119b90090
  model[12] name=12LA meshCnt=1 vertOff=22 normOff=22 fB0=1 fB1=0 fB4=0 meshHdrs=0x119b900c0
  model[13] name=13LN meshCnt=1 vertOff=26 normOff=26 fB0=1 fB1=0 fB4=0 meshHdrs=0x119b900f0
  model[14] name=14RA meshCnt=1 vertOff=10 normOff=10 fB0=1 fB1=0 fB4=0 meshHdrs=0x119b90120
  model[15] name=15RA meshCnt=1 vertOff=18 normOff=18 fB0=1 fB1=0 fB4=0 meshHdrs=0x119b90150
  model[16] name=16RN meshCnt=1 vertOff=26 normOff=26 fB0=1 fB1=0 fB4=0 meshHdrs=0x119b90180
  model[17] name=02CH meshCnt=1 vertOff=0 normOff=0 fB0=1 fB1=0 fB4=0 meshHdrs=0x119b901b0
  model[18] name=17RH meshCnt=1 vertOff=12 normOff=11 fB0=1 fB1=0 fB4=0 meshHdrs=0x119b901e0
  model[19] name=18RH meshCnt=1 vertOff=26 normOff=25 fB0=1 fB1=0 fB4=0 meshHdrs=0x119b90210
  model[20] name=19RH meshCnt=1 vertOff=40 normOff=39 fB0=1 fB1=0 fB4=0 meshHdrs=0x119b90240
  model[21] name=20RH meshCnt=1 vertOff=48 normOff=47 fB0=1 fB1=0 fB4=0 meshHdrs=0x119b90270
  model[22] name=21LH meshCnt=1 vertOff=19 normOff=18 fB0=1 fB1=0 fB4=0 meshHdrs=0x119b902a0
  model[23] name=22LH meshCnt=1 vertOff=33 normOff=32 fB0=1 fB1=0 fB4=0 meshHdrs=0x119b902d0
  model[24] name=23LH meshCnt=1 vertOff=44 normOff=43 fB0=1 fB1=0 fB4=0 meshHdrs=0x119b90300
  model[25] name=24LH meshCnt=1 vertOff=48 normOff=47 fB0=1 fB1=0 fB4=0 meshHdrs=0x119b90330
  model[26] name=02CH meshCnt=1 vertOff=0 normOff=0 fB0=1 fB1=0 fB4=0 meshHdrs=0x119b90360
  model[27] name=17RH meshCnt=1 vertOff=12 normOff=11 fB0=1 fB1=0 fB4=0 meshHdrs=0x119b90390
  model[28] name=18RH meshCnt=1 vertOff=26 normOff=25 fB0=1 fB1=0 fB4=0 meshHdrs=0x119b903c0
  model[29] name=19RH meshCnt=1 vertOff=40 normOff=39 fB0=1 fB1=0 fB4=0 meshHdrs=0x119b903f0
  model[30] name=20RH meshCnt=1 vertOff=48 normOff=47 fB0=1 fB1=0 fB4=0 meshHdrs=0x119b90420
  model[31] name=21LH meshCnt=1 vertOff=19 normOff=18 fB0=1 fB1=0 fB4=0 meshHdrs=0x119b90450
  model[32] name=22LH meshCnt=1 vertOff=33 normOff=32 fB0=1 fB1=0 fB4=0 meshHdrs=0x119b90480
  model[33] name=23LH meshCnt=1 vertOff=44 normOff=43 fB0=1 fB1=0 fB4=0 meshHdrs=0x119b904b0
  model[34] name=24LH meshCnt=1 vertOff=48 normOff=47 fB0=1 fB1=0 fB4=0 meshHdrs=0x119b904e0
  modelOrder: 0 2 3 7 4 8 5 9 6 10 1 14 11 15 12 16 13 17 18 22 19 23 20 24 21 25 26 27 31 28 32 29 33 30 34
[CHARA-TEX] charaId=14 matCount=1 modelCount=35
[CHARA-TEX] mat[0] name='FAT' field_C=1 E=0x5c F=0x5c clut=0x900e UV=0x0000 tex=0x0
[CHARA-TEX] prim0: f0=0x6370(UV0) f2=0x904e(clut) f4=0x7670(UV1) f6=0x005c(tpage) f8=0x787b(UV2) fA=0x0000(UV3)
[CHARA-TEX] texDesc: tPage=[0,28] u=0 v=0 clutXY=(224,576)
[BOOT0/TIM] PostLoadTim file=1439 'MOTH.TIM' ss=0x5aca img.u=0 img.v=0 tPage=0,28 clutX=240 clutY=576
[BOOT0/TIM] post ReadTIM: prect=0x10235a6f8 caddr=0x10235a614 paddr=0x10235a700 mode=8
[BOOT0/TIM] pre pixel LoadImage rect=(768,256 64x256)
[BOOT0/TIM] pre CLUT LoadImage rect=(240,576 16x7)
[BOOT0/TIM] PostLoadTim done
[POOLTEX] slot 271 <- 256x256 x7 rows (native 256x256) tex=69
  model[0] name=01HI meshCnt=1 vertOff=6 normOff=6 fB0=1 fB1=0 fB4=0 meshHdrs=0x119b906c0
  model[1] name=02HI meshCnt=1 vertOff=12 normOff=12 fB0=1 fB1=0 fB4=0 meshHdrs=0x119b906f0
  model[2] name=03HI meshCnt=1 vertOff=18 normOff=18 fB0=1 fB1=0 fB4=0 meshHdrs=0x119b90720
  model[3] name=04HI meshCnt=1 vertOff=24 normOff=24 fB0=1 fB1=0 fB4=0 meshHdrs=0x119b90750
  model[4] name=05TA meshCnt=1 vertOff=28 normOff=28 fB0=1 fB1=0 fB4=0 meshHdrs=0x119b90780
  model[5] name=06CH meshCnt=1 vertOff=35 normOff=34 fB0=1 fB1=0 fB4=0 meshHdrs=0x119b907b0
  model[6] name=06CH meshCnt=1 vertOff=0 normOff=0 fB0=1 fB1=0 fB4=0 meshHdrs=0x119b907e0
  model[7] name=07HE meshCnt=1 vertOff=25 normOff=24 fB0=1 fB1=0 fB4=0 meshHdrs=0x119b90810
  model[8] name=08MO meshCnt=1 vertOff=0 normOff=0 fB0=1 fB1=0 fB4=0 meshHdrs=0x119b90840
  model[9] name=09MO meshCnt=1 vertOff=3 normOff=3 fB0=1 fB1=0 fB4=0 meshHdrs=0x119b90870
  model[10] name=10LA meshCnt=1 vertOff=0 normOff=0 fB0=1 fB1=0 fB4=0 meshHdrs=0x119b908a0
  model[11] name=11LA meshCnt=1 vertOff=6 normOff=6 fB0=1 fB1=0 fB4=0 meshHdrs=0x119b908d0
  model[12] name=12RA meshCnt=1 vertOff=0 normOff=0 fB0=1 fB1=0 fB4=0 meshHdrs=0x119b90900
  model[13] name=13RA meshCnt=1 vertOff=6 normOff=6 fB0=1 fB1=0 fB4=0 meshHdrs=0x119b90930
  model[14] name=14RH meshCnt=1 vertOff=21 normOff=20 fB0=1 fB1=0 fB4=0 meshHdrs=0x119b90960
  model[15] name=14RH meshCnt=1 vertOff=0 normOff=0 fB0=1 fB1=0 fB4=0 meshHdrs=0x119b90990
  model[16] name=15RH meshCnt=1 vertOff=4 normOff=4 fB0=1 fB1=0 fB4=0 meshHdrs=0x119b909c0
  model[17] name=16RH meshCnt=1 vertOff=7 normOff=7 fB0=1 fB1=0 fB4=0 meshHdrs=0x119b909f0
  model[18] name=17LH meshCnt=1 vertOff=0 normOff=0 fB0=1 fB1=0 fB4=0 meshHdrs=0x119b90a20
  model[19] name=17LH meshCnt=1 vertOff=31 normOff=30 fB0=1 fB1=0 fB4=0 meshHdrs=0x119b90a50
  model[20] name=18LH meshCnt=1 vertOff=49 normOff=48 fB0=1 fB1=0 fB4=0 meshHdrs=0x119b90a80
  model[21] name=19LH meshCnt=1 vertOff=68 normOff=67 fB0=1 fB1=0 fB4=0 meshHdrs=0x119b90ab0
  model[22] name=20RH meshCnt=1 vertOff=17 normOff=16 fB0=1 fB1=0 fB4=0 meshHdrs=0x119b90ae0
  model[23] name=20RH meshCnt=1 vertOff=0 normOff=0 fB0=1 fB1=0 fB4=0 meshHdrs=0x119b90b10
  model[24] name=21RH meshCnt=1 vertOff=4 normOff=4 fB0=1 fB1=0 fB4=0 meshHdrs=0x119b90b40
  model[25] name=22RH meshCnt=1 vertOff=7 normOff=7 fB0=1 fB1=0 fB4=0 meshHdrs=0x119b90b70
  model[26] name=23LH meshCnt=1 vertOff=13 normOff=12 fB0=1 fB1=0 fB4=0 meshHdrs=0x119b90ba0
  model[27] name=23LH meshCnt=1 vertOff=0 normOff=0 fB0=1 fB1=0 fB4=0 meshHdrs=0x119b90bd0
  model[28] name=24LH meshCnt=1 vertOff=4 normOff=4 fB0=1 fB1=0 fB4=0 meshHdrs=0x119b90c00
  model[29] name=25LH meshCnt=1 vertOff=7 normOff=7 fB0=1 fB1=0 fB4=0 meshHdrs=0x119b90c30
  model[30] name=26LH meshCnt=1 vertOff=9 normOff=8 fB0=1 fB1=0 fB4=0 meshHdrs=0x119b90c60
  model[31] name=26LH meshCnt=1 vertOff=0 normOff=0 fB0=1 fB1=0 fB4=0 meshHdrs=0x119b90c90
  model[32] name=27LH meshCnt=1 vertOff=4 normOff=4 fB0=1 fB1=0 fB4=0 meshHdrs=0x119b90cc0
  model[33] name=28LH meshCnt=1 vertOff=7 normOff=7 fB0=1 fB1=0 fB4=0 meshHdrs=0x119b90cf0
  model[34] name=29RH meshCnt=1 vertOff=5 normOff=4 fB0=1 fB1=0 fB4=0 meshHdrs=0x119b90d20
  model[35] name=29RH meshCnt=1 vertOff=0 normOff=0 fB0=1 fB1=0 fB4=0 meshHdrs=0x119b90d50
  model[36] name=30RH meshCnt=1 vertOff=4 normOff=4 fB0=1 fB1=0 fB4=0 meshHdrs=0x119b90d80
  model[37] name=31RH meshCnt=1 vertOff=7 normOff=7 fB0=1 fB1=0 fB4=0 meshHdrs=0x119b90db0
  model[38] name=32LW meshCnt=1 vertOff=64 normOff=63 fB0=1 fB1=0 fB4=0 meshHdrs=0x119b90de0
  model[39] name=33LW meshCnt=1 vertOff=80 normOff=79 fB0=1 fB1=0 fB4=0 meshHdrs=0x119b90e10
  model[40] name=34LW meshCnt=1 vertOff=84 normOff=83 fB0=1 fB1=0 fB4=0 meshHdrs=0x119b90e40
  model[41] name=35LW meshCnt=1 vertOff=60 normOff=59 fB0=1 fB1=0 fB4=0 meshHdrs=0x119b90e70
  model[42] name=36LW meshCnt=1 vertOff=76 normOff=75 fB0=1 fB1=0 fB4=0 meshHdrs=0x119b90ea0
  model[43] name=37LW meshCnt=1 vertOff=84 normOff=83 fB0=1 fB1=0 fB4=0 meshHdrs=0x119b90ed0
  model[44] name=38RW meshCnt=1 vertOff=56 normOff=55 fB0=1 fB1=0 fB4=0 meshHdrs=0x119b90f00
  model[45] name=39RW meshCnt=1 vertOff=72 normOff=71 fB0=1 fB1=0 fB4=0 meshHdrs=0x119b90f30
  model[46] name=40RW meshCnt=1 vertOff=84 normOff=83 fB0=1 fB1=0 fB4=0 meshHdrs=0x119b90f60
  model[47] name=41RW meshCnt=1 vertOff=52 normOff=51 fB0=1 fB1=0 fB4=0 meshHdrs=0x119b90f90
  model[48] name=42RW meshCnt=1 vertOff=68 normOff=67 fB0=1 fB1=0 fB4=0 meshHdrs=0x119b90fc0
  model[49] name=43RW meshCnt=1 vertOff=84 normOff=83 fB0=1 fB1=0 fB4=0 meshHdrs=0x119b90ff0
  modelOrder: 8 9 10 11 12 13 35 36 37 31 32 33 27 28 29 23 24 25 15 16 17 18 34 30 26 22 14 7 19 5 20 47 44 41 38 21 48 45 42 39 49 46 43 40 6 0 1 2 3 4
[CHARA-TEX] charaId=15 matCount=1 modelCount=50
[CHARA-TEX] mat[0] name='MOTH' field_C=1 E=0x3c F=0x3c clut=0x900f UV=0x0000 tex=0x0
[CHARA-TEX] prim0: f0=0x943f(UV0) f2=0x900f(clut) f4=0x982c(UV1) f6=0x003c(tpage) f8=0xa03f(UV2) fA=0x0000(UV3)
[CHARA-TEX] texDesc: tPage=[0,28] u=0 v=0 clutXY=(240,576)
[BOOT0/TIM] PostLoadTim file=1446 'PRS.TIM' ss=0x5b02 img.u=0 img.v=0 tPage=0,28 clutX=256 clutY=576
[BOOT0/TIM] post ReadTIM: prect=0x10235ac18 caddr=0x10235a614 paddr=0x10235ac20 mode=8
[BOOT0/TIM] pre pixel LoadImage rect=(768,256 64x256)
[BOOT0/TIM] pre CLUT LoadImage rect=(256,576 16x48)
[BOOT0/TIM] PostLoadTim done
[POOLTEX] slot 272 <- 256x256 x48 rows (native 256x256) tex=76
  model[0] name=01CH meshCnt=1 vertOff=14 normOff=14 fB0=1 fB1=0 fB4=0 meshHdrs=0x119b91920
  model[1] name=01CH meshCnt=1 vertOff=32 normOff=32 fB0=1 fB1=0 fB4=0 meshHdrs=0x119b91950
  model[2] name=02HE meshCnt=1 vertOff=0 normOff=0 fB0=1 fB1=0 fB4=0 meshHdrs=0x119b91980
  model[3] name=02HE meshCnt=1 vertOff=0 normOff=0 fB0=1 fB1=0 fB4=0 meshHdrs=0x119b919b0
  model[4] name=02HE meshCnt=1 vertOff=0 normOff=0 fB0=1 fB1=0 fB4=0 meshHdrs=0x119b919e0
  model[5] name=02NE meshCnt=1 vertOff=48 normOff=48 fB0=1 fB1=0 fB4=0 meshHdrs=0x119b91a10
  model[6] name=02NE meshCnt=1 vertOff=48 normOff=48 fB0=1 fB1=0 fB4=0 meshHdrs=0x119b91a40
  model[7] name=02NE meshCnt=1 vertOff=48 normOff=48 fB0=1 fB1=0 fB4=0 meshHdrs=0x119b91a70
  model[8] name=03LS meshCnt=1 vertOff=28 normOff=28 fB0=1 fB1=0 fB4=0 meshHdrs=0x119b91aa0
  model[9] name=04LJ meshCnt=1 vertOff=8 normOff=8 fB0=1 fB1=0 fB4=0 meshHdrs=0x119b91ad0
  model[10] name=05LZ meshCnt=1 vertOff=24 normOff=24 fB0=1 fB1=0 fB4=0 meshHdrs=0x119b91b00
  model[11] name=06LH meshCnt=1 vertOff=32 normOff=32 fB0=1 fB1=0 fB4=0 meshHdrs=0x119b91b30
  model[12] name=07RS meshCnt=1 vertOff=20 normOff=20 fB0=1 fB1=0 fB4=0 meshHdrs=0x119b91b60
  model[13] name=08RJ meshCnt=1 vertOff=0 normOff=0 fB0=1 fB1=0 fB4=0 meshHdrs=0x119b91b90
  model[14] name=09RZ meshCnt=1 vertOff=16 normOff=16 fB0=1 fB1=0 fB4=0 meshHdrs=0x119b91bc0
  model[15] name=10RH meshCnt=1 vertOff=32 normOff=32 fB0=1 fB1=0 fB4=0 meshHdrs=0x119b91bf0
  model[16] name=10RH meshCnt=1 vertOff=32 normOff=32 fB0=1 fB1=0 fB4=0 meshHdrs=0x119b91c20
  model[17] name=11HI meshCnt=1 vertOff=0 normOff=0 fB0=1 fB1=0 fB4=0 meshHdrs=0x119b91c50
  model[18] name=12LM meshCnt=1 vertOff=14 normOff=14 fB0=1 fB1=0 fB4=0 meshHdrs=0x119b91c80
  model[19] name=13LS meshCnt=1 vertOff=26 normOff=26 fB0=1 fB1=0 fB4=0 meshHdrs=0x119b91cb0
  model[20] name=14LF meshCnt=1 vertOff=34 normOff=34 fB0=1 fB1=0 fB4=0 meshHdrs=0x119b91ce0
  model[21] name=15RM meshCnt=1 vertOff=22 normOff=22 fB0=1 fB1=0 fB4=0 meshHdrs=0x119b91d10
  model[22] name=16RS meshCnt=1 vertOff=30 normOff=30 fB0=1 fB1=0 fB4=0 meshHdrs=0x119b91d40
  model[23] name=17RF meshCnt=1 vertOff=34 normOff=34 fB0=1 fB1=0 fB4=0 meshHdrs=0x119b91d70
  model[24] name=18BO meshCnt=1 vertOff=47 normOff=47 fB0=1 fB1=0 fB4=0 meshHdrs=0x119b91da0
  model[25] name=19BO meshCnt=1 vertOff=48 normOff=48 fB0=1 fB1=0 fB4=0 meshHdrs=0x119b91dd0
  model[26] name=19BO meshCnt=1 vertOff=53 normOff=53 fB0=1 fB1=0 fB4=0 meshHdrs=0x119b91e00
  model[27] name=20BO meshCnt=1 vertOff=58 normOff=58 fB0=1 fB1=0 fB4=0 meshHdrs=0x119b91e30
  model[28] name=21HE meshCnt=1 vertOff=66 normOff=66 fB0=1 fB1=0 fB4=0 meshHdrs=0x119b91e60
  modelOrder: 17 0 18 21 19 22 20 23 3 4 2 13 9 14 12 10 8 16 15 11 1 24 5 6 7 25 26 27 28
[CHARA-TEX] charaId=16 matCount=1 modelCount=29
[CHARA-TEX] mat[0] name='PRS' field_C=1 E=0x5c F=0x5c clut=0x9010 UV=0x0000 tex=0x0
[CHARA-TEX] prim0: f0=0x223c(UV0) f2=0x9010(clut) f4=0x2230(UV1) f6=0x005c(tpage) f8=0x203a(UV2) fA=0x2030(UV3)
[CHARA-TEX] texDesc: tPage=[0,28] u=0 v=0 clutXY=(256,576)
[BOOT0/TIM] PostLoadTim file=1446 'PRS.TIM' ss=0x5b02 img.u=0 img.v=0 tPage=0,28 clutX=272 clutY=576
[BOOT0/TIM] post ReadTIM: prect=0x10235ac18 caddr=0x10235a614 paddr=0x10235ac20 mode=8
[BOOT0/TIM] pre pixel LoadImage rect=(768,256 64x256)
[BOOT0/TIM] pre CLUT LoadImage rect=(272,576 16x48)
[BOOT0/TIM] PostLoadTim done
[POOLTEX] slot 273 <- 256x256 x48 rows (native 256x256) tex=124
  model[0] name=01CH meshCnt=1 vertOff=64 normOff=64 fB0=1 fB1=0 fB4=0 meshHdrs=0x119b927c0
  model[1] name=02HE meshCnt=1 vertOff=0 normOff=0 fB0=1 fB1=0 fB4=0 meshHdrs=0x119b927f0
  model[2] name=02NE meshCnt=1 vertOff=77 normOff=77 fB0=1 fB1=0 fB4=0 meshHdrs=0x119b92820
  model[3] name=03LS meshCnt=1 vertOff=42 normOff=42 fB0=1 fB1=0 fB4=0 meshHdrs=0x119b92850
  model[4] name=04LJ meshCnt=1 vertOff=0 normOff=0 fB0=1 fB1=0 fB4=0 meshHdrs=0x119b92880
  model[5] name=05LZ meshCnt=1 vertOff=38 normOff=38 fB0=1 fB1=0 fB4=0 meshHdrs=0x119b928b0
  model[6] name=06LH meshCnt=1 vertOff=64 normOff=64 fB0=1 fB1=0 fB4=0 meshHdrs=0x119b928e0
  model[7] name=07RS meshCnt=1 vertOff=50 normOff=50 fB0=1 fB1=0 fB4=0 meshHdrs=0x119b92910
  model[8] name=08LJ meshCnt=1 vertOff=8 normOff=8 fB0=1 fB1=0 fB4=0 meshHdrs=0x119b92940
  model[9] name=09RZ meshCnt=1 vertOff=46 normOff=46 fB0=1 fB1=0 fB4=0 meshHdrs=0x119b92970
  model[10] name=10RH meshCnt=1 vertOff=64 normOff=64 fB0=1 fB1=0 fB4=0 meshHdrs=0x119b929a0
  model[11] name=10RK meshCnt=1 vertOff=64 normOff=64 fB0=1 fB1=0 fB4=0 meshHdrs=0x119b929d0
  model[12] name=11HI meshCnt=1 vertOff=24 normOff=24 fB0=1 fB1=0 fB4=0 meshHdrs=0x119b92a00
  model[13] name=12LM meshCnt=1 vertOff=54 normOff=54 fB0=1 fB1=0 fB4=0 meshHdrs=0x119b92a30
  model[14] name=13LS meshCnt=1 vertOff=77 normOff=77 fB0=1 fB1=0 fB4=0 meshHdrs=0x119b92a60
  model[15] name=14LF meshCnt=1 vertOff=20 normOff=20 fB0=1 fB1=0 fB4=0 meshHdrs=0x119b92a90
  model[16] name=15RM meshCnt=1 vertOff=73 normOff=73 fB0=1 fB1=0 fB4=0 meshHdrs=0x119b92ac0
  model[17] name=16RS meshCnt=1 vertOff=83 normOff=83 fB0=1 fB1=0 fB4=0 meshHdrs=0x119b92af0
  model[18] name=17RF meshCnt=1 vertOff=16 normOff=16 fB0=1 fB1=0 fB4=0 meshHdrs=0x119b92b20
  model[19] name=18BO meshCnt=1 vertOff=77 normOff=77 fB0=1 fB1=0 fB4=0 meshHdrs=0x119b92b50
  model[20] name=19BO meshCnt=1 vertOff=6 normOff=6 fB0=1 fB1=0 fB4=0 meshHdrs=0x119b92b80
  model[21] name=19BO meshCnt=1 vertOff=83 normOff=83 fB0=1 fB1=0 fB4=0 meshHdrs=0x119b92bb0
  model[22] name=20HE meshCnt=1 vertOff=0 normOff=0 fB0=1 fB1=0 fB4=0 meshHdrs=0x119b92be0
  model[23] name=21LH meshCnt=1 vertOff=17 normOff=17 fB0=1 fB1=0 fB4=0 meshHdrs=0x119b92c10
  model[24] name=22LH meshCnt=1 vertOff=20 normOff=20 fB0=1 fB1=0 fB4=0 meshHdrs=0x119b92c40
  model[25] name=23RH meshCnt=1 vertOff=14 normOff=14 fB0=1 fB1=0 fB4=0 meshHdrs=0x119b92c70
  model[26] name=24RH meshCnt=1 vertOff=20 normOff=20 fB0=1 fB1=0 fB4=0 meshHdrs=0x119b92ca0
  modelOrder: 4 8 18 15 12 5 3 9 7 13 6 10 11 0 16 14 2 19 17 21 22 20 25 23 26 24 1
[CHARA-TEX] charaId=17 matCount=1 modelCount=27
[CHARA-TEX] mat[0] name='PRS' field_C=1 E=0x5c F=0x5c clut=0x9011 UV=0x0000 tex=0x0
[CHARA-TEX] prim0: f0=0x2030(UV0) f2=0x9011(clut) f4=0x1c1c(UV1) f6=0x005c(tpage) f8=0x1c28(UV2) fA=0x0000(UV3)
[CHARA-TEX] texDesc: tPage=[0,28] u=0 v=0 clutXY=(272,576)
[BOOT0/TIM] PostLoadTim file=1448 'PRSD.TIM' ss=0x5b1b img.u=0 img.v=0 tPage=0,28 clutX=288 clutY=576
[BOOT0/TIM] post ReadTIM: prect=0x10235a7b8 caddr=0x10235a614 paddr=0x10235a7c0 mode=8
[BOOT0/TIM] pre pixel LoadImage rect=(768,256 64x256)
[BOOT0/TIM] pre CLUT LoadImage rect=(288,576 16x13)
[BOOT0/TIM] PostLoadTim done
[POOLTEX] slot 274 <- 256x256 x13 rows (native 256x256) tex=172
  model[0] name=01CH meshCnt=1 vertOff=12 normOff=12 fB0=1 fB1=0 fB4=0 meshHdrs=0x119b92f40
  model[1] name=01CH meshCnt=1 vertOff=32 normOff=32 fB0=1 fB1=0 fB4=0 meshHdrs=0x119b92f70
  model[2] name=02HE meshCnt=1 vertOff=0 normOff=0 fB0=1 fB1=0 fB4=0 meshHdrs=0x119b92fa0
  model[3] name=02HE meshCnt=1 vertOff=0 normOff=0 fB0=1 fB1=0 fB4=0 meshHdrs=0x119b92fd0
  model[4] name=02HE meshCnt=1 vertOff=0 normOff=0 fB0=1 fB1=0 fB4=0 meshHdrs=0x119b93000
  model[5] name=02NE meshCnt=1 vertOff=47 normOff=47 fB0=1 fB1=0 fB4=0 meshHdrs=0x119b93030
  model[6] name=02NE meshCnt=1 vertOff=47 normOff=47 fB0=1 fB1=0 fB4=0 meshHdrs=0x119b93060
  model[7] name=02NE meshCnt=1 vertOff=47 normOff=47 fB0=1 fB1=0 fB4=0 meshHdrs=0x119b93090
  model[8] name=03LS meshCnt=1 vertOff=28 normOff=28 fB0=1 fB1=0 fB4=0 meshHdrs=0x119b930c0
  model[9] name=04LJ meshCnt=1 vertOff=8 normOff=8 fB0=1 fB1=0 fB4=0 meshHdrs=0x119b930f0
  model[10] name=05LZ meshCnt=1 vertOff=24 normOff=24 fB0=1 fB1=0 fB4=0 meshHdrs=0x119b93120
  model[11] name=06LH meshCnt=1 vertOff=32 normOff=32 fB0=1 fB1=0 fB4=0 meshHdrs=0x119b93150
  model[12] name=07RS meshCnt=1 vertOff=20 normOff=20 fB0=1 fB1=0 fB4=0 meshHdrs=0x119b93180
  model[13] name=08RJ meshCnt=1 vertOff=0 normOff=0 fB0=1 fB1=0 fB4=0 meshHdrs=0x119b931b0
  model[14] name=09RZ meshCnt=1 vertOff=16 normOff=16 fB0=1 fB1=0 fB4=0 meshHdrs=0x119b931e0
  model[15] name=10RH meshCnt=1 vertOff=32 normOff=32 fB0=1 fB1=0 fB4=0 meshHdrs=0x119b93210
  model[16] name=10RH meshCnt=1 vertOff=32 normOff=32 fB0=1 fB1=0 fB4=0 meshHdrs=0x119b93240
  model[17] name=11HI meshCnt=1 vertOff=0 normOff=0 fB0=1 fB1=0 fB4=0 meshHdrs=0x119b93270
  model[18] name=12LM meshCnt=1 vertOff=12 normOff=12 fB0=1 fB1=0 fB4=0 meshHdrs=0x119b932a0
  model[19] name=13LS meshCnt=1 vertOff=24 normOff=24 fB0=1 fB1=0 fB4=0 meshHdrs=0x119b932d0
  model[20] name=14LF meshCnt=1 vertOff=0 normOff=0 fB0=1 fB1=0 fB4=0 meshHdrs=0x119b93300
  model[21] name=15RM meshCnt=1 vertOff=20 normOff=20 fB0=1 fB1=0 fB4=0 meshHdrs=0x119b93330
  model[22] name=16RS meshCnt=1 vertOff=24 normOff=24 fB0=1 fB1=0 fB4=0 meshHdrs=0x119b93360
  model[23] name=17RF meshCnt=1 vertOff=0 normOff=0 fB0=1 fB1=0 fB4=0 meshHdrs=0x119b93390
  model[24] name=18BO meshCnt=1 vertOff=47 normOff=47 fB0=1 fB1=0 fB4=0 meshHdrs=0x119b933c0
  model[25] name=19BO meshCnt=1 vertOff=48 normOff=48 fB0=1 fB1=0 fB4=0 meshHdrs=0x119b933f0
  model[26] name=19BO meshCnt=1 vertOff=53 normOff=53 fB0=1 fB1=0 fB4=0 meshHdrs=0x119b93420
  model[27] name=20BO meshCnt=1 vertOff=58 normOff=58 fB0=1 fB1=0 fB4=0 meshHdrs=0x119b93450
  model[28] name=21HE meshCnt=1 vertOff=66 normOff=66 fB0=1 fB1=0 fB4=0 meshHdrs=0x119b93480
  modelOrder: 4 2 3 13 9 14 12 10 8 15 16 11 1 5 7 6 24 25 26 27 28 17 0 18 21 19 22 20 23
[CHARA-TEX] charaId=18 matCount=1 modelCount=29
[CHARA-TEX] mat[0] name='PRSD' field_C=1 E=0x5c F=0x5c clut=0x9012 UV=0x0000 tex=0x0
[CHARA-TEX] prim0: f0=0x849f(UV0) f2=0x9012(clut) f4=0x8488(UV1) f6=0x005c(tpage) f8=0x749f(UV2) fA=0x7488(UV3)
[CHARA-TEX] texDesc: tPage=[0,28] u=0 v=0 clutXY=(288,576)
  model[0] name=01GR meshCnt=1 vertOff=0 normOff=0 fB0=1 fB1=0 fB4=0 meshHdrs=0x119b934b0
  modelOrder: 0
[CHARA-TEX] charaId=19 matCount=0 modelCount=1
[CHARA-TEX] prim0: f0=0x0000(UV0) f2=0x0000(clut) f4=0x0000(UV1) f6=0x7f00(tpage) f8=0x0000(UV2) fA=0x0000(UV3)
[CHARA-TEX] texDesc: tPage=[0,28] u=0 v=0 clutXY=(304,576)
[BOOT0/TIM] PostLoadTim file=1464 'WORM.TIM' ss=0x5b88 img.u=0 img.v=0 tPage=0,28 clutX=320 clutY=576
[BOOT0/TIM] post ReadTIM: prect=0x10235a6f8 caddr=0x10235a614 paddr=0x10235a700 mode=8
[BOOT0/TIM] pre pixel LoadImage rect=(768,256 32x128)
[BOOT0/TIM] pre CLUT LoadImage rect=(320,576 16x7)
[BOOT0/TIM] PostLoadTim done
[POOLTEX] slot 276 <- 128x128 x7 rows (native 128x128) tex=185
  model[0] name=01CH meshCnt=1 vertOff=35 normOff=36 fB0=1 fB1=0 fB4=0 meshHdrs=0x119b93630
  model[1] name=02HI meshCnt=1 vertOff=46 normOff=48 fB0=1 fB1=0 fB4=0 meshHdrs=0x119b93660
  model[2] name=02HI meshCnt=1 vertOff=0 normOff=0 fB0=1 fB1=0 fB4=0 meshHdrs=0x119b93690
  model[3] name=03HI meshCnt=1 vertOff=20 normOff=20 fB0=1 fB1=0 fB4=0 meshHdrs=0x119b936c0
  model[4] name=04HI meshCnt=1 vertOff=31 normOff=32 fB0=1 fB1=0 fB4=0 meshHdrs=0x119b936f0
  model[5] name=04HI meshCnt=1 vertOff=0 normOff=0 fB0=1 fB1=0 fB4=0 meshHdrs=0x119b93720
  model[6] name=05HI meshCnt=1 vertOff=20 normOff=20 fB0=1 fB1=0 fB4=0 meshHdrs=0x119b93750
  model[7] name=06HI meshCnt=1 vertOff=31 normOff=32 fB0=1 fB1=0 fB4=0 meshHdrs=0x119b93780
  model[8] name=07LT meshCnt=1 vertOff=45 normOff=47 fB0=1 fB1=0 fB4=0 meshHdrs=0x119b937b0
  model[9] name=08LT meshCnt=1 vertOff=48 normOff=50 fB0=1 fB1=0 fB4=0 meshHdrs=0x119b937e0
  model[10] name=09RT meshCnt=1 vertOff=42 normOff=44 fB0=1 fB1=0 fB4=0 meshHdrs=0x119b93810
  model[11] name=10RT meshCnt=1 vertOff=48 normOff=50 fB0=1 fB1=0 fB4=0 meshHdrs=0x119b93840
  model[12] name=11CH meshCnt=1 vertOff=16 normOff=16 fB0=1 fB1=0 fB4=0 meshHdrs=0x119b93870
  model[13] name=11CH meshCnt=1 vertOff=45 normOff=48 fB0=1 fB1=0 fB4=0 meshHdrs=0x119b938a0
  model[14] name=12CH meshCnt=1 vertOff=34 normOff=36 fB0=1 fB1=0 fB4=0 meshHdrs=0x119b938d0
  model[15] name=13CH meshCnt=1 vertOff=30 normOff=32 fB0=1 fB1=0 fB4=0 meshHdrs=0x119b93900
  model[16] name=14HE meshCnt=1 vertOff=8 normOff=8 fB0=1 fB1=0 fB4=0 meshHdrs=0x119b93930
  model[17] name=15LT meshCnt=1 vertOff=24 normOff=26 fB0=1 fB1=0 fB4=0 meshHdrs=0x119b93960
  model[18] name=16RT meshCnt=1 vertOff=24 normOff=26 fB0=1 fB1=0 fB4=0 meshHdrs=0x119b93990
  model[19] name=17RH meshCnt=1 vertOff=27 normOff=29 fB0=1 fB1=0 fB4=0 meshHdrs=0x119b939c0
  model[20] name=18RH meshCnt=1 vertOff=34 normOff=36 fB0=1 fB1=0 fB4=0 meshHdrs=0x119b939f0
  model[21] name=19LH meshCnt=1 vertOff=24 normOff=26 fB0=1 fB1=0 fB4=0 meshHdrs=0x119b93a20
  model[22] name=20LH meshCnt=1 vertOff=34 normOff=36 fB0=1 fB1=0 fB4=0 meshHdrs=0x119b93a50
  model[23] name=21LH meshCnt=1 vertOff=53 normOff=56 fB0=1 fB1=0 fB4=0 meshHdrs=0x119b93a80
  model[24] name=22LH meshCnt=1 vertOff=31 normOff=32 fB0=1 fB1=0 fB4=0 meshHdrs=0x119b93ab0
  model[25] name=23RH meshCnt=1 vertOff=53 normOff=56 fB0=1 fB1=0 fB4=0 meshHdrs=0x119b93ae0
  model[26] name=24RH meshCnt=1 vertOff=27 normOff=28 fB0=1 fB1=0 fB4=0 meshHdrs=0x119b93b10
  model[27] name=25LH meshCnt=1 vertOff=35 normOff=36 fB0=1 fB1=0 fB4=0 meshHdrs=0x119b93b40
  model[28] name=26LH meshCnt=1 vertOff=8 normOff=8 fB0=1 fB1=0 fB4=0 meshHdrs=0x119b93b70
  model[29] name=27RH meshCnt=1 vertOff=35 normOff=36 fB0=1 fB1=0 fB4=0 meshHdrs=0x119b93ba0
  model[30] name=28RH meshCnt=1 vertOff=12 normOff=12 fB0=1 fB1=0 fB4=0 meshHdrs=0x119b93bd0
  model[31] name=29RH meshCnt=1 vertOff=45 normOff=48 fB0=1 fB1=0 fB4=0 meshHdrs=0x119b93c00
  model[32] name=30RH meshCnt=1 vertOff=4 normOff=4 fB0=1 fB1=0 fB4=0 meshHdrs=0x119b93c30
  model[33] name=31LH meshCnt=1 vertOff=45 normOff=48 fB0=1 fB1=0 fB4=0 meshHdrs=0x119b93c60
  model[34] name=32LH meshCnt=1 vertOff=0 normOff=0 fB0=1 fB1=0 fB4=0 meshHdrs=0x119b93c90
  model[35] name=33LH meshCnt=1 vertOff=53 normOff=56 fB0=1 fB1=0 fB4=0 meshHdrs=0x119b93cc0
  model[36] name=34LH meshCnt=1 vertOff=4 normOff=4 fB0=1 fB1=0 fB4=0 meshHdrs=0x119b93cf0
  model[37] name=35RH meshCnt=1 vertOff=53 normOff=56 fB0=1 fB1=0 fB4=0 meshHdrs=0x119b93d20
  model[38] name=36RH meshCnt=1 vertOff=0 normOff=0 fB0=1 fB1=0 fB4=0 meshHdrs=0x119b93d50
  model[39] name=37LH meshCnt=1 vertOff=38 normOff=40 fB0=1 fB1=0 fB4=0 meshHdrs=0x119b93d80
  model[40] name=38LH meshCnt=1 vertOff=16 normOff=16 fB0=1 fB1=0 fB4=0 meshHdrs=0x119b93db0
  model[41] name=39RH meshCnt=1 vertOff=38 normOff=40 fB0=1 fB1=0 fB4=0 meshHdrs=0x119b93de0
  model[42] name=40RH meshCnt=1 vertOff=12 normOff=12 fB0=1 fB1=0 fB4=0 meshHdrs=0x119b93e10
  model[43] name=41LH meshCnt=1 vertOff=38 normOff=40 fB0=1 fB1=0 fB4=0 meshHdrs=0x119b93e40
  model[44] name=42LH meshCnt=1 vertOff=4 normOff=4 fB0=1 fB1=0 fB4=0 meshHdrs=0x119b93e70
  model[45] name=43RH meshCnt=1 vertOff=38 normOff=40 fB0=1 fB1=0 fB4=0 meshHdrs=0x119b93ea0
  model[46] name=44RH meshCnt=1 vertOff=8 normOff=8 fB0=1 fB1=0 fB4=0 meshHdrs=0x119b93ed0
  model[47] name=45LH meshCnt=1 vertOff=31 normOff=32 fB0=1 fB1=0 fB4=0 meshHdrs=0x119b93f00
  model[48] name=46LH meshCnt=1 vertOff=4 normOff=4 fB0=1 fB1=0 fB4=0 meshHdrs=0x119b93f30
  model[49] name=47RH meshCnt=1 vertOff=31 normOff=32 fB0=1 fB1=0 fB4=0 meshHdrs=0x119b93f60
  model[50] name=48RH meshCnt=1 vertOff=8 normOff=8 fB0=1 fB1=0 fB4=0 meshHdrs=0x119b93f90
  model[51] name=49LH meshCnt=1 vertOff=48 normOff=50 fB0=1 fB1=0 fB4=0 meshHdrs=0x119b93fc0
  model[52] name=50LH meshCnt=1 vertOff=16 normOff=16 fB0=1 fB1=0 fB4=0 meshHdrs=0x112570b40
  model[53] name=51RH meshCnt=1 vertOff=48 normOff=50 fB0=1 fB1=0 fB4=0 meshHdrs=0x1126d39c0
  model[54] name=52RH meshCnt=1 vertOff=12 normOff=12 fB0=1 fB1=0 fB4=0 meshHdrs=0x1126d3750
  modelOrder: 34 32 16 17 18 21 19 15 22 20 14 13 33 31 5 48 50 54 52 6 47 49 7 10 8 53 51 11 9 38 36 28 30 12 26 24 27 29 0 1 25 23 37 35 2 44 46 42 40 3 4 41 39 43 45
[CHARA-TEX] charaId=20 matCount=1 modelCount=55
[CHARA-TEX] mat[0] name='WORM' field_C=1 E=0x5c F=0x5c clut=0x9014 UV=0x0000 tex=0x0
[CHARA-TEX] prim0: f0=0x3012(UV0) f2=0x9014(clut) f4=0x371f(UV1) f6=0x005c(tpage) f8=0x370f(UV2) fA=0x0000(UV3)
[CHARA-TEX] texDesc: tPage=[0,28] u=0 v=0 clutXY=(320,576)
[BOOT0/TIM] PostLoadTim file=1451 'ROD.TIM' ss=0x5b34 img.u=0 img.v=0 tPage=0,28 clutX=336 clutY=576
[BOOT0/TIM] post ReadTIM: prect=0x10235a678 caddr=0x10235a614 paddr=0x10235a680 mode=8
[BOOT0/TIM] pre pixel LoadImage rect=(768,256 32x128)
[BOOT0/TIM] pre CLUT LoadImage rect=(336,576 16x3)
[BOOT0/TIM] PostLoadTim done
[POOLTEX] slot 277 <- 128x128 x3 rows (native 128x128) tex=192
  model[0] name=01AR meshCnt=1 vertOff=6 normOff=6 fB0=1 fB1=0 fB4=0 meshHdrs=0x1288440f0
  model[1] name=02AR meshCnt=1 vertOff=72 normOff=72 fB0=1 fB1=0 fB4=0 meshHdrs=0x128844120
  model[2] name=02AR meshCnt=1 vertOff=0 normOff=0 fB0=1 fB1=0 fB4=0 meshHdrs=0x128844150
  model[3] name=03AR meshCnt=1 vertOff=66 normOff=66 fB0=1 fB1=0 fB4=0 meshHdrs=0x128844180
  model[4] name=04AR meshCnt=1 vertOff=60 normOff=60 fB0=1 fB1=0 fB4=0 meshHdrs=0x1288441b0
  model[5] name=05AR meshCnt=1 vertOff=54 normOff=54 fB0=1 fB1=0 fB4=0 meshHdrs=0x1288441e0
  model[6] name=06AR meshCnt=1 vertOff=48 normOff=48 fB0=1 fB1=0 fB4=0 meshHdrs=0x128844210
  model[7] name=07AR meshCnt=1 vertOff=42 normOff=42 fB0=1 fB1=0 fB4=0 meshHdrs=0x128844240
  model[8] name=08AR meshCnt=1 vertOff=36 normOff=36 fB0=1 fB1=0 fB4=0 meshHdrs=0x128844270
  model[9] name=09AR meshCnt=1 vertOff=30 normOff=30 fB0=1 fB1=0 fB4=0 meshHdrs=0x1288442a0
  model[10] name=10AR meshCnt=1 vertOff=24 normOff=24 fB0=1 fB1=0 fB4=0 meshHdrs=0x1288442d0
  model[11] name=11AR meshCnt=1 vertOff=18 normOff=18 fB0=1 fB1=0 fB4=0 meshHdrs=0x128844300
  model[12] name=12AR meshCnt=1 vertOff=12 normOff=12 fB0=1 fB1=0 fB4=0 meshHdrs=0x128844330
  model[13] name=13AR meshCnt=1 vertOff=6 normOff=6 fB0=1 fB1=0 fB4=0 meshHdrs=0x128844360
  model[14] name=14AR meshCnt=1 vertOff=0 normOff=0 fB0=1 fB1=0 fB4=0 meshHdrs=0x128844390
  modelOrder: 14 13 12 11 10 9 8 7 6 5 4 3 1 2 0
[CHARA-TEX] charaId=21 matCount=1 modelCount=15
[CHARA-TEX] mat[0] name='ROD' field_C=1 E=0x5c F=0x5c clut=0x9015 UV=0x0000 tex=0x0
[CHARA-TEX] prim0: f0=0x0042(UV0) f2=0x9055(clut) f4=0x0240(UV1) f6=0x005c(tpage) f8=0x0040(UV2) fA=0x0000(UV3)
[CHARA-TEX] texDesc: tPage=[0,28] u=0 v=0 clutXY=(336,576)
[BOOT0/TIM] PostLoadTim file=1385 'BOS.TIM' ss=0x59a9 img.u=0 img.v=0 tPage=0,28 clutX=352 clutY=576
[BOOT0/TIM] post ReadTIM: prect=0x10235a6d8 caddr=0x10235a614 paddr=0x10235a6e0 mode=8
[BOOT0/TIM] pre pixel LoadImage rect=(768,256 64x256)
[BOOT0/TIM] pre CLUT LoadImage rect=(352,576 16x6)
[BOOT0/TIM] PostLoadTim done
[POOLTEX] slot 278 <- 256x256 x6 rows (native 256x256) tex=195
  model[0] name=01CH meshCnt=1 vertOff=0 normOff=0 fB0=1 fB1=0 fB4=0 meshHdrs=0x1288444e0
  model[1] name=02HI meshCnt=1 vertOff=24 normOff=24 fB0=1 fB1=0 fB4=0 meshHdrs=0x128844510
  model[2] name=02HI meshCnt=1 vertOff=0 normOff=0 fB0=1 fB1=0 fB4=0 meshHdrs=0x128844540
  model[3] name=03HE meshCnt=1 vertOff=30 normOff=30 fB0=1 fB1=0 fB4=0 meshHdrs=0x128844570
  model[4] name=03HE meshCnt=1 vertOff=0 normOff=0 fB0=1 fB1=0 fB4=0 meshHdrs=0x1288445a0
  model[5] name=04MO meshCnt=1 vertOff=50 normOff=50 fB0=1 fB1=0 fB4=0 meshHdrs=0x1288445d0
  model[6] name=05LA meshCnt=1 vertOff=38 normOff=38 fB0=1 fB1=0 fB4=0 meshHdrs=0x128844600
  model[7] name=06LA meshCnt=1 vertOff=50 normOff=50 fB0=1 fB1=0 fB4=0 meshHdrs=0x128844630
  model[8] name=07LH meshCnt=1 vertOff=56 normOff=56 fB0=1 fB1=0 fB4=0 meshHdrs=0x128844660
  model[9] name=08RA meshCnt=1 vertOff=24 normOff=24 fB0=1 fB1=0 fB4=0 meshHdrs=0x128844690
  model[10] name=09RA meshCnt=1 vertOff=44 normOff=44 fB0=1 fB1=0 fB4=0 meshHdrs=0x1288446c0
  model[11] name=10RH meshCnt=1 vertOff=56 normOff=56 fB0=1 fB1=0 fB4=0 meshHdrs=0x1288446f0
  model[12] name=11LW meshCnt=1 vertOff=0 normOff=0 fB0=1 fB1=0 fB4=0 meshHdrs=0x128844720
  model[13] name=12LW meshCnt=1 vertOff=3 normOff=3 fB0=1 fB1=0 fB4=0 meshHdrs=0x128844750
  model[14] name=13LW meshCnt=1 vertOff=6 normOff=6 fB0=1 fB1=0 fB4=0 meshHdrs=0x128844780
  model[15] name=14RW meshCnt=1 vertOff=0 normOff=0 fB0=1 fB1=0 fB4=0 meshHdrs=0x1288447b0
  model[16] name=15RW meshCnt=1 vertOff=3 normOff=3 fB0=1 fB1=0 fB4=0 meshHdrs=0x1288447e0
  model[17] name=16RW meshCnt=1 vertOff=6 normOff=6 fB0=1 fB1=0 fB4=0 meshHdrs=0x128844810
  model[18] name=17LL meshCnt=1 vertOff=11 normOff=13 fB0=1 fB1=0 fB4=0 meshHdrs=0x128844840
  model[19] name=18LL meshCnt=1 vertOff=19 normOff=25 fB0=1 fB1=0 fB4=0 meshHdrs=0x128844870
  model[20] name=19LF meshCnt=1 vertOff=22 normOff=31 fB0=1 fB1=0 fB4=0 meshHdrs=0x1288448a0
  model[21] name=20RL meshCnt=1 vertOff=6 normOff=7 fB0=1 fB1=0 fB4=0 meshHdrs=0x1288448d0
  model[22] name=21RL meshCnt=1 vertOff=16 normOff=19 fB0=1 fB1=0 fB4=0 meshHdrs=0x128844900
  model[23] name=22RF meshCnt=1 vertOff=22 normOff=31 fB0=1 fB1=0 fB4=0 meshHdrs=0x128844930
  modelOrder: 0 1 9 3 6 10 5 7 11 8 12 13 14 15 16 17 4 2 21 18 22 19 23 20
[CHARA-TEX] charaId=22 matCount=1 modelCount=24
[CHARA-TEX] mat[0] name='BOS' field_C=1 E=0x3c F=0x3c clut=0x9016 UV=0x0000 tex=0x0
[CHARA-TEX] prim0: f0=0x0057(UV0) f2=0x9056(clut) f4=0x0333(UV1) f6=0x003c(tpage) f8=0x0033(UV2) fA=0x0000(UV3)
[CHARA-TEX] texDesc: tPage=[0,28] u=0 v=0 clutXY=(352,576)
[BOOT0/TIM] PostLoadTim file=1436 'MAR.TIM' ss=0x5ab9 img.u=0 img.v=0 tPage=0,28 clutX=368 clutY=576
[BOOT0/TIM] post ReadTIM: prect=0x10235a718 caddr=0x10235a614 paddr=0x10235a720 mode=8
[BOOT0/TIM] pre pixel LoadImage rect=(768,256 64x128)
[BOOT0/TIM] pre CLUT LoadImage rect=(368,576 16x8)
[BOOT0/TIM] PostLoadTim done
[POOLTEX] slot 279 <- 256x128 x8 rows (native 256x128) tex=201
  model[0] name=01CH meshCnt=1 vertOff=16 normOff=16 fB0=1 fB1=0 fB4=0 meshHdrs=0x128844ae0
  model[1] name=01CH meshCnt=1 vertOff=64 normOff=66 fB0=1 fB1=0 fB4=0 meshHdrs=0x128844b10
  model[2] name=02HE meshCnt=1 vertOff=0 normOff=0 fB0=1 fB1=0 fB4=0 meshHdrs=0x128844b40
  model[3] name=02NE meshCnt=1 vertOff=69 normOff=71 fB0=1 fB1=0 fB4=0 meshHdrs=0x128844b70
  model[4] name=03LS meshCnt=1 vertOff=33 normOff=33 fB0=1 fB1=0 fB4=0 meshHdrs=0x128844ba0
  model[5] name=04LJ meshCnt=1 vertOff=0 normOff=0 fB0=1 fB1=0 fB4=0 meshHdrs=0x128844bd0
  model[6] name=05LZ meshCnt=1 vertOff=24 normOff=24 fB0=1 fB1=0 fB4=0 meshHdrs=0x128844c00
  model[7] name=06LH meshCnt=1 vertOff=59 normOff=60 fB0=1 fB1=0 fB4=0 meshHdrs=0x128844c30
  model[8] name=07RS meshCnt=1 vertOff=48 normOff=48 fB0=1 fB1=0 fB4=0 meshHdrs=0x128844c60
  model[9] name=08RJ meshCnt=1 vertOff=12 normOff=12 fB0=1 fB1=0 fB4=0 meshHdrs=0x128844c90
  model[10] name=09RZ meshCnt=1 vertOff=39 normOff=39 fB0=1 fB1=0 fB4=0 meshHdrs=0x128844cc0
  model[11] name=10RH meshCnt=1 vertOff=64 normOff=66 fB0=1 fB1=0 fB4=0 meshHdrs=0x128844cf0
  model[12] name=11HI meshCnt=1 vertOff=0 normOff=0 fB0=1 fB1=0 fB4=0 meshHdrs=0x128844d20
  model[13] name=12LM meshCnt=1 vertOff=16 normOff=16 fB0=1 fB1=0 fB4=0 meshHdrs=0x128844d50
  model[14] name=13LS meshCnt=1 vertOff=26 normOff=26 fB0=1 fB1=0 fB4=0 meshHdrs=0x128844d80
  model[15] name=14LF meshCnt=1 vertOff=0 normOff=0 fB0=1 fB1=0 fB4=0 meshHdrs=0x128844db0
  model[16] name=15RM meshCnt=1 vertOff=23 normOff=23 fB0=1 fB1=0 fB4=0 meshHdrs=0x128844de0
  model[17] name=16RS meshCnt=1 vertOff=30 normOff=30 fB0=1 fB1=0 fB4=0 meshHdrs=0x128844e10
  model[18] name=17RF meshCnt=1 vertOff=0 normOff=0 fB0=1 fB1=0 fB4=0 meshHdrs=0x128844e40
  model[19] name=18HA meshCnt=1 vertOff=74 normOff=76 fB0=1 fB1=0 fB4=0 meshHdrs=0x128844e70
  model[20] name=19HA meshCnt=1 vertOff=81 normOff=83 fB0=1 fB1=0 fB4=0 meshHdrs=0x128844ea0
  model[21] name=20LS meshCnt=1 vertOff=54 normOff=54 fB0=1 fB1=0 fB4=0 meshHdrs=0x128844ed0
  model[22] name=21LS meshCnt=1 vertOff=69 normOff=71 fB0=1 fB1=0 fB4=0 meshHdrs=0x128844f00
  model[23] name=22RS meshCnt=1 vertOff=59 normOff=60 fB0=1 fB1=0 fB4=0 meshHdrs=0x128844f30
  model[24] name=23RS meshCnt=1 vertOff=74 normOff=76 fB0=1 fB1=0 fB4=0 meshHdrs=0x128844f60
  modelOrder: 2 5 9 6 4 10 8 21 7 23 11 1 22 3 24 19 20 12 0 13 16 14 17 15 18
[CHARA-TEX] charaId=23 matCount=1 modelCount=25
[CHARA-TEX] mat[0] name='MAR' field_C=1 E=0x1c F=0x1c clut=0x9017 UV=0x0000 tex=0x0
[CHARA-TEX] prim0: f0=0x7ffa(UV0) f2=0x9157(clut) f4=0x7fe1(UV1) f6=0x801c(tpage) f8=0x75fa(UV2) fA=0x75e1(UV3)
[CHARA-TEX] texDesc: tPage=[0,28] u=0 v=0 clutXY=(368,576)
[BOOT0/TIM] PostLoadTim file=1441 'MSB.TIM' ss=0x5ae3 img.u=0 img.v=0 tPage=0,28 clutX=384 clutY=576
[BOOT0/TIM] post ReadTIM: prect=0x10235a778 caddr=0x10235a614 paddr=0x10235a780 mode=8
[BOOT0/TIM] pre pixel LoadImage rect=(768,256 64x128)
[BOOT0/TIM] pre CLUT LoadImage rect=(384,576 16x11)
[BOOT0/TIM] PostLoadTim done
[POOLTEX] slot 280 <- 256x128 x11 rows (native 256x128) tex=209
  model[0] name=06LH meshCnt=1 vertOff=54 normOff=54 fB0=1 fB1=0 fB4=0 meshHdrs=0x1288451a0
  model[1] name=06LG meshCnt=1 vertOff=0 normOff=0 fB0=1 fB1=0 fB4=0 meshHdrs=0x1288451d0
  model[2] name=10RH meshCnt=1 vertOff=54 normOff=54 fB0=1 fB1=0 fB4=0 meshHdrs=0x128845200
  model[3] name=10RG meshCnt=1 vertOff=54 normOff=54 fB0=1 fB1=0 fB4=0 meshHdrs=0x128845230
  model[4] name=01CH meshCnt=1 vertOff=54 normOff=54 fB0=1 fB1=0 fB4=0 meshHdrs=0x128845260
  model[5] name=02HE meshCnt=1 vertOff=0 normOff=0 fB0=1 fB1=0 fB4=0 meshHdrs=0x128845290
  model[6] name=02NE meshCnt=1 vertOff=59 normOff=59 fB0=1 fB1=0 fB4=0 meshHdrs=0x1288452c0
  model[7] name=03LS meshCnt=1 vertOff=38 normOff=38 fB0=1 fB1=0 fB4=0 meshHdrs=0x1288452f0
  model[8] name=04LJ meshCnt=1 vertOff=10 normOff=10 fB0=1 fB1=0 fB4=0 meshHdrs=0x128845320
  model[9] name=05LZ meshCnt=1 vertOff=34 normOff=34 fB0=1 fB1=0 fB4=0 meshHdrs=0x128845350
  model[10] name=07RS meshCnt=1 vertOff=48 normOff=48 fB0=1 fB1=0 fB4=0 meshHdrs=0x128845380
  model[11] name=08RJ meshCnt=1 vertOff=22 normOff=22 fB0=1 fB1=0 fB4=0 meshHdrs=0x1288453b0
  model[12] name=09RZ meshCnt=1 vertOff=44 normOff=44 fB0=1 fB1=0 fB4=0 meshHdrs=0x1288453e0
  model[13] name=11HI meshCnt=1 vertOff=0 normOff=0 fB0=1 fB1=0 fB4=0 meshHdrs=0x128845410
  model[14] name=11HI meshCnt=1 vertOff=0 normOff=0 fB0=1 fB1=0 fB4=0 meshHdrs=0x128845440
  model[15] name=11HO meshCnt=1 vertOff=0 normOff=0 fB0=1 fB1=0 fB4=0 meshHdrs=0x128845470
  model[16] name=12LM meshCnt=1 vertOff=17 normOff=17 fB0=1 fB1=0 fB4=0 meshHdrs=0x1288454a0
  model[17] name=13LS meshCnt=1 vertOff=27 normOff=27 fB0=1 fB1=0 fB4=0 meshHdrs=0x1288454d0
  model[18] name=14LF meshCnt=1 vertOff=32 normOff=32 fB0=1 fB1=0 fB4=0 meshHdrs=0x128845500
  model[19] name=15RM meshCnt=1 vertOff=12 normOff=12 fB0=1 fB1=0 fB4=0 meshHdrs=0x128845530
  model[20] name=16RS meshCnt=1 vertOff=22 normOff=22 fB0=1 fB1=0 fB4=0 meshHdrs=0x128845560
  model[21] name=17RF meshCnt=1 vertOff=32 normOff=32 fB0=1 fB1=0 fB4=0 meshHdrs=0x128845590
  modelOrder: 5 1 14 19 16 20 17 21 18 13 8 11 9 7 12 10 0 3 2 4 6 15
[CHARA-TEX] charaId=24 matCount=1 modelCount=22
[CHARA-TEX] mat[0] name='MSB' field_C=1 E=0x5c F=0x5c clut=0x9018 UV=0x0000 tex=0x0
[CHARA-TEX] prim0: f0=0x3276(UV0) f2=0x9158(clut) f4=0x3070(UV1) f6=0x005c(tpage) f8=0x3270(UV2) fA=0x0000(UV3)
[CHARA-TEX] texDesc: tPage=[0,28] u=0 v=0 clutXY=(384,576)
[BOOT0/TIM] PostLoadTim file=1407 'DEAD.TIM' ss=0x5a17 img.u=0 img.v=0 tPage=0,28 clutX=400 clutY=576
[BOOT0/TIM] post ReadTIM: prect=0x10235a658 caddr=0x10235a614 paddr=0x10235a660 mode=8
[BOOT0/TIM] pre pixel LoadImage rect=(768,256 64x128)
[BOOT0/TIM] pre CLUT LoadImage rect=(400,576 16x2)
[BOOT0/TIM] PostLoadTim done
[POOLTEX] slot 281 <- 256x128 x2 rows (native 256x128) tex=220
  model[0] name=01CH meshCnt=1 vertOff=15 normOff=15 fB0=1 fB1=0 fB4=0 meshHdrs=0x128845620
  model[1] name=02PI meshCnt=1 vertOff=6 normOff=6 fB0=1 fB1=0 fB4=0 meshHdrs=0x128845650
  model[2] name=03HE meshCnt=1 vertOff=32 normOff=32 fB0=1 fB1=0 fB4=0 meshHdrs=0x128845680
  model[3] name=04RH meshCnt=1 vertOff=32 normOff=32 fB0=1 fB1=0 fB4=0 meshHdrs=0x1288456b0
  model[4] name=05LH meshCnt=1 vertOff=32 normOff=32 fB0=1 fB1=0 fB4=0 meshHdrs=0x1288456e0
  model[5] name=06HI meshCnt=1 vertOff=0 normOff=0 fB0=1 fB1=0 fB4=0 meshHdrs=0x128845710
  modelOrder: 5 1 0 3 4 2
[CHARA-TEX] charaId=25 matCount=1 modelCount=6
[CHARA-TEX] mat[0] name='DEAD' field_C=1 E=0x5c F=0x5c clut=0x9019 UV=0x0000 tex=0x0
[CHARA-TEX] prim0: f0=0x3782(UV0) f2=0x9019(clut) f4=0x5f6c(UV1) f6=0x005c(tpage) f8=0x3c91(UV2) fA=0x0000(UV3)
[CHARA-TEX] texDesc: tPage=[0,28] u=0 v=0 clutXY=(400,576)
[BOOT0/TIM] PostLoadTim file=1453 'SIBYL.TIM' ss=0x5b41 img.u=0 img.v=0 tPage=0,28 clutX=416 clutY=576
[BOOT0/TIM] post ReadTIM: prect=0x10235a758 caddr=0x10235a614 paddr=0x10235a760 mode=8
[BOOT0/TIM] pre pixel LoadImage rect=(768,256 64x128)
[BOOT0/TIM] pre CLUT LoadImage rect=(416,576 16x10)
[BOOT0/TIM] PostLoadTim done
[POOLTEX] slot 282 <- 256x128 x10 rows (native 256x128) tex=222
  model[0] name=01CH meshCnt=1 vertOff=54 normOff=54 fB0=1 fB1=0 fB4=0 meshHdrs=0x128845920
  model[1] name=02HE meshCnt=1 vertOff=0 normOff=0 fB0=1 fB1=0 fB4=0 meshHdrs=0x128845950
  model[2] name=02NE meshCnt=1 vertOff=59 normOff=59 fB0=1 fB1=0 fB4=0 meshHdrs=0x128845980
  model[3] name=03LS meshCnt=1 vertOff=38 normOff=38 fB0=1 fB1=0 fB4=0 meshHdrs=0x1288459b0
  model[4] name=04LJ meshCnt=1 vertOff=10 normOff=10 fB0=1 fB1=0 fB4=0 meshHdrs=0x1288459e0
  model[5] name=05LZ meshCnt=1 vertOff=34 normOff=34 fB0=1 fB1=0 fB4=0 meshHdrs=0x128845a10
  model[6] name=07RS meshCnt=1 vertOff=48 normOff=48 fB0=1 fB1=0 fB4=0 meshHdrs=0x128845a40
  model[7] name=08RJ meshCnt=1 vertOff=22 normOff=22 fB0=1 fB1=0 fB4=0 meshHdrs=0x128845a70
  model[8] name=09RZ meshCnt=1 vertOff=44 normOff=44 fB0=1 fB1=0 fB4=0 meshHdrs=0x128845aa0
  model[9] name=11HI meshCnt=1 vertOff=0 normOff=0 fB0=1 fB1=0 fB4=0 meshHdrs=0x128845ad0
  model[10] name=11HI meshCnt=1 vertOff=0 normOff=0 fB0=1 fB1=0 fB4=0 meshHdrs=0x128845b00
  model[11] name=11HO meshCnt=1 vertOff=0 normOff=0 fB0=1 fB1=0 fB4=0 meshHdrs=0x128845b30
  model[12] name=12LM meshCnt=1 vertOff=17 normOff=17 fB0=1 fB1=0 fB4=0 meshHdrs=0x128845b60
  model[13] name=13LS meshCnt=1 vertOff=27 normOff=27 fB0=1 fB1=0 fB4=0 meshHdrs=0x128845b90
  model[14] name=14LF meshCnt=1 vertOff=32 normOff=32 fB0=1 fB1=0 fB4=0 meshHdrs=0x128845bc0
  model[15] name=15RM meshCnt=1 vertOff=12 normOff=12 fB0=1 fB1=0 fB4=0 meshHdrs=0x128845bf0
  model[16] name=16RS meshCnt=1 vertOff=22 normOff=22 fB0=1 fB1=0 fB4=0 meshHdrs=0x128845c20
  model[17] name=17RF meshCnt=1 vertOff=32 normOff=32 fB0=1 fB1=0 fB4=0 meshHdrs=0x128845c50
  model[18] name=06LH meshCnt=1 vertOff=54 normOff=54 fB0=1 fB1=0 fB4=0 meshHdrs=0x128845c80
  model[19] name=06LG meshCnt=1 vertOff=0 normOff=0 fB0=1 fB1=0 fB4=0 meshHdrs=0x128845cb0
  model[20] name=10RH meshCnt=1 vertOff=54 normOff=54 fB0=1 fB1=0 fB4=0 meshHdrs=0x128845ce0
  model[21] name=10RG meshCnt=1 vertOff=54 normOff=54 fB0=1 fB1=0 fB4=0 meshHdrs=0x128845d10
  modelOrder: 1 19 10 15 12 16 13 17 14 9 4 7 5 3 8 6 18 21 20 0 2 11
[CHARA-TEX] charaId=26 matCount=1 modelCount=22
[CHARA-TEX] mat[0] name='SIBYL' field_C=1 E=0x5c F=0x5c clut=0x901a UV=0x0000 tex=0x0
[CHARA-TEX] prim0: f0=0x6bb3(UV0) f2=0x909a(clut) f4=0x6bbf(UV1) f6=0x005c(tpage) f8=0x5bbf(UV2) fA=0x0000(UV3)
[CHARA-TEX] texDesc: tPage=[0,28] u=0 v=0 clutXY=(416,576)
[BOOT0/TIM] PostLoadTim file=1453 'SIBYL.TIM' ss=0x5b41 img.u=0 img.v=0 tPage=0,28 clutX=432 clutY=576
[BOOT0/TIM] post ReadTIM: prect=0x10235a758 caddr=0x10235a614 paddr=0x10235a760 mode=8
[BOOT0/TIM] pre pixel LoadImage rect=(768,256 64x128)
[BOOT0/TIM] pre CLUT LoadImage rect=(432,576 16x10)
[BOOT0/TIM] PostLoadTim done
[POOLTEX] slot 283 <- 256x128 x10 rows (native 256x128) tex=232
  model[0] name=01CH meshCnt=1 vertOff=54 normOff=54 fB0=1 fB1=0 fB4=0 meshHdrs=0x128845f20
  model[1] name=02HE meshCnt=1 vertOff=0 normOff=0 fB0=1 fB1=0 fB4=0 meshHdrs=0x128845f50
  model[2] name=02NE meshCnt=1 vertOff=59 normOff=59 fB0=1 fB1=0 fB4=0 meshHdrs=0x128845f80
  model[3] name=03LS meshCnt=1 vertOff=38 normOff=38 fB0=1 fB1=0 fB4=0 meshHdrs=0x128845fb0
  model[4] name=04LJ meshCnt=1 vertOff=10 normOff=10 fB0=1 fB1=0 fB4=0 meshHdrs=0x128845fe0
  model[5] name=05LZ meshCnt=1 vertOff=34 normOff=34 fB0=1 fB1=0 fB4=0 meshHdrs=0x128846010
  model[6] name=07RS meshCnt=1 vertOff=48 normOff=48 fB0=1 fB1=0 fB4=0 meshHdrs=0x128846040
  model[7] name=08RJ meshCnt=1 vertOff=22 normOff=22 fB0=1 fB1=0 fB4=0 meshHdrs=0x128846070
  model[8] name=09RZ meshCnt=1 vertOff=44 normOff=44 fB0=1 fB1=0 fB4=0 meshHdrs=0x1288460a0
  model[9] name=11HI meshCnt=1 vertOff=0 normOff=0 fB0=1 fB1=0 fB4=0 meshHdrs=0x1288460d0
  model[10] name=11HI meshCnt=1 vertOff=0 normOff=0 fB0=1 fB1=0 fB4=0 meshHdrs=0x128846100
  model[11] name=11HO meshCnt=1 vertOff=0 normOff=0 fB0=1 fB1=0 fB4=0 meshHdrs=0x128846130
  model[12] name=12LM meshCnt=1 vertOff=17 normOff=17 fB0=1 fB1=0 fB4=0 meshHdrs=0x128846160
  model[13] name=13LS meshCnt=1 vertOff=27 normOff=27 fB0=1 fB1=0 fB4=0 meshHdrs=0x128846190
  model[14] name=14LF meshCnt=1 vertOff=32 normOff=32 fB0=1 fB1=0 fB4=0 meshHdrs=0x1288461c0
  model[15] name=15RM meshCnt=1 vertOff=12 normOff=12 fB0=1 fB1=0 fB4=0 meshHdrs=0x1288461f0
  model[16] name=16RS meshCnt=1 vertOff=22 normOff=22 fB0=1 fB1=0 fB4=0 meshHdrs=0x128846220
  model[17] name=17RF meshCnt=1 vertOff=32 normOff=32 fB0=1 fB1=0 fB4=0 meshHdrs=0x128846250
  model[18] name=06LH meshCnt=1 vertOff=54 normOff=54 fB0=1 fB1=0 fB4=0 meshHdrs=0x128846280
  model[19] name=06LG meshCnt=1 vertOff=0 normOff=0 fB0=1 fB1=0 fB4=0 meshHdrs=0x1288462b0
  model[20] name=10RH meshCnt=1 vertOff=54 normOff=54 fB0=1 fB1=0 fB4=0 meshHdrs=0x1288462e0
  model[21] name=10RG meshCnt=1 vertOff=54 normOff=54 fB0=1 fB1=0 fB4=0 meshHdrs=0x128846310
  modelOrder: 1 19 10 15 12 16 13 17 14 9 4 7 5 3 8 6 18 21 20 0 2 11
[CHARA-TEX] charaId=27 matCount=1 modelCount=22
[CHARA-TEX] mat[0] name='SIBYL' field_C=1 E=0x5c F=0x5c clut=0x901b UV=0x0000 tex=0x0
[CHARA-TEX] prim0: f0=0x6bb3(UV0) f2=0x909b(clut) f4=0x6bbf(UV1) f6=0x005c(tpage) f8=0x5bbf(UV2) fA=0x0000(UV3)
[CHARA-TEX] texDesc: tPage=[0,28] u=0 v=0 clutXY=(432,576)
[BOOT0/TIM] PostLoadTim file=1459 'SRL.TIM' ss=0x5b60 img.u=0 img.v=0 tPage=0,28 clutX=448 clutY=576
[BOOT0/TIM] post ReadTIM: prect=0x10235a758 caddr=0x10235a614 paddr=0x10235a760 mode=8
[BOOT0/TIM] pre pixel LoadImage rect=(768,256 64x128)
[BOOT0/TIM] pre CLUT LoadImage rect=(448,576 16x10)
[BOOT0/TIM] PostLoadTim done
[POOLTEX] slot 284 <- 256x128 x10 rows (native 256x128) tex=242
  model[0] name=01CH meshCnt=1 vertOff=8 normOff=8 fB0=1 fB1=0 fB4=0 meshHdrs=0x128846520
  model[1] name=01CH meshCnt=1 vertOff=44 normOff=44 fB0=1 fB1=0 fB4=0 meshHdrs=0x128846550
  model[2] name=02HE meshCnt=1 vertOff=0 normOff=0 fB0=1 fB1=0 fB4=0 meshHdrs=0x128846580
  model[3] name=02NE meshCnt=1 vertOff=51 normOff=51 fB0=1 fB1=0 fB4=0 meshHdrs=0x1288465b0
  model[4] name=03LS meshCnt=1 vertOff=38 normOff=38 fB0=1 fB1=0 fB4=0 meshHdrs=0x1288465e0
  model[5] name=04LJ meshCnt=1 vertOff=12 normOff=12 fB0=1 fB1=0 fB4=0 meshHdrs=0x128846610
  model[6] name=05LZ meshCnt=1 vertOff=34 normOff=34 fB0=1 fB1=0 fB4=0 meshHdrs=0x128846640
  model[7] name=06LH meshCnt=1 vertOff=44 normOff=44 fB0=1 fB1=0 fB4=0 meshHdrs=0x128846670
  model[8] name=07RS meshCnt=1 vertOff=28 normOff=28 fB0=1 fB1=0 fB4=0 meshHdrs=0x1288466a0
  model[9] name=08RJ meshCnt=1 vertOff=0 normOff=0 fB0=1 fB1=0 fB4=0 meshHdrs=0x1288466d0
  model[10] name=09RZ meshCnt=1 vertOff=24 normOff=24 fB0=1 fB1=0 fB4=0 meshHdrs=0x128846700
  model[11] name=10RH meshCnt=1 vertOff=44 normOff=44 fB0=1 fB1=0 fB4=0 meshHdrs=0x128846730
  model[12] name=11HI meshCnt=1 vertOff=0 normOff=0 fB0=1 fB1=0 fB4=0 meshHdrs=0x128846760
  model[13] name=11HI meshCnt=1 vertOff=12 normOff=12 fB0=1 fB1=0 fB4=0 meshHdrs=0x128846790
  model[14] name=12LM meshCnt=1 vertOff=20 normOff=20 fB0=1 fB1=0 fB4=0 meshHdrs=0x1288467c0
  model[15] name=13LS meshCnt=1 vertOff=36 normOff=38 fB0=1 fB1=0 fB4=0 meshHdrs=0x1288467f0
  model[16] name=14LF meshCnt=1 vertOff=6 normOff=6 fB0=1 fB1=0 fB4=0 meshHdrs=0x128846820
  model[17] name=15RM meshCnt=1 vertOff=30 normOff=32 fB0=1 fB1=0 fB4=0 meshHdrs=0x128846850
  model[18] name=16RS meshCnt=1 vertOff=36 normOff=38 fB0=1 fB1=0 fB4=0 meshHdrs=0x128846880
  model[19] name=17RF meshCnt=1 vertOff=0 normOff=0 fB0=1 fB1=0 fB4=0 meshHdrs=0x1288468b0
  modelOrder: 2 9 5 10 8 6 4 11 7 1 3 19 16 13 14 17 15 18 12 0
[CHARA-TEX] charaId=28 matCount=1 modelCount=20
[CHARA-TEX] mat[0] name='SRL' field_C=1 E=0x5c F=0x5c clut=0x901c UV=0x0000 tex=0x0
[CHARA-TEX] prim0: f0=0x2bb7(UV0) f2=0x909c(clut) f4=0x2fb7(UV1) f6=0x005c(tpage) f8=0x2bab(UV2) fA=0x2fab(UV3)
[CHARA-TEX] texDesc: tPage=[0,28] u=0 v=0 clutXY=(448,576)
[BOOT0/TIM] PostLoadTim file=1391 'CAT.TIM' ss=0x59cd img.u=0 img.v=0 tPage=0,28 clutX=464 clutY=576
[BOOT0/TIM] post ReadTIM: prect=0x10235a698 caddr=0x10235a614 paddr=0x10235a6a0 mode=8
[BOOT0/TIM] pre pixel LoadImage rect=(768,256 32x128)
[BOOT0/TIM] pre CLUT LoadImage rect=(464,576 16x4)
[BOOT0/TIM] PostLoadTim done
[POOLTEX] slot 285 <- 128x128 x4 rows (native 128x128) tex=252
  model[0] name=01BO meshCnt=1 vertOff=31 normOff=30 fB0=1 fB1=0 fB4=0 meshHdrs=0x1288469d0
  model[1] name=02FR meshCnt=1 vertOff=56 normOff=56 fB0=1 fB1=0 fB4=0 meshHdrs=0x128846a00
  model[2] name=03FR meshCnt=1 vertOff=64 normOff=64 fB0=1 fB1=0 fB4=0 meshHdrs=0x128846a30
  model[3] name=04FR meshCnt=1 vertOff=72 normOff=72 fB0=1 fB1=0 fB4=0 meshHdrs=0x128846a60
  model[4] name=05FL meshCnt=1 vertOff=60 normOff=60 fB0=1 fB1=0 fB4=0 meshHdrs=0x128846a90
  model[5] name=06FL meshCnt=1 vertOff=68 normOff=68 fB0=1 fB1=0 fB4=0 meshHdrs=0x128846ac0
  model[6] name=07FL meshCnt=1 vertOff=72 normOff=72 fB0=1 fB1=0 fB4=0 meshHdrs=0x128846af0
  model[7] name=08NE meshCnt=1 vertOff=0 normOff=0 fB0=1 fB1=0 fB4=0 meshHdrs=0x128846b20
  model[8] name=08NE meshCnt=1 vertOff=56 normOff=56 fB0=1 fB1=0 fB4=0 meshHdrs=0x128846b50
  model[9] name=09HE meshCnt=1 vertOff=6 normOff=6 fB0=1 fB1=0 fB4=0 meshHdrs=0x128846b80
  model[10] name=10HI meshCnt=1 vertOff=0 normOff=0 fB0=1 fB1=0 fB4=0 meshHdrs=0x128846bb0
  model[11] name=11BR meshCnt=1 vertOff=19 normOff=18 fB0=1 fB1=0 fB4=0 meshHdrs=0x128846be0
  model[12] name=12BR meshCnt=1 vertOff=48 normOff=48 fB0=1 fB1=0 fB4=0 meshHdrs=0x128846c10
  model[13] name=13BR meshCnt=1 vertOff=64 normOff=64 fB0=1 fB1=0 fB4=0 meshHdrs=0x128846c40
  model[14] name=14BL meshCnt=1 vertOff=23 normOff=22 fB0=1 fB1=0 fB4=0 meshHdrs=0x128846c70
  model[15] name=15BL meshCnt=1 vertOff=52 normOff=52 fB0=1 fB1=0 fB4=0 meshHdrs=0x128846ca0
  model[16] name=16BL meshCnt=1 vertOff=64 normOff=64 fB0=1 fB1=0 fB4=0 meshHdrs=0x128846cd0
  model[17] name=17TA meshCnt=1 vertOff=27 normOff=26 fB0=1 fB1=0 fB4=0 meshHdrs=0x128846d00
  model[18] name=18TA meshCnt=1 vertOff=56 normOff=56 fB0=1 fB1=0 fB4=0 meshHdrs=0x128846d30
  modelOrder: 7 9 10 11 14 17 0 12 15 18 8 1 4 13 16 2 5 3 6
[CHARA-TEX] charaId=29 matCount=1 modelCount=19
[CHARA-TEX] mat[0] name='CAT' field_C=1 E=0x5c F=0x5c clut=0x901d UV=0x0000 tex=0x0
[CHARA-TEX] prim0: f0=0x500e(UV0) f2=0x905d(clut) f4=0x5c00(UV1) f6=0x005c(tpage) f8=0x4c00(UV2) fA=0x0000(UV3)
[CHARA-TEX] texDesc: tPage=[0,28] u=0 v=0 clutXY=(464,576)
[BOOT0/TIM] PostLoadTim file=1405 'DARIA.TIM' ss=0x5a0b img.u=0 img.v=0 tPage=0,28 clutX=480 clutY=576
[BOOT0/TIM] post ReadTIM: prect=0x10235a778 caddr=0x10235a614 paddr=0x10235a780 mode=8
[BOOT0/TIM] pre pixel LoadImage rect=(768,256 64x128)
[BOOT0/TIM] pre CLUT LoadImage rect=(480,576 16x11)
[BOOT0/TIM] PostLoadTim done
[POOLTEX] slot 286 <- 256x128 x11 rows (native 256x128) tex=256
  model[0] name=10RH meshCnt=1 vertOff=58 normOff=58 fB0=1 fB1=0 fB4=0 meshHdrs=0x128846f70
  model[1] name=10RH meshCnt=1 vertOff=58 normOff=58 fB0=1 fB1=0 fB4=0 meshHdrs=0x128846fa0
  model[2] name=10RK meshCnt=1 vertOff=0 normOff=0 fB0=1 fB1=0 fB4=0 meshHdrs=0x128846fd0
  model[3] name=10FL meshCnt=1 vertOff=58 normOff=58 fB0=1 fB1=0 fB4=0 meshHdrs=0x128847000
  model[4] name=01CH meshCnt=1 vertOff=12 normOff=12 fB0=1 fB1=0 fB4=0 meshHdrs=0x128847030
  model[5] name=02HE meshCnt=1 vertOff=0 normOff=0 fB0=1 fB1=0 fB4=0 meshHdrs=0x128847060
  model[6] name=02NE meshCnt=1 vertOff=42 normOff=42 fB0=1 fB1=0 fB4=0 meshHdrs=0x128847090
  model[7] name=03LS meshCnt=1 vertOff=37 normOff=37 fB0=1 fB1=0 fB4=0 meshHdrs=0x1288470c0
  model[8] name=04LJ meshCnt=1 vertOff=46 normOff=46 fB0=1 fB1=0 fB4=0 meshHdrs=0x1288470f0
  model[9] name=05LZ meshCnt=1 vertOff=54 normOff=54 fB0=1 fB1=0 fB4=0 meshHdrs=0x128847120
  model[10] name=06LH meshCnt=1 vertOff=58 normOff=58 fB0=1 fB1=0 fB4=0 meshHdrs=0x128847150
  model[11] name=07RS meshCnt=1 vertOff=32 normOff=32 fB0=1 fB1=0 fB4=0 meshHdrs=0x128847180
  model[12] name=08RJ meshCnt=1 vertOff=42 normOff=42 fB0=1 fB1=0 fB4=0 meshHdrs=0x1288471b0
  model[13] name=09RZ meshCnt=1 vertOff=50 normOff=50 fB0=1 fB1=0 fB4=0 meshHdrs=0x1288471e0
  model[14] name=11HI meshCnt=1 vertOff=0 normOff=0 fB0=1 fB1=0 fB4=0 meshHdrs=0x128847210
  model[15] name=11HI meshCnt=1 vertOff=0 normOff=0 fB0=1 fB1=0 fB4=0 meshHdrs=0x128847240
  model[16] name=12LM meshCnt=1 vertOff=30 normOff=30 fB0=1 fB1=0 fB4=0 meshHdrs=0x128847270
  model[17] name=13LS meshCnt=1 vertOff=16 normOff=16 fB0=1 fB1=0 fB4=0 meshHdrs=0x1288472a0
  model[18] name=14LF meshCnt=1 vertOff=12 normOff=12 fB0=1 fB1=0 fB4=0 meshHdrs=0x1288472d0
  model[19] name=15RM meshCnt=1 vertOff=32 normOff=32 fB0=1 fB1=0 fB4=0 meshHdrs=0x128847300
  model[20] name=16RS meshCnt=1 vertOff=27 normOff=27 fB0=1 fB1=0 fB4=0 meshHdrs=0x128847330
  model[21] name=17RF meshCnt=1 vertOff=8 normOff=8 fB0=1 fB1=0 fB4=0 meshHdrs=0x128847360
  modelOrder: 2 5 15 4 11 7 6 12 8 13 9 1 3 0 10 14 21 18 17 20 16 19
[CHARA-TEX] charaId=30 matCount=1 modelCount=22
[CHARA-TEX] mat[0] name='DARIA' field_C=1 E=0x3c F=0x3c clut=0x901e UV=0x0000 tex=0x0
[CHARA-TEX] prim0: f0=0x3066(UV0) f2=0x909e(clut) f4=0x436e(UV1) f6=0x003c(tpage) f8=0x4366(UV2) fA=0x0000(UV3)
[CHARA-TEX] texDesc: tPage=[0,28] u=0 v=0 clutXY=(480,576)
[BOOT0/TIM] PostLoadTim file=1405 'DARIA.TIM' ss=0x5a0b img.u=0 img.v=0 tPage=0,28 clutX=496 clutY=576
[BOOT0/TIM] post ReadTIM: prect=0x10235a778 caddr=0x10235a614 paddr=0x10235a780 mode=8
[BOOT0/TIM] pre pixel LoadImage rect=(768,256 64x128)
[BOOT0/TIM] pre CLUT LoadImage rect=(496,576 16x11)
[BOOT0/TIM] PostLoadTim done
[POOLTEX] slot 287 <- 256x128 x11 rows (native 256x128) tex=267
  model[0] name=10RH meshCnt=1 vertOff=58 normOff=58 fB0=1 fB1=0 fB4=0 meshHdrs=0x1288475a0
  model[1] name=10RH meshCnt=1 vertOff=58 normOff=58 fB0=1 fB1=0 fB4=0 meshHdrs=0x1288475d0
  model[2] name=10RK meshCnt=1 vertOff=0 normOff=0 fB0=1 fB1=0 fB4=0 meshHdrs=0x128847600
  model[3] name=10FL meshCnt=1 vertOff=58 normOff=58 fB0=1 fB1=0 fB4=0 meshHdrs=0x128847630
  model[4] name=01CH meshCnt=1 vertOff=12 normOff=12 fB0=1 fB1=0 fB4=0 meshHdrs=0x128847660
  model[5] name=02HE meshCnt=1 vertOff=0 normOff=0 fB0=1 fB1=0 fB4=0 meshHdrs=0x128847690
  model[6] name=02NE meshCnt=1 vertOff=42 normOff=42 fB0=1 fB1=0 fB4=0 meshHdrs=0x1288476c0
  model[7] name=03LS meshCnt=1 vertOff=37 normOff=37 fB0=1 fB1=0 fB4=0 meshHdrs=0x1288476f0
  model[8] name=04LJ meshCnt=1 vertOff=46 normOff=46 fB0=1 fB1=0 fB4=0 meshHdrs=0x128847720
  model[9] name=05LZ meshCnt=1 vertOff=54 normOff=54 fB0=1 fB1=0 fB4=0 meshHdrs=0x128847750
  model[10] name=06LH meshCnt=1 vertOff=58 normOff=58 fB0=1 fB1=0 fB4=0 meshHdrs=0x128847780
  model[11] name=07RS meshCnt=1 vertOff=32 normOff=32 fB0=1 fB1=0 fB4=0 meshHdrs=0x1288477b0
  model[12] name=08RJ meshCnt=1 vertOff=42 normOff=42 fB0=1 fB1=0 fB4=0 meshHdrs=0x1288477e0
  model[13] name=09RZ meshCnt=1 vertOff=50 normOff=50 fB0=1 fB1=0 fB4=0 meshHdrs=0x128847810
  model[14] name=11HI meshCnt=1 vertOff=0 normOff=0 fB0=1 fB1=0 fB4=0 meshHdrs=0x128847840
  model[15] name=11HI meshCnt=1 vertOff=0 normOff=0 fB0=1 fB1=0 fB4=0 meshHdrs=0x128847870
  model[16] name=12LM meshCnt=1 vertOff=30 normOff=30 fB0=1 fB1=0 fB4=0 meshHdrs=0x1288478a0
  model[17] name=13LS meshCnt=1 vertOff=16 normOff=16 fB0=1 fB1=0 fB4=0 meshHdrs=0x1288478d0
  model[18] name=14LF meshCnt=1 vertOff=12 normOff=12 fB0=1 fB1=0 fB4=0 meshHdrs=0x128847900
  model[19] name=15RM meshCnt=1 vertOff=32 normOff=32 fB0=1 fB1=0 fB4=0 meshHdrs=0x128847930
  model[20] name=16RS meshCnt=1 vertOff=27 normOff=27 fB0=1 fB1=0 fB4=0 meshHdrs=0x128847960
  model[21] name=17RF meshCnt=1 vertOff=8 normOff=8 fB0=1 fB1=0 fB4=0 meshHdrs=0x128847990
  modelOrder: 2 5 15 4 11 7 6 12 8 13 9 1 3 0 10 14 21 18 17 20 16 19
[CHARA-TEX] charaId=31 matCount=1 modelCount=22
[CHARA-TEX] mat[0] name='DARIA' field_C=1 E=0x3c F=0x3c clut=0x901f UV=0x0000 tex=0x0
[CHARA-TEX] prim0: f0=0x3066(UV0) f2=0x909f(clut) f4=0x436e(UV1) f6=0x003c(tpage) f8=0x4366(UV2) fA=0x0000(UV3)
[CHARA-TEX] texDesc: tPage=[0,28] u=0 v=0 clutXY=(496,576)
[BOOT0/TIM] PostLoadTim file=1431 'LISA.TIM' ss=0x5a9f img.u=0 img.v=0 tPage=0,28 clutX=512 clutY=576
[BOOT0/TIM] post ReadTIM: prect=0x10235a778 caddr=0x10235a614 paddr=0x10235a780 mode=8
[BOOT0/TIM] pre pixel LoadImage rect=(768,256 64x128)
[BOOT0/TIM] pre CLUT LoadImage rect=(512,576 16x11)
[BOOT0/TIM] PostLoadTim done
[POOLTEX] slot 288 <- 256x128 x11 rows (native 256x128) tex=278
  model[0] name=01CH meshCnt=1 vertOff=8 normOff=8 fB0=1 fB1=0 fB4=0 meshHdrs=0x128847bd0
  model[1] name=01CH meshCnt=1 vertOff=34 normOff=34 fB0=1 fB1=0 fB4=0 meshHdrs=0x128847c00
  model[2] name=02HE meshCnt=1 vertOff=0 normOff=0 fB0=1 fB1=0 fB4=0 meshHdrs=0x128847c30
  model[3] name=02NE meshCnt=1 vertOff=41 normOff=41 fB0=1 fB1=0 fB4=0 meshHdrs=0x128847c60
  model[4] name=03LS meshCnt=1 vertOff=29 normOff=29 fB0=1 fB1=0 fB4=0 meshHdrs=0x128847c90
  model[5] name=04LJ meshCnt=1 vertOff=16 normOff=16 fB0=1 fB1=0 fB4=0 meshHdrs=0x128847cc0
  model[6] name=05LZ meshCnt=1 vertOff=29 normOff=29 fB0=1 fB1=0 fB4=0 meshHdrs=0x128847cf0
  model[7] name=06LH meshCnt=1 vertOff=12 normOff=12 fB0=1 fB1=0 fB4=0 meshHdrs=0x128847d20
  model[8] name=07RS meshCnt=1 vertOff=24 normOff=24 fB0=1 fB1=0 fB4=0 meshHdrs=0x128847d50
  model[9] name=08RJ meshCnt=1 vertOff=4 normOff=4 fB0=1 fB1=0 fB4=0 meshHdrs=0x128847d80
  model[10] name=09RZ meshCnt=1 vertOff=24 normOff=24 fB0=1 fB1=0 fB4=0 meshHdrs=0x128847db0
  model[11] name=10RH meshCnt=1 vertOff=0 normOff=0 fB0=1 fB1=0 fB4=0 meshHdrs=0x128847de0
  model[12] name=11HI meshCnt=1 vertOff=0 normOff=0 fB0=1 fB1=0 fB4=0 meshHdrs=0x128847e10
  model[13] name=11HI meshCnt=1 vertOff=24 normOff=24 fB0=1 fB1=0 fB4=0 meshHdrs=0x128847e40
  model[14] name=12LM meshCnt=1 vertOff=32 normOff=32 fB0=1 fB1=0 fB4=0 meshHdrs=0x128847e70
  model[15] name=13LS meshCnt=1 vertOff=12 normOff=12 fB0=1 fB1=0 fB4=0 meshHdrs=0x128847ea0
  model[16] name=14LF meshCnt=1 vertOff=32 normOff=32 fB0=1 fB1=0 fB4=0 meshHdrs=0x128847ed0
  model[17] name=15RM meshCnt=1 vertOff=38 normOff=40 fB0=1 fB1=0 fB4=0 meshHdrs=0x128847f00
  model[18] name=16RS meshCnt=1 vertOff=0 normOff=0 fB0=1 fB1=0 fB4=0 meshHdrs=0x128847f30
  model[19] name=17RF meshCnt=1 vertOff=32 normOff=32 fB0=1 fB1=0 fB4=0 meshHdrs=0x128847f60
  model[20] name=18HA meshCnt=1 vertOff=43 normOff=43 fB0=1 fB1=0 fB4=0 meshHdrs=0x128847f90
  model[21] name=19HA meshCnt=1 vertOff=5 normOff=5 fB0=1 fB1=0 fB4=0 meshHdrs=0x128847fc0
  model[22] name=20HA meshCnt=1 vertOff=9 normOff=9 fB0=1 fB1=0 fB4=0 meshHdrs=0x119b90510
  modelOrder: 11 9 7 5 10 8 6 4 1 3 20 2 21 22 18 15 13 19 16 14 17 12 0
[CHARA-TEX] charaId=32 matCount=1 modelCount=23
[CHARA-TEX] mat[0] name='LISA' field_C=1 E=0x5c F=0x5c clut=0x9020 UV=0x0000 tex=0x0
[CHARA-TEX] prim0: f0=0x2597(UV0) f2=0x9060(clut) f4=0x2f95(UV1) f6=0x005c(tpage) f8=0x2f97(UV2) fA=0x0000(UV3)
[CHARA-TEX] texDesc: tPage=[0,28] u=0 v=0 clutXY=(512,576)
[BOOT0/TIM] PostLoadTim file=1383 'BLISA.TIM' ss=0x599a img.u=0 img.v=0 tPage=0,28 clutX=528 clutY=576
[BOOT0/TIM] post ReadTIM: prect=0x10235a798 caddr=0x10235a614 paddr=0x10235a7a0 mode=8
[BOOT0/TIM] pre pixel LoadImage rect=(768,256 64x128)
[BOOT0/TIM] pre CLUT LoadImage rect=(528,576 16x12)
[BOOT0/TIM] PostLoadTim done
[POOLTEX] slot 289 <- 256x128 x12 rows (native 256x128) tex=289
  model[0] name=01CH meshCnt=1 vertOff=8 normOff=8 fB0=1 fB1=0 fB4=0 meshHdrs=0x1288fc240
  model[1] name=01CH meshCnt=1 vertOff=34 normOff=34 fB0=1 fB1=0 fB4=0 meshHdrs=0x1288fc270
  model[2] name=02HE meshCnt=1 vertOff=0 normOff=0 fB0=1 fB1=0 fB4=0 meshHdrs=0x1288fc2a0
  model[3] name=02NE meshCnt=1 vertOff=41 normOff=41 fB0=1 fB1=0 fB4=0 meshHdrs=0x1288fc2d0
  model[4] name=03LS meshCnt=1 vertOff=29 normOff=29 fB0=1 fB1=0 fB4=0 meshHdrs=0x1288fc300
  model[5] name=04LJ meshCnt=1 vertOff=16 normOff=16 fB0=1 fB1=0 fB4=0 meshHdrs=0x1288fc330
  model[6] name=05LZ meshCnt=1 vertOff=29 normOff=29 fB0=1 fB1=0 fB4=0 meshHdrs=0x1288fc360
  model[7] name=06LH meshCnt=1 vertOff=12 normOff=12 fB0=1 fB1=0 fB4=0 meshHdrs=0x1288fc390
  model[8] name=07RS meshCnt=1 vertOff=24 normOff=24 fB0=1 fB1=0 fB4=0 meshHdrs=0x1288fc3c0
  model[9] name=08RJ meshCnt=1 vertOff=4 normOff=4 fB0=1 fB1=0 fB4=0 meshHdrs=0x1288fc3f0
  model[10] name=09RZ meshCnt=1 vertOff=24 normOff=24 fB0=1 fB1=0 fB4=0 meshHdrs=0x1288fc420
  model[11] name=10RH meshCnt=1 vertOff=0 normOff=0 fB0=1 fB1=0 fB4=0 meshHdrs=0x1288fc450
  model[12] name=11HI meshCnt=1 vertOff=0 normOff=0 fB0=1 fB1=0 fB4=0 meshHdrs=0x1288fc480
  model[13] name=11HI meshCnt=1 vertOff=24 normOff=24 fB0=1 fB1=0 fB4=0 meshHdrs=0x1288fc4b0
  model[14] name=12LM meshCnt=1 vertOff=32 normOff=32 fB0=1 fB1=0 fB4=0 meshHdrs=0x1288fc4e0
  model[15] name=13LS meshCnt=1 vertOff=12 normOff=12 fB0=1 fB1=0 fB4=0 meshHdrs=0x1288fc510
  model[16] name=14LF meshCnt=1 vertOff=32 normOff=32 fB0=1 fB1=0 fB4=0 meshHdrs=0x1288fc540
  model[17] name=15RM meshCnt=1 vertOff=38 normOff=40 fB0=1 fB1=0 fB4=0 meshHdrs=0x1288fc570
  model[18] name=16RS meshCnt=1 vertOff=0 normOff=0 fB0=1 fB1=0 fB4=0 meshHdrs=0x1288fc5a0
  model[19] name=17RF meshCnt=1 vertOff=32 normOff=32 fB0=1 fB1=0 fB4=0 meshHdrs=0x1288fc5d0
  model[20] name=18HA meshCnt=1 vertOff=43 normOff=43 fB0=1 fB1=0 fB4=0 meshHdrs=0x1288fc600
  model[21] name=19HA meshCnt=1 vertOff=5 normOff=5 fB0=1 fB1=0 fB4=0 meshHdrs=0x1288fc630
  model[22] name=20HA meshCnt=1 vertOff=9 normOff=9 fB0=1 fB1=0 fB4=0 meshHdrs=0x1288fc660
  modelOrder: 11 9 7 5 10 8 6 4 1 3 20 2 21 22 18 15 13 19 16 14 17 12 0
[CHARA-TEX] charaId=33 matCount=1 modelCount=23
[CHARA-TEX] mat[0] name='BLISA' field_C=1 E=0x5c F=0x5c clut=0x9021 UV=0x0000 tex=0x0
[CHARA-TEX] prim0: f0=0x2597(UV0) f2=0x9061(clut) f4=0x2f95(UV1) f6=0x005c(tpage) f8=0x2f97(UV2) fA=0x0000(UV3)
[CHARA-TEX] texDesc: tPage=[0,28] u=0 v=0 clutXY=(528,576)
[BOOT0/TIM] PostLoadTim file=1372 'AR.TIM' ss=0x5959 img.u=0 img.v=0 tPage=0,28 clutX=544 clutY=576
[BOOT0/TIM] post ReadTIM: prect=0x10235a758 caddr=0x10235a614 paddr=0x10235a760 mode=8
[BOOT0/TIM] pre pixel LoadImage rect=(768,256 64x128)
[BOOT0/TIM] pre CLUT LoadImage rect=(544,576 16x10)
[BOOT0/TIM] PostLoadTim done
[POOLTEX] slot 290 <- 256x128 x10 rows (native 256x128) tex=301
  model[0] name=01CH meshCnt=1 vertOff=0 normOff=0 fB0=1 fB1=0 fB4=0 meshHdrs=0x1288fc870
  model[1] name=01CH meshCnt=1 vertOff=36 normOff=36 fB0=1 fB1=0 fB4=0 meshHdrs=0x1288fc8a0
  model[2] name=02HE meshCnt=1 vertOff=0 normOff=0 fB0=1 fB1=0 fB4=0 meshHdrs=0x1288fc8d0
  model[3] name=02NE meshCnt=1 vertOff=41 normOff=41 fB0=1 fB1=0 fB4=0 meshHdrs=0x1288fc900
  model[4] name=03LS meshCnt=1 vertOff=31 normOff=31 fB0=1 fB1=0 fB4=0 meshHdrs=0x1288fc930
  model[5] name=04LJ meshCnt=1 vertOff=8 normOff=8 fB0=1 fB1=0 fB4=0 meshHdrs=0x1288fc960
  model[6] name=05LZ meshCnt=1 vertOff=26 normOff=26 fB0=1 fB1=0 fB4=0 meshHdrs=0x1288fc990
  model[7] name=06LH meshCnt=1 vertOff=36 normOff=36 fB0=1 fB1=0 fB4=0 meshHdrs=0x1288fc9c0
  model[8] name=07RS meshCnt=1 vertOff=21 normOff=21 fB0=1 fB1=0 fB4=0 meshHdrs=0x1288fc9f0
  model[9] name=08RJ meshCnt=1 vertOff=0 normOff=0 fB0=1 fB1=0 fB4=0 meshHdrs=0x1288fca20
  model[10] name=09RZ meshCnt=1 vertOff=16 normOff=16 fB0=1 fB1=0 fB4=0 meshHdrs=0x1288fca50
  model[11] name=10RH meshCnt=1 vertOff=36 normOff=36 fB0=1 fB1=0 fB4=0 meshHdrs=0x1288fca80
  model[12] name=11HI meshCnt=1 vertOff=20 normOff=20 fB0=1 fB1=0 fB4=0 meshHdrs=0x1288fcab0
  model[13] name=12LM meshCnt=1 vertOff=28 normOff=28 fB0=1 fB1=0 fB4=0 meshHdrs=0x1288fcae0
  model[14] name=13LS meshCnt=1 vertOff=46 normOff=48 fB0=1 fB1=0 fB4=0 meshHdrs=0x1288fcb10
  model[15] name=14LF meshCnt=1 vertOff=14 normOff=14 fB0=1 fB1=0 fB4=0 meshHdrs=0x1288fcb40
  model[16] name=15RM meshCnt=1 vertOff=40 normOff=42 fB0=1 fB1=0 fB4=0 meshHdrs=0x1288fcb70
  model[17] name=16RS meshCnt=1 vertOff=46 normOff=48 fB0=1 fB1=0 fB4=0 meshHdrs=0x1288fcba0
  model[18] name=17RF meshCnt=1 vertOff=8 normOff=8 fB0=1 fB1=0 fB4=0 meshHdrs=0x1288fcbd0
  model[19] name=18HA meshCnt=1 vertOff=46 normOff=46 fB0=1 fB1=1 fB4=0 meshHdrs=0x1288fcc00
  model[20] name=19HA meshCnt=1 vertOff=52 normOff=52 fB0=1 fB1=1 fB4=0 meshHdrs=0x1288fcc30
  modelOrder: 2 9 5 10 8 6 4 11 7 1 3 19 20 0 18 15 12 13 16 14 17
[CHARA-TEX] charaId=34 matCount=1 modelCount=21
[CHARA-TEX] mat[0] name='AR' field_C=1 E=0x3c F=0x3c clut=0x9022 UV=0x0000 tex=0x0
[CHARA-TEX] prim0: f0=0x76a7(UV0) f2=0x9162(clut) f4=0x7fa0(UV1) f6=0x003c(tpage) f8=0x76a0(UV2) fA=0x0000(UV3)
[CHARA-TEX] texDesc: tPage=[0,28] u=0 v=0 clutXY=(544,576)
[BOOT0/TIM] PostLoadTim file=1461 'TAR.TIM' ss=0x5b70 img.u=0 img.v=0 tPage=0,28 clutX=560 clutY=576
[BOOT0/TIM] post ReadTIM: prect=0x10235a758 caddr=0x10235a614 paddr=0x10235a760 mode=8
[BOOT0/TIM] pre pixel LoadImage rect=(768,256 64x128)
[BOOT0/TIM] pre CLUT LoadImage rect=(560,576 16x10)
[BOOT0/TIM] PostLoadTim done
[POOLTEX] slot 291 <- 256x128 x10 rows (native 256x128) tex=311
  model[0] name=01CH meshCnt=1 vertOff=12 normOff=12 fB0=1 fB1=0 fB4=0 meshHdrs=0x1288fce40
  model[1] name=01CH meshCnt=1 vertOff=38 normOff=38 fB0=1 fB1=0 fB4=0 meshHdrs=0x1288fce70
  model[2] name=02HE meshCnt=1 vertOff=0 normOff=0 fB0=1 fB1=0 fB4=0 meshHdrs=0x1288fcea0
  model[3] name=02NE meshCnt=1 vertOff=43 normOff=43 fB0=1 fB1=0 fB4=0 meshHdrs=0x1288fced0
  model[4] name=03LS meshCnt=1 vertOff=32 normOff=32 fB0=1 fB1=0 fB4=0 meshHdrs=0x1288fcf00
  model[5] name=04LJ meshCnt=1 vertOff=9 normOff=9 fB0=1 fB1=0 fB4=0 meshHdrs=0x1288fcf30
  model[6] name=05LZ meshCnt=1 vertOff=28 normOff=28 fB0=1 fB1=0 fB4=0 meshHdrs=0x1288fcf60
  model[7] name=06LH meshCnt=1 vertOff=38 normOff=38 fB0=1 fB1=0 fB4=0 meshHdrs=0x1288fcf90
  model[8] name=07RS meshCnt=1 vertOff=22 normOff=22 fB0=1 fB1=0 fB4=0 meshHdrs=0x1288fcfc0
  model[9] name=08RJ meshCnt=1 vertOff=0 normOff=0 fB0=1 fB1=0 fB4=0 meshHdrs=0x1288fcff0
  model[10] name=09RZ meshCnt=1 vertOff=18 normOff=18 fB0=1 fB1=0 fB4=0 meshHdrs=0x1288fd020
  model[11] name=10RH meshCnt=1 vertOff=38 normOff=38 fB0=1 fB1=0 fB4=0 meshHdrs=0x1288fd050
  model[12] name=11HI meshCnt=1 vertOff=20 normOff=20 fB0=1 fB1=0 fB4=0 meshHdrs=0x1288fd080
  model[13] name=12LM meshCnt=1 vertOff=28 normOff=28 fB0=1 fB1=0 fB4=0 meshHdrs=0x1288fd0b0
  model[14] name=13LS meshCnt=1 vertOff=46 normOff=48 fB0=1 fB1=0 fB4=0 meshHdrs=0x1288fd0e0
  model[15] name=14LF meshCnt=1 vertOff=6 normOff=6 fB0=1 fB1=0 fB4=0 meshHdrs=0x1288fd110
  model[16] name=15RM meshCnt=1 vertOff=40 normOff=42 fB0=1 fB1=0 fB4=0 meshHdrs=0x1288fd140
  model[17] name=16RS meshCnt=1 vertOff=46 normOff=48 fB0=1 fB1=0 fB4=0 meshHdrs=0x1288fd170
  model[18] name=17RF meshCnt=1 vertOff=0 normOff=0 fB0=1 fB1=0 fB4=0 meshHdrs=0x1288fd1a0
  modelOrder: 2 9 5 10 8 6 4 11 7 1 3 18 15 0 12 13 16 14 17
[CHARA-TEX] charaId=35 matCount=1 modelCount=19
[CHARA-TEX] mat[0] name='TAR' field_C=1 E=0x3c F=0x3c clut=0x9023 UV=0x0000 tex=0x0
[CHARA-TEX] prim0: f0=0x76a7(UV0) f2=0x9163(clut) f4=0x7fa0(UV1) f6=0x803c(tpage) f8=0x76a0(UV2) fA=0x0000(UV3)
[CHARA-TEX] texDesc: tPage=[0,28] u=0 v=0 clutXY=(560,576)
[BOOT0/TIM] PostLoadTim file=1436 'MAR.TIM' ss=0x5ab9 img.u=0 img.v=0 tPage=0,28 clutX=576 clutY=576
[BOOT0/TIM] post ReadTIM: prect=0x10235a718 caddr=0x10235a614 paddr=0x10235a720 mode=8
[BOOT0/TIM] pre pixel LoadImage rect=(768,256 64x128)
[BOOT0/TIM] pre CLUT LoadImage rect=(576,576 16x8)
[BOOT0/TIM] PostLoadTim done
[POOLTEX] slot 292 <- 256x128 x8 rows (native 256x128) tex=321
  model[0] name=01CH meshCnt=1 vertOff=16 normOff=16 fB0=1 fB1=0 fB4=0 meshHdrs=0x1288fd350
  model[1] name=01CH meshCnt=1 vertOff=64 normOff=66 fB0=1 fB1=0 fB4=0 meshHdrs=0x1288fd380
  model[2] name=02HE meshCnt=1 vertOff=0 normOff=0 fB0=1 fB1=0 fB4=0 meshHdrs=0x1288fd3b0
  model[3] name=02NE meshCnt=1 vertOff=69 normOff=71 fB0=1 fB1=0 fB4=0 meshHdrs=0x1288fd3e0
  model[4] name=03LS meshCnt=1 vertOff=33 normOff=33 fB0=1 fB1=0 fB4=0 meshHdrs=0x1288fd410
  model[5] name=04LJ meshCnt=1 vertOff=0 normOff=0 fB0=1 fB1=0 fB4=0 meshHdrs=0x1288fd440
  model[6] name=05LZ meshCnt=1 vertOff=24 normOff=24 fB0=1 fB1=0 fB4=0 meshHdrs=0x1288fd470
  model[7] name=06LH meshCnt=1 vertOff=59 normOff=60 fB0=1 fB1=0 fB4=0 meshHdrs=0x1288fd4a0
  model[8] name=07RS meshCnt=1 vertOff=48 normOff=48 fB0=1 fB1=0 fB4=0 meshHdrs=0x1288fd4d0
  model[9] name=08RJ meshCnt=1 vertOff=12 normOff=12 fB0=1 fB1=0 fB4=0 meshHdrs=0x1288fd500
  model[10] name=09RZ meshCnt=1 vertOff=39 normOff=39 fB0=1 fB1=0 fB4=0 meshHdrs=0x1288fd530
  model[11] name=10RH meshCnt=1 vertOff=64 normOff=66 fB0=1 fB1=0 fB4=0 meshHdrs=0x1288fd560
  model[12] name=11HI meshCnt=1 vertOff=0 normOff=0 fB0=1 fB1=0 fB4=0 meshHdrs=0x1288fd590
  model[13] name=12LM meshCnt=1 vertOff=16 normOff=16 fB0=1 fB1=0 fB4=0 meshHdrs=0x1288fd5c0
  model[14] name=13LS meshCnt=1 vertOff=26 normOff=26 fB0=1 fB1=0 fB4=0 meshHdrs=0x1288fd5f0
  model[15] name=14LF meshCnt=1 vertOff=0 normOff=0 fB0=1 fB1=0 fB4=0 meshHdrs=0x1288fd620
  model[16] name=15RM meshCnt=1 vertOff=23 normOff=23 fB0=1 fB1=0 fB4=0 meshHdrs=0x1288fd650
  model[17] name=16RS meshCnt=1 vertOff=30 normOff=30 fB0=1 fB1=0 fB4=0 meshHdrs=0x1288fd680
  model[18] name=17RF meshCnt=1 vertOff=0 normOff=0 fB0=1 fB1=0 fB4=0 meshHdrs=0x1288fd6b0
  model[19] name=18HA meshCnt=1 vertOff=74 normOff=76 fB0=1 fB1=0 fB4=0 meshHdrs=0x1288fd6e0
  model[20] name=19HA meshCnt=1 vertOff=81 normOff=83 fB0=1 fB1=0 fB4=0 meshHdrs=0x1288fd710
  model[21] name=20LS meshCnt=1 vertOff=54 normOff=54 fB0=1 fB1=0 fB4=0 meshHdrs=0x1288fd740
  model[22] name=21LS meshCnt=1 vertOff=69 normOff=71 fB0=1 fB1=0 fB4=0 meshHdrs=0x1288fd770
  model[23] name=22RS meshCnt=1 vertOff=59 normOff=60 fB0=1 fB1=0 fB4=0 meshHdrs=0x1288fd7a0
  model[24] name=23RS meshCnt=1 vertOff=74 normOff=76 fB0=1 fB1=0 fB4=0 meshHdrs=0x1288fd7d0
  modelOrder: 2 5 9 6 4 10 8 21 7 23 11 1 22 3 24 19 20 12 0 13 16 14 17 15 18
[CHARA-TEX] charaId=36 matCount=1 modelCount=25
[CHARA-TEX] mat[0] name='MAR' field_C=1 E=0x3c F=0x3c clut=0x9024 UV=0x0000 tex=0x0
[CHARA-TEX] prim0: f0=0x7ffa(UV0) f2=0x9164(clut) f4=0x7fe1(UV1) f6=0x803c(tpage) f8=0x75fa(UV2) fA=0x75e1(UV3)
[CHARA-TEX] texDesc: tPage=[0,28] u=0 v=0 clutXY=(576,576)
[BOOT0/TIM] PostLoadTim file=1374 'BAR.TIM' ss=0x5968 img.u=0 img.v=0 tPage=0,28 clutX=592 clutY=576
[BOOT0/TIM] post ReadTIM: prect=0x10235a718 caddr=0x10235a614 paddr=0x10235a720 mode=8
[BOOT0/TIM] pre pixel LoadImage rect=(768,256 64x128)
[BOOT0/TIM] pre CLUT LoadImage rect=(592,576 16x8)
[BOOT0/TIM] PostLoadTim done
[POOLTEX] slot 293 <- 256x128 x8 rows (native 256x128) tex=329
  model[0] name=01CH meshCnt=1 vertOff=16 normOff=16 fB0=1 fB1=0 fB4=0 meshHdrs=0x1288fd980
  model[1] name=01CH meshCnt=1 vertOff=64 normOff=66 fB0=1 fB1=0 fB4=0 meshHdrs=0x1288fd9b0
  model[2] name=02HE meshCnt=1 vertOff=0 normOff=0 fB0=1 fB1=0 fB4=0 meshHdrs=0x1288fd9e0
  model[3] name=02NE meshCnt=1 vertOff=69 normOff=71 fB0=1 fB1=0 fB4=0 meshHdrs=0x1288fda10
  model[4] name=03LS meshCnt=1 vertOff=33 normOff=33 fB0=1 fB1=0 fB4=0 meshHdrs=0x1288fda40
  model[5] name=04LJ meshCnt=1 vertOff=0 normOff=0 fB0=1 fB1=0 fB4=0 meshHdrs=0x1288fda70
  model[6] name=05LZ meshCnt=1 vertOff=24 normOff=24 fB0=1 fB1=0 fB4=0 meshHdrs=0x1288fdaa0
  model[7] name=06LH meshCnt=1 vertOff=59 normOff=60 fB0=1 fB1=0 fB4=0 meshHdrs=0x1288fdad0
  model[8] name=07RS meshCnt=1 vertOff=48 normOff=48 fB0=1 fB1=0 fB4=0 meshHdrs=0x1288fdb00
  model[9] name=08RJ meshCnt=1 vertOff=12 normOff=12 fB0=1 fB1=0 fB4=0 meshHdrs=0x1288fdb30
  model[10] name=09RZ meshCnt=1 vertOff=39 normOff=39 fB0=1 fB1=0 fB4=0 meshHdrs=0x1288fdb60
  model[11] name=10RH meshCnt=1 vertOff=64 normOff=66 fB0=1 fB1=0 fB4=0 meshHdrs=0x1288fdb90
  model[12] name=11HI meshCnt=1 vertOff=0 normOff=0 fB0=1 fB1=0 fB4=0 meshHdrs=0x1288fdbc0
  model[13] name=12LM meshCnt=1 vertOff=16 normOff=16 fB0=1 fB1=0 fB4=0 meshHdrs=0x1288fdbf0
  model[14] name=13LS meshCnt=1 vertOff=26 normOff=26 fB0=1 fB1=0 fB4=0 meshHdrs=0x1288fdc20
  model[15] name=14LF meshCnt=1 vertOff=0 normOff=0 fB0=1 fB1=0 fB4=0 meshHdrs=0x1288fdc50
  model[16] name=15RM meshCnt=1 vertOff=23 normOff=23 fB0=1 fB1=0 fB4=0 meshHdrs=0x1288fdc80
  model[17] name=16RS meshCnt=1 vertOff=30 normOff=30 fB0=1 fB1=0 fB4=0 meshHdrs=0x1288fdcb0
  model[18] name=17RF meshCnt=1 vertOff=0 normOff=0 fB0=1 fB1=0 fB4=0 meshHdrs=0x1288fdce0
  model[19] name=18HA meshCnt=1 vertOff=74 normOff=76 fB0=1 fB1=0 fB4=0 meshHdrs=0x1288fdd10
  model[20] name=19HA meshCnt=1 vertOff=81 normOff=83 fB0=1 fB1=0 fB4=0 meshHdrs=0x1288fdd40
  model[21] name=20LS meshCnt=1 vertOff=54 normOff=54 fB0=1 fB1=0 fB4=0 meshHdrs=0x1288fdd70
  model[22] name=21LS meshCnt=1 vertOff=69 normOff=71 fB0=1 fB1=0 fB4=0 meshHdrs=0x1288fdda0
  model[23] name=22RS meshCnt=1 vertOff=59 normOff=60 fB0=1 fB1=0 fB4=0 meshHdrs=0x1288fddd0
  model[24] name=23RS meshCnt=1 vertOff=74 normOff=76 fB0=1 fB1=0 fB4=0 meshHdrs=0x1288fde00
  modelOrder: 2 5 9 6 4 10 8 21 7 23 11 1 22 3 24 19 20 12 0 13 16 14 17 15 18
[CHARA-TEX] charaId=37 matCount=1 modelCount=25
[CHARA-TEX] mat[0] name='BAR' field_C=1 E=0x3c F=0x3c clut=0x9025 UV=0x0000 tex=0x0
[CHARA-TEX] prim0: f0=0x7ffa(UV0) f2=0x9165(clut) f4=0x7fe1(UV1) f6=0x803c(tpage) f8=0x75fa(UV2) fA=0x75e1(UV3)
[CHARA-TEX] texDesc: tPage=[0,28] u=0 v=0 clutXY=(592,576)
[BOOT0/TIM] PostLoadTim file=1429 'KAU.TIM' ss=0x5a8e img.u=0 img.v=0 tPage=0,28 clutX=608 clutY=576
[BOOT0/TIM] post ReadTIM: prect=0x10235a798 caddr=0x10235a614 paddr=0x10235a7a0 mode=8
[BOOT0/TIM] pre pixel LoadImage rect=(768,256 64x128)
[BOOT0/TIM] pre CLUT LoadImage rect=(608,576 16x12)
[BOOT0/TIM] PostLoadTim done
[POOLTEX] slot 294 <- 256x128 x12 rows (native 256x128) tex=337
  model[0] name=06LH meshCnt=1 vertOff=0 normOff=0 fB0=1 fB1=0 fB4=0 meshHdrs=0x1288fe070
  model[1] name=06LH meshCnt=1 vertOff=0 normOff=0 fB0=1 fB1=1 fB4=0 meshHdrs=0x1288fe0a0
  model[2] name=06LB meshCnt=1 vertOff=0 normOff=0 fB0=1 fB1=0 fB4=0 meshHdrs=0x1288fe0d0
  model[3] name=10RH meshCnt=1 vertOff=69 normOff=60 fB0=1 fB1=1 fB4=0 meshHdrs=0x1288fe100
  model[4] name=10RH meshCnt=1 vertOff=69 normOff=60 fB0=1 fB1=0 fB4=0 meshHdrs=0x1288fe130
  model[5] name=10RG meshCnt=1 vertOff=0 normOff=0 fB0=1 fB1=0 fB4=0 meshHdrs=0x1288fe160
  model[6] name=10RA meshCnt=1 vertOff=0 normOff=0 fB0=1 fB1=0 fB4=0 meshHdrs=0x1288fe190
  model[7] name=01CH meshCnt=1 vertOff=56 normOff=47 fB0=1 fB1=0 fB4=0 meshHdrs=0x1288fe1c0
  model[8] name=02HE meshCnt=1 vertOff=0 normOff=0 fB0=1 fB1=0 fB4=0 meshHdrs=0x1288fe1f0
  model[9] name=02NE meshCnt=1 vertOff=65 normOff=56 fB0=1 fB1=0 fB4=0 meshHdrs=0x1288fe220
  model[10] name=03LS meshCnt=1 vertOff=20 normOff=19 fB0=1 fB1=0 fB4=0 meshHdrs=0x1288fe250
  model[11] name=04LJ meshCnt=1 vertOff=48 normOff=39 fB0=1 fB1=0 fB4=0 meshHdrs=0x1288fe280
  model[12] name=05LZ meshCnt=1 vertOff=61 normOff=52 fB0=1 fB1=0 fB4=0 meshHdrs=0x1288fe2b0
  model[13] name=07RS meshCnt=1 vertOff=28 normOff=23 fB0=1 fB1=0 fB4=0 meshHdrs=0x1288fe2e0
  model[14] name=08RJ meshCnt=1 vertOff=52 normOff=43 fB0=1 fB1=0 fB4=0 meshHdrs=0x1288fe310
  model[15] name=09RZ meshCnt=1 vertOff=65 normOff=56 fB0=1 fB1=0 fB4=0 meshHdrs=0x1288fe340
  model[16] name=11HI meshCnt=1 vertOff=0 normOff=0 fB0=1 fB1=0 fB4=0 meshHdrs=0x1288fe370
  model[17] name=12LM meshCnt=1 vertOff=36 normOff=27 fB0=1 fB1=0 fB4=0 meshHdrs=0x1288fe3a0
  model[18] name=13LS meshCnt=1 vertOff=61 normOff=52 fB0=1 fB1=0 fB4=0 meshHdrs=0x1288fe3d0
  model[19] name=14LF meshCnt=1 vertOff=0 normOff=0 fB0=1 fB1=0 fB4=0 meshHdrs=0x1288fe400
  model[20] name=15RM meshCnt=1 vertOff=42 normOff=33 fB0=1 fB1=0 fB4=0 meshHdrs=0x1288fe430
  model[21] name=16RS meshCnt=1 vertOff=61 normOff=52 fB0=1 fB1=0 fB4=0 meshHdrs=0x1288fe460
  model[22] name=17RF meshCnt=1 vertOff=0 normOff=0 fB0=1 fB1=0 fB4=0 meshHdrs=0x1288fe490
  modelOrder: 5 6 8 1 0 2 16 10 13 17 20 11 14 7 18 21 12 9 15 3 4 22 19
[CHARA-TEX] charaId=38 matCount=1 modelCount=23
[CHARA-TEX] mat[0] name='KAU' field_C=1 E=0x3c F=0x3c clut=0x9026 UV=0x0000 tex=0x0
[CHARA-TEX] prim0: f0=0x436e(UV0) f2=0x90a6(clut) f4=0x3066(UV1) f6=0x003c(tpage) f8=0x4366(UV2) fA=0x0000(UV3)
[CHARA-TEX] texDesc: tPage=[0,28] u=0 v=0 clutXY=(608,576)
[BOOT0/TIM] PostLoadTim file=1429 'KAU.TIM' ss=0x5a8e img.u=0 img.v=0 tPage=0,28 clutX=624 clutY=576
[BOOT0/TIM] post ReadTIM: prect=0x10235a798 caddr=0x10235a614 paddr=0x10235a7a0 mode=8
[BOOT0/TIM] pre pixel LoadImage rect=(768,256 64x128)
[BOOT0/TIM] pre CLUT LoadImage rect=(624,576 16x12)
[BOOT0/TIM] PostLoadTim done
[POOLTEX] slot 295 <- 256x128 x12 rows (native 256x128) tex=349
  model[0] name=06LH meshCnt=1 vertOff=0 normOff=0 fB0=1 fB1=0 fB4=0 meshHdrs=0x1288fe700
  model[1] name=06LH meshCnt=1 vertOff=0 normOff=0 fB0=1 fB1=1 fB4=0 meshHdrs=0x1288fe730
  model[2] name=06LB meshCnt=1 vertOff=0 normOff=0 fB0=1 fB1=0 fB4=0 meshHdrs=0x1288fe760
  model[3] name=10RH meshCnt=1 vertOff=69 normOff=60 fB0=1 fB1=1 fB4=0 meshHdrs=0x1288fe790
  model[4] name=10RH meshCnt=1 vertOff=69 normOff=60 fB0=1 fB1=0 fB4=0 meshHdrs=0x1288fe7c0
  model[5] name=10RG meshCnt=1 vertOff=0 normOff=0 fB0=1 fB1=0 fB4=0 meshHdrs=0x1288fe7f0
  model[6] name=10RA meshCnt=1 vertOff=0 normOff=0 fB0=1 fB1=0 fB4=0 meshHdrs=0x1288fe820
  model[7] name=01CH meshCnt=1 vertOff=56 normOff=47 fB0=1 fB1=0 fB4=0 meshHdrs=0x1288fe850
  model[8] name=02HE meshCnt=1 vertOff=0 normOff=0 fB0=1 fB1=0 fB4=0 meshHdrs=0x1288fe880
  model[9] name=02NE meshCnt=1 vertOff=65 normOff=56 fB0=1 fB1=0 fB4=0 meshHdrs=0x1288fe8b0
  model[10] name=03LS meshCnt=1 vertOff=20 normOff=19 fB0=1 fB1=0 fB4=0 meshHdrs=0x1288fe8e0
  model[11] name=04LJ meshCnt=1 vertOff=48 normOff=39 fB0=1 fB1=0 fB4=0 meshHdrs=0x1288fe910
  model[12] name=05LZ meshCnt=1 vertOff=61 normOff=52 fB0=1 fB1=0 fB4=0 meshHdrs=0x1288fe940
  model[13] name=07RS meshCnt=1 vertOff=28 normOff=23 fB0=1 fB1=0 fB4=0 meshHdrs=0x1288fe970
  model[14] name=08RJ meshCnt=1 vertOff=52 normOff=43 fB0=1 fB1=0 fB4=0 meshHdrs=0x1288fe9a0
  model[15] name=09RZ meshCnt=1 vertOff=65 normOff=56 fB0=1 fB1=0 fB4=0 meshHdrs=0x1288fe9d0
  model[16] name=11HI meshCnt=1 vertOff=0 normOff=0 fB0=1 fB1=0 fB4=0 meshHdrs=0x1288fea00
  model[17] name=12LM meshCnt=1 vertOff=36 normOff=27 fB0=1 fB1=0 fB4=0 meshHdrs=0x1288fea30
  model[18] name=13LS meshCnt=1 vertOff=61 normOff=52 fB0=1 fB1=0 fB4=0 meshHdrs=0x1288fea60
  model[19] name=14LF meshCnt=1 vertOff=0 normOff=0 fB0=1 fB1=0 fB4=0 meshHdrs=0x1288fea90
  model[20] name=15RM meshCnt=1 vertOff=42 normOff=33 fB0=1 fB1=0 fB4=0 meshHdrs=0x1288feac0
  model[21] name=16RS meshCnt=1 vertOff=61 normOff=52 fB0=1 fB1=0 fB4=0 meshHdrs=0x1288feaf0
  model[22] name=17RF meshCnt=1 vertOff=0 normOff=0 fB0=1 fB1=0 fB4=0 meshHdrs=0x1288feb20
  modelOrder: 5 6 8 1 0 2 16 10 13 17 20 11 14 7 18 21 12 9 15 3 4 22 19
[CHARA-TEX] charaId=39 matCount=1 modelCount=23
[CHARA-TEX] mat[0] name='KAU' field_C=1 E=0x3c F=0x3c clut=0x9027 UV=0x0000 tex=0x0
[CHARA-TEX] prim0: f0=0x436e(UV0) f2=0x90a7(clut) f4=0x3066(UV1) f6=0x003c(tpage) f8=0x4366(UV2) fA=0x0000(UV3)
[CHARA-TEX] texDesc: tPage=[0,28] u=0 v=0 clutXY=(624,576)
[BOOT0/TIM] PostLoadTim file=1378 'BFLU.TIM' ss=0x597b img.u=0 img.v=0 tPage=0,28 clutX=640 clutY=576
[BOOT0/TIM] post ReadTIM: prect=0x10235a658 caddr=0x10235a614 paddr=0x10235a660 mode=8
[BOOT0/TIM] pre pixel LoadImage rect=(768,256 32x64)
[BOOT0/TIM] pre CLUT LoadImage rect=(640,576 16x2)
[BOOT0/TIM] PostLoadTim done
[POOLTEX] slot 296 <- 128x64 x2 rows (native 128x64) tex=361
  model[0] name=01BF meshCnt=1 vertOff=0 normOff=0 fB0=1 fB1=0 fB4=0 meshHdrs=0x1288febb0
  model[1] name=02BO meshCnt=1 vertOff=0 normOff=0 fB0=1 fB1=0 fB4=0 meshHdrs=0x1288febe0
  model[2] name=03BO meshCnt=1 vertOff=0 normOff=0 fB0=1 fB1=0 fB4=0 meshHdrs=0x1288fec10
  model[3] name=04BO meshCnt=1 vertOff=0 normOff=0 fB0=1 fB1=0 fB4=0 meshHdrs=0x1288fec40
  model[4] name=05BO meshCnt=1 vertOff=0 normOff=0 fB0=1 fB1=0 fB4=0 meshHdrs=0x1288fec70
  model[5] name=06LI meshCnt=1 vertOff=0 normOff=0 fB0=1 fB1=0 fB4=0 meshHdrs=0x1288feca0
  model[6] name=07LI meshCnt=1 vertOff=0 normOff=0 fB0=1 fB1=0 fB4=0 meshHdrs=0x1288fecd0
  model[7] name=08LI meshCnt=1 vertOff=0 normOff=0 fB0=1 fB1=0 fB4=0 meshHdrs=0x1288fed00
  model[8] name=09LI meshCnt=1 vertOff=0 normOff=0 fB0=1 fB1=0 fB4=0 meshHdrs=0x1288fed30
  model[9] name=10LI meshCnt=1 vertOff=0 normOff=0 fB0=1 fB1=0 fB4=0 meshHdrs=0x1288fed60
  modelOrder: 0 1 2 3 4 5 6 7 9 8
[CHARA-TEX] charaId=40 matCount=1 modelCount=10
[CHARA-TEX] mat[0] name='BFLU' field_C=1 E=0x3c F=0x3c clut=0x9028 UV=0x0000 tex=0x0
[CHARA-TEX] prim0: f0=0x101b(UV0) f2=0x9028(clut) f4=0x1f00(UV1) f6=0x003c(tpage) f8=0x301b(UV2) fA=0x0000(UV3)
[CHARA-TEX] texDesc: tPage=[0,28] u=0 v=0 clutXY=(640,576)
[BOOT0/TIM] PostLoadTim file=1433 'LITL.TIM' ss=0x5aaa img.u=0 img.v=0 tPage=0,28 clutX=656 clutY=576
[BOOT0/TIM] post ReadTIM: prect=0x10235a658 caddr=0x10235a614 paddr=0x10235a660 mode=8
[BOOT0/TIM] pre pixel LoadImage rect=(768,256 32x128)
[BOOT0/TIM] pre CLUT LoadImage rect=(656,576 16x2)
[BOOT0/TIM] PostLoadTim done
[POOLTEX] slot 297 <- 128x128 x2 rows (native 128x128) tex=363
  model[0] name=01CH meshCnt=1 vertOff=6 normOff=7 fB0=1 fB1=0 fB4=0 meshHdrs=0x1288fedf0
  model[1] name=02HE meshCnt=1 vertOff=45 normOff=47 fB0=1 fB1=0 fB4=0 meshHdrs=0x1288fee20
  model[2] name=03LA meshCnt=1 vertOff=42 normOff=44 fB0=1 fB1=0 fB4=0 meshHdrs=0x1288fee50
  model[3] name=04LA meshCnt=1 vertOff=45 normOff=47 fB0=1 fB1=0 fB4=0 meshHdrs=0x1288fee80
  model[4] name=05RA meshCnt=1 vertOff=39 normOff=41 fB0=1 fB1=0 fB4=0 meshHdrs=0x1288feeb0
  model[5] name=06RA meshCnt=1 vertOff=45 normOff=47 fB0=1 fB1=0 fB4=0 meshHdrs=0x1288feee0
  model[6] name=07WI meshCnt=1 vertOff=31 normOff=33 fB0=1 fB1=0 fB4=0 meshHdrs=0x1288fef10
  model[7] name=08RW meshCnt=1 vertOff=45 normOff=47 fB0=1 fB1=0 fB4=0 meshHdrs=0x1288fef40
  model[8] name=09LW meshCnt=1 vertOff=45 normOff=47 fB0=1 fB1=0 fB4=0 meshHdrs=0x1288fef70
  model[9] name=10BO meshCnt=1 vertOff=0 normOff=0 fB0=1 fB1=0 fB4=0 meshHdrs=0x1288fefa0
  modelOrder: 9 0 6 4 2 1 7 8 5 3
[CHARA-TEX] charaId=41 matCount=1 modelCount=10
[CHARA-TEX] mat[0] name='LITL' field_C=1 E=0x3c F=0x3c clut=0x9029 UV=0x0000 tex=0x0
[CHARA-TEX] prim0: f0=0x273a(UV0) f2=0x9029(clut) f4=0x3029(UV1) f6=0x003c(tpage) f8=0x3e3c(UV2) fA=0x0000(UV3)
[CHARA-TEX] texDesc: tPage=[0,28] u=0 v=0 clutXY=(656,576)
[BOOT0/TIM] PostLoadTim file=1413 'DOC.TIM' ss=0x5a3b img.u=0 img.v=0 tPage=0,28 clutX=672 clutY=576
[BOOT0/TIM] post ReadTIM: prect=0x10235a6f8 caddr=0x10235a614 paddr=0x10235a700 mode=8
[BOOT0/TIM] pre pixel LoadImage rect=(768,256 64x128)
[BOOT0/TIM] pre CLUT LoadImage rect=(672,576 16x7)
[BOOT0/TIM] PostLoadTim done
[POOLTEX] slot 298 <- 256x128 x7 rows (native 256x128) tex=365
  model[0] name=01CH meshCnt=1 vertOff=56 normOff=56 fB0=1 fB1=0 fB4=0 meshHdrs=0x1288ff120
  model[1] name=02HE meshCnt=1 vertOff=0 normOff=0 fB0=1 fB1=0 fB4=0 meshHdrs=0x1288ff150
  model[2] name=02NE meshCnt=1 vertOff=61 normOff=61 fB0=1 fB1=0 fB4=0 meshHdrs=0x1288ff180
  model[3] name=03LS meshCnt=1 vertOff=48 normOff=48 fB0=1 fB1=0 fB4=0 meshHdrs=0x1288ff1b0
  model[4] name=04LJ meshCnt=1 vertOff=20 normOff=20 fB0=1 fB1=0 fB4=0 meshHdrs=0x1288ff1e0
  model[5] name=05LZ meshCnt=1 vertOff=44 normOff=44 fB0=1 fB1=0 fB4=0 meshHdrs=0x1288ff210
  model[6] name=06LH meshCnt=1 vertOff=56 normOff=56 fB0=1 fB1=0 fB4=0 meshHdrs=0x1288ff240
  model[7] name=07RS meshCnt=1 vertOff=40 normOff=40 fB0=1 fB1=0 fB4=0 meshHdrs=0x1288ff270
  model[8] name=08RJ meshCnt=1 vertOff=12 normOff=12 fB0=1 fB1=0 fB4=0 meshHdrs=0x1288ff2a0
  model[9] name=09RZ meshCnt=1 vertOff=36 normOff=36 fB0=1 fB1=0 fB4=0 meshHdrs=0x1288ff2d0
  model[10] name=10RH meshCnt=1 vertOff=56 normOff=56 fB0=1 fB1=0 fB4=0 meshHdrs=0x1288ff300
  model[11] name=11HI meshCnt=1 vertOff=0 normOff=0 fB0=1 fB1=0 fB4=0 meshHdrs=0x1288ff330
  model[12] name=12LM meshCnt=1 vertOff=28 normOff=28 fB0=1 fB1=0 fB4=0 meshHdrs=0x1288ff360
  model[13] name=13LS meshCnt=1 vertOff=56 normOff=56 fB0=1 fB1=0 fB4=0 meshHdrs=0x1288ff390
  model[14] name=14LF meshCnt=1 vertOff=0 normOff=0 fB0=1 fB1=0 fB4=0 meshHdrs=0x1288ff3c0
  model[15] name=15RM meshCnt=1 vertOff=52 normOff=52 fB0=1 fB1=0 fB4=0 meshHdrs=0x1288ff3f0
  model[16] name=16RS meshCnt=1 vertOff=61 normOff=61 fB0=1 fB1=0 fB4=0 meshHdrs=0x1288ff420
  model[17] name=17RF meshCnt=1 vertOff=0 normOff=0 fB0=1 fB1=0 fB4=0 meshHdrs=0x1288ff450
  modelOrder: 1 11 8 4 12 9 7 5 3 15 13 10 6 0 16 2 14 17
[CHARA-TEX] charaId=42 matCount=1 modelCount=18
[CHARA-TEX] mat[0] name='DOC' field_C=1 E=0x3c F=0x3c clut=0x902a UV=0x0000 tex=0x0
[CHARA-TEX] prim0: f0=0x39d6(UV0) f2=0x916a(clut) f4=0x1ed0(UV1) f6=0x803c(tpage) f8=0x1ed7(UV2) fA=0x0000(UV3)
[CHARA-TEX] texDesc: tPage=[0,28] u=0 v=0 clutXY=(672,576)
[BOOT0/TIM] PostLoadTim file=1425 'ICU.TIM' ss=0x5a79 img.u=0 img.v=0 tPage=0,28 clutX=688 clutY=576
[BOOT0/TIM] post ReadTIM: prect=0x10235a638 caddr=0x10235a614 paddr=0x10235a640 mode=8
[BOOT0/TIM] pre pixel LoadImage rect=(768,256 32x128)
[BOOT0/TIM] pre CLUT LoadImage rect=(688,576 16x1)
[BOOT0/TIM] PostLoadTim done
[POOLTEX] slot 299 <- 128x128 x1 rows (native 128x128) tex=372
  model[0] name=01BO meshCnt=1 vertOff=0 normOff=0 fB0=1 fB1=0 fB4=0 meshHdrs=0x1288ff4b0
  model[1] name=02HE meshCnt=1 vertOff=28 normOff=28 fB0=1 fB1=0 fB4=0 meshHdrs=0x1288ff4e0
  model[2] name=03TA meshCnt=1 vertOff=22 normOff=22 fB0=1 fB1=0 fB4=0 meshHdrs=0x1288ff510
  model[3] name=04TA meshCnt=1 vertOff=28 normOff=28 fB0=1 fB1=0 fB4=0 meshHdrs=0x1288ff540
  model[4] name=05TA meshCnt=1 vertOff=34 normOff=34 fB0=1 fB1=0 fB4=0 meshHdrs=0x1288ff570
  model[5] name=06LH meshCnt=1 vertOff=28 normOff=28 fB0=1 fB1=0 fB4=0 meshHdrs=0x1288ff5a0
  model[6] name=07RH meshCnt=1 vertOff=28 normOff=28 fB0=1 fB1=0 fB4=0 meshHdrs=0x1288ff5d0
  modelOrder: 0 2 6 5 1 3 4
[CHARA-TEX] charaId=43 matCount=1 modelCount=7
[CHARA-TEX] mat[0] name='ICU' field_C=1 E=0x3c F=0x3c clut=0x902b UV=0x0000 tex=0x0
[CHARA-TEX] prim0: f0=0x2d31(UV0) f2=0x902b(clut) f4=0x5249(UV1) f6=0x003c(tpage) f8=0x3a4e(UV2) fA=0x0000(UV3)
[CHARA-TEX] texDesc: tPage=[0,28] u=0 v=0 clutXY=(688,576)
[POOL] 42 chara asset set(s) loaded
[TRANSITION] GameStartup step=7: processFlags=0x4 playerPos=(-25395,819,657408) func_80039F90=0x0
[IPD-INIT] Ipd_MapFileInfoSet: mapTag='THR' activeIpdCount=4 isExterior=1 plmIdx=1370 ipdFileIdx=0 textureFileIdx=0 curSize=0 willRebuildGrid=1
  model[0] name=LEAF meshCnt=1 vertOff=0 normOff=0 fB0=0 fB1=0 fB4=0 meshHdrs=0x1288ff660
  model[1] name=LEAF meshCnt=1 vertOff=0 normOff=0 fB0=0 fB1=0 fB4=0 meshHdrs=0x1288ff630
  model[2] name=THR0 meshCnt=1 vertOff=0 normOff=0 fB0=0 fB1=0 fB4=0 meshHdrs=0x1288ff600
  model[3] name=THR0 meshCnt=1 vertOff=0 normOff=0 fB0=0 fB1=0 fB4=0 meshHdrs=0x1288ff720
  model[4] name=THR0 meshCnt=1 vertOff=0 normOff=0 fB0=0 fB1=0 fB4=0 meshHdrs=0x1288ff750
  model[5] name=THR0 meshCnt=1 vertOff=0 normOff=0 fB0=0 fB1=0 fB4=0 meshHdrs=0x1288ff780
  model[6] name=THR0 meshCnt=1 vertOff=0 normOff=0 fB0=0 fB1=0 fB4=0 meshHdrs=0x1288ff7b0
  model[7] name=THR0 meshCnt=1 vertOff=0 normOff=0 fB0=0 fB1=0 fB4=0 meshHdrs=0x1288ff7e0
  model[8] name=THR0 meshCnt=1 vertOff=0 normOff=0 fB0=0 fB1=0 fB4=0 meshHdrs=0x1288ff810
  model[9] name=THR0 meshCnt=1 vertOff=0 normOff=0 fB0=0 fB1=0 fB4=0 meshHdrs=0x1288ff840
  model[10] name=THR0 meshCnt=1 vertOff=0 normOff=0 fB0=0 fB1=0 fB4=0 meshHdrs=0x1288ff870
  model[11] name=THR0 meshCnt=1 vertOff=0 normOff=0 fB0=0 fB1=0 fB4=0 meshHdrs=0x1288ff8a0
  model[12] name=THR0 meshCnt=1 vertOff=0 normOff=0 fB0=0 fB1=0 fB4=0 meshHdrs=0x1288ff8d0
  model[13] name=THR0 meshCnt=2 vertOff=0 normOff=0 fB0=0 fB1=0 fB4=0 meshHdrs=0x1199b10e0
  model[14] name=THR0 meshCnt=2 vertOff=0 normOff=0 fB0=0 fB1=0 fB4=0 meshHdrs=0x1199b14a0
  model[15] name=THR0 meshCnt=2 vertOff=0 normOff=0 fB0=0 fB1=0 fB4=0 meshHdrs=0x1199b1560
  model[16] name=THR0 meshCnt=2 vertOff=0 normOff=0 fB0=0 fB1=0 fB4=0 meshHdrs=0x1199b15c0
  model[17] name=THR0 meshCnt=2 vertOff=0 normOff=0 fB0=0 fB1=0 fB4=0 meshHdrs=0x1199b1620
  model[18] name=THR0 meshCnt=1 vertOff=0 normOff=0 fB0=0 fB1=0 fB4=0 meshHdrs=0x1288ff900
  model[19] name=THR0 meshCnt=1 vertOff=0 normOff=0 fB0=0 fB1=0 fB4=0 meshHdrs=0x1288ff930
  model[20] name=THR0 meshCnt=1 vertOff=0 normOff=0 fB0=0 fB1=0 fB4=0 meshHdrs=0x1288ff960
  model[21] name=THR0 meshCnt=1 vertOff=0 normOff=0 fB0=0 fB1=0 fB4=0 meshHdrs=0x1288ff990
  model[22] name=THR0 meshCnt=1 vertOff=0 normOff=0 fB0=0 fB1=0 fB4=0 meshHdrs=0x1288ff9c0
  model[23] name=THR0 meshCnt=1 vertOff=0 normOff=0 fB0=0 fB1=0 fB4=0 meshHdrs=0x1288ff9f0
  model[24] name=TREE meshCnt=1 vertOff=0 normOff=0 fB0=0 fB1=0 fB4=0 meshHdrs=0x1288ffa20
  modelOrder: 0 1 2 3 4 5 6 7 8 9 10 11 12 13 14 15 16 17 18 19 20 21 22 23 24
[BOOT0/TIM] PostLoadTim file=1073 'THR0001F.TIM' ss=0x45d8 img.u=0 img.v=0 tPage=0,8 clutX=0 clutY=0
[BOOT0/TIM] post ReadTIM: prect=0x1023646d8 caddr=0x102364614 paddr=0x1023646e0 mode=8
[BOOT0/TIM] pre pixel LoadImage rect=(512,0 64x256)
[BOOT0/TIM] pre CLUT LoadImage rect=(0,0 16x6)
[BOOT0/TIM] PostLoadTim done
[POOLSTOMP] upload (512,0 64x256) hits PINNED pool slot 0 'THR0001F' (512,0)
[BOOT0/TIM] PostLoadTim file=1077 'THR0003F.TIM' ss=0x4625 img.u=0 img.v=0 tPage=0,9 clutX=16 clutY=0
[BOOT0/TIM] post ReadTIM: prect=0x1023647d8 caddr=0x102364614 paddr=0x1023647e0 mode=8
[BOOT0/TIM] pre pixel LoadImage rect=(576,0 64x256)
[BOOT0/TIM] pre CLUT LoadImage rect=(16,0 16x14)
[BOOT0/TIM] PostLoadTim done
[POOLSTOMP] upload (576,0 64x256) hits PINNED pool slot 1 'THR0003F' (576,0)
[BOOT0/TIM] PostLoadTim file=1075 'THR0002F.TIM' ss=0x45fe img.u=0 img.v=0 tPage=0,10 clutX=32 clutY=0
[BOOT0/TIM] post ReadTIM: prect=0x102364758 caddr=0x102364614 paddr=0x102364760 mode=8
[BOOT0/TIM] pre pixel LoadImage rect=(640,0 64x256)
[BOOT0/TIM] pre CLUT LoadImage rect=(32,0 16x10)
[BOOT0/TIM] PostLoadTim done
[POOLSTOMP] upload (640,0 64x256) hits PINNED pool slot 2 'THR0002F' (640,0)
[BOOT0/TIM] PostLoadTim file=1079 'THR0004F.TIM' ss=0x4644 img.u=0 img.v=0 tPage=0,21 clutX=48 clutY=0
[BOOT0/TIM] post ReadTIM: prect=0x102364818 caddr=0x102364614 paddr=0x102364820 mode=8
[BOOT0/TIM] pre pixel LoadImage rect=(320,256 64x256)
[BOOT0/TIM] pre CLUT LoadImage rect=(48,0 16x16)
[BOOT0/TIM] PostLoadTim done
[POOLSTOMP] upload (320,256 64x256) hits PINNED pool slot 3 'THR0004F' (320,256)
[IPDREF] hdr=0x1022ed600 registry=MISS lmBytes=0x610d0d
  model[0] name=THRA meshCnt=1 vertOff=0 normOff=0 fB0=0 fB1=0 fB4=0 meshHdrs=0x1288ffab0
  model[1] name=THRA meshCnt=3 vertOff=0 normOff=0 fB0=0 fB1=0 fB4=0 meshHdrs=0x12890f0c0
  model[2] name=THRA meshCnt=1 vertOff=0 normOff=0 fB0=0 fB1=0 fB4=0 meshHdrs=0x1288ffae0
  model[3] name=THRA meshCnt=2 vertOff=0 normOff=0 fB0=0 fB1=0 fB4=0 meshHdrs=0x1199b1680
  model[4] name=THRA meshCnt=1 vertOff=0 normOff=0 fB0=0 fB1=0 fB4=0 meshHdrs=0x1288ffb10
  model[5] name=THRA meshCnt=7 vertOff=0 normOff=0 fB0=0 fB1=0 fB4=0 meshHdrs=0x1125d8a80
  model[6] name=A404 meshCnt=1 vertOff=0 normOff=0 fB0=0 fB1=0 fB4=0 meshHdrs=0x1288ffb40
  model[7] name=A404 meshCnt=1 vertOff=0 normOff=0 fB0=0 fB1=0 fB4=0 meshHdrs=0x1288ffb70
  model[8] name=A404 meshCnt=1 vertOff=0 normOff=0 fB0=0 fB1=0 fB4=0 meshHdrs=0x1288ffba0
  modelOrder: 0 1 2 3 4 5 6 7 8
[IPDREF] hdr=0x1022f8600 registry=MISS lmBytes=0x7a1113
  model[0] name=THRA meshCnt=3 vertOff=0 normOff=0 fB0=0 fB1=0 fB4=0 meshHdrs=0x12890f3e0
  model[1] name=THRA meshCnt=2 vertOff=0 normOff=0 fB0=0 fB1=0 fB4=0 meshHdrs=0x1199b16e0
  model[2] name=THRA meshCnt=2 vertOff=0 normOff=0 fB0=0 fB1=0 fB4=0 meshHdrs=0x1199b1740
  model[3] name=THRA meshCnt=3 vertOff=0 normOff=0 fB0=0 fB1=0 fB4=0 meshHdrs=0x12890f480
  model[4] name=THRA meshCnt=3 vertOff=0 normOff=0 fB0=0 fB1=0 fB4=0 meshHdrs=0x12890f520
  model[5] name=A303 meshCnt=1 vertOff=0 normOff=0 fB0=0 fB1=0 fB4=0 meshHdrs=0x1288ffd50
  model[6] name=A304 meshCnt=1 vertOff=0 normOff=0 fB0=0 fB1=0 fB4=0 meshHdrs=0x1288ffd80
  model[7] name=A303 meshCnt=1 vertOff=0 normOff=0 fB0=0 fB1=0 fB4=0 meshHdrs=0x1288ffdb0
  model[8] name=A303 meshCnt=1 vertOff=0 normOff=0 fB0=0 fB1=0 fB4=0 meshHdrs=0x1288ffde0
  model[9] name=SIGN meshCnt=1 vertOff=0 normOff=0 fB0=0 fB1=0 fB4=0 meshHdrs=0x1288ffe10
  modelOrder: 0 1 2 3 4 5 6 7 8 9
[IPDREF] hdr=0x102303600 registry=MISS lmBytes=0x580c0f
  model[0] name=THRA meshCnt=1 vertOff=0 normOff=0 fB0=0 fB1=0 fB4=0 meshHdrs=0x1288fff60
  model[1] name=THRA meshCnt=2 vertOff=0 normOff=0 fB0=0 fB1=0 fB4=0 meshHdrs=0x1199b1800
  model[2] name=THRA meshCnt=3 vertOff=0 normOff=0 fB0=0 fB1=0 fB4=0 meshHdrs=0x12890f7a0
  model[3] name=THRA meshCnt=2 vertOff=0 normOff=0 fB0=0 fB1=0 fB4=0 meshHdrs=0x1199b1860
  model[4] name=THRA meshCnt=3 vertOff=0 normOff=0 fB0=0 fB1=0 fB4=0 meshHdrs=0x12890f840
  model[5] name=THRA meshCnt=1 vertOff=0 normOff=0 fB0=0 fB1=0 fB4=0 meshHdrs=0x1288fff90
  model[6] name=THRA meshCnt=1 vertOff=0 normOff=0 fB0=0 fB1=0 fB4=0 meshHdrs=0x1288fffc0
  model[7] name=THRA meshCnt=1 vertOff=0 normOff=0 fB0=0 fB1=0 fB4=0 meshHdrs=0x1199f5620
  model[8] name=THRA meshCnt=1 vertOff=0 normOff=0 fB0=0 fB1=0 fB4=0 meshHdrs=0x128846940
  model[9] name=THRA meshCnt=1 vertOff=0 normOff=0 fB0=0 fB1=0 fB4=0 meshHdrs=0x119b91ef0
  model[10] name=THRA meshCnt=1 vertOff=0 normOff=0 fB0=0 fB1=0 fB4=0 meshHdrs=0x1289c0000
  model[11] name=THRA meshCnt=1 vertOff=0 normOff=0 fB0=0 fB1=0 fB4=0 meshHdrs=0x1289c0030
  model[12] name=2_HI meshCnt=1 vertOff=0 normOff=0 fB0=0 fB1=0 fB4=0 meshHdrs=0x1289c0060
  model[13] name=1_HI meshCnt=1 vertOff=0 normOff=0 fB0=0 fB1=0 fB4=0 meshHdrs=0x1289c0090
  modelOrder: 0 1 2 3 4 5 6 7 8 9 10 11 12 13
[IPDREF] hdr=0x10230e600 registry=MISS lmBytes=0x370811
  model[0] name=THRA meshCnt=2 vertOff=0 normOff=0 fB0=0 fB1=0 fB4=0 meshHdrs=0x1199b1920
  model[1] name=THRA meshCnt=2 vertOff=0 normOff=0 fB0=0 fB1=0 fB4=0 meshHdrs=0x1199b1980
  model[2] name=THRA meshCnt=1 vertOff=0 normOff=0 fB0=0 fB1=0 fB4=0 meshHdrs=0x1289c0150
  model[3] name=THRA meshCnt=1 vertOff=0 normOff=0 fB0=0 fB1=0 fB4=0 meshHdrs=0x1289c0180
  model[4] name=THRA meshCnt=1 vertOff=0 normOff=0 fB0=0 fB1=0 fB4=0 meshHdrs=0x1289c01b0
  model[5] name=THRA meshCnt=2 vertOff=0 normOff=0 fB0=0 fB1=0 fB4=0 meshHdrs=0x1199b19e0
  model[6] name=THR2 meshCnt=1 vertOff=0 normOff=0 fB0=0 fB1=1 fB4=0 meshHdrs=0x1289c01e0
  model[7] name=BARA meshCnt=1 vertOff=0 normOff=0 fB0=0 fB1=1 fB4=0 meshHdrs=0x1289c0210
  model[8] name=BARA meshCnt=1 vertOff=0 normOff=0 fB0=0 fB1=1 fB4=0 meshHdrs=0x1289c0240
  model[9] name=BARA meshCnt=1 vertOff=0 normOff=0 fB0=0 fB1=1 fB4=0 meshHdrs=0x1289c0270
  model[10] name=BARA meshCnt=1 vertOff=0 normOff=0 fB0=0 fB1=1 fB4=0 meshHdrs=0x1289c02a0
  model[11] name=ROAD meshCnt=1 vertOff=0 normOff=0 fB0=0 fB1=4 fB4=0 meshHdrs=0x1289c02d0
  model[12] name=TIYA meshCnt=1 vertOff=0 normOff=0 fB0=0 fB1=3 fB4=0 meshHdrs=0x1289c0300
  modelOrder: 0 1 2 3 4 5 6 7 8 9 10 11 12
[IPDREF] hdr=0x12a844000 registry=MISS lmBytes=0x4a0b15
  model[0] name=THRA meshCnt=2 vertOff=0 normOff=0 fB0=0 fB1=0 fB4=0 meshHdrs=0x1199b1a40
  model[1] name=THRA meshCnt=2 vertOff=0 normOff=0 fB0=0 fB1=0 fB4=0 meshHdrs=0x1199b1aa0
  model[2] name=THRA meshCnt=2 vertOff=0 normOff=0 fB0=0 fB1=0 fB4=0 meshHdrs=0x1199b1b00
  model[3] name=THRA meshCnt=2 vertOff=0 normOff=0 fB0=0 fB1=0 fB4=0 meshHdrs=0x1199b1b60
  model[4] name=THR2 meshCnt=1 vertOff=0 normOff=0 fB0=0 fB1=1 fB4=0 meshHdrs=0x1289c0420
  model[5] name=THRA meshCnt=4 vertOff=0 normOff=0 fB0=0 fB1=0 fB4=0 meshHdrs=0x1125c9740
  model[6] name=THRA meshCnt=3 vertOff=0 normOff=0 fB0=0 fB1=0 fB4=0 meshHdrs=0x12890fc00
  model[7] name=TBRA meshCnt=1 vertOff=0 normOff=0 fB0=0 fB1=1 fB4=0 meshHdrs=0x1289c0450
  model[8] name=TBRA meshCnt=1 vertOff=0 normOff=0 fB0=0 fB1=1 fB4=0 meshHdrs=0x1289c0480
  model[9] name=BARA meshCnt=1 vertOff=0 normOff=0 fB0=0 fB1=1 fB4=0 meshHdrs=0x1289c04b0
  model[10] name=BARA meshCnt=1 vertOff=0 normOff=0 fB0=0 fB1=1 fB4=0 meshHdrs=0x1289c04e0
  model[11] name=BARA meshCnt=1 vertOff=0 normOff=0 fB0=0 fB1=1 fB4=0 meshHdrs=0x1289c0510
  model[12] name=BARA meshCnt=1 vertOff=0 normOff=0 fB0=0 fB1=1 fB4=0 meshHdrs=0x1289c0540
  model[13] name=BARA meshCnt=1 vertOff=0 normOff=0 fB0=0 fB1=1 fB4=0 meshHdrs=0x1289c0570
  model[14] name=KABE meshCnt=1 vertOff=0 normOff=0 fB0=0 fB1=3 fB4=0 meshHdrs=0x1289c05a0
  model[15] name=ROAD meshCnt=1 vertOff=0 normOff=0 fB0=0 fB1=4 fB4=0 meshHdrs=0x1289c05d0
  model[16] name=TIYA meshCnt=1 vertOff=0 normOff=0 fB0=0 fB1=3 fB4=0 meshHdrs=0x1289c0600
  modelOrder: 0 1 2 3 4 5 6 7 8 9 10 11 12 13 14 15 16
[IPDREF] hdr=0x12a85c000 registry=MISS lmBytes=0x4a0b13
  model[0] name=THR9 meshCnt=2 vertOff=0 normOff=0 fB0=0 fB1=0 fB4=0 meshHdrs=0x1199b1c20
  model[1] name=THR9 meshCnt=2 vertOff=0 normOff=0 fB0=0 fB1=0 fB4=0 meshHdrs=0x1199b1c80
  model[2] name=THR9 meshCnt=2 vertOff=0 normOff=0 fB0=0 fB1=0 fB4=0 meshHdrs=0x1199b1ce0
  model[3] name=THR9 meshCnt=2 vertOff=0 normOff=0 fB0=0 fB1=0 fB4=0 meshHdrs=0x1199b1d40
  model[4] name=BARA meshCnt=1 vertOff=0 normOff=0 fB0=0 fB1=1 fB4=0 meshHdrs=0x1289c0780
  model[5] name=BARA meshCnt=1 vertOff=0 normOff=0 fB0=0 fB1=1 fB4=0 meshHdrs=0x1289c07b0
  model[6] name=BARA meshCnt=1 vertOff=0 normOff=0 fB0=0 fB1=1 fB4=0 meshHdrs=0x1289c07e0
  model[7] name=BARA meshCnt=1 vertOff=0 normOff=0 fB0=0 fB1=1 fB4=0 meshHdrs=0x1289c0810
  model[8] name=BARA meshCnt=1 vertOff=0 normOff=0 fB0=0 fB1=1 fB4=0 meshHdrs=0x1289c0840
  model[9] name=BIL0 meshCnt=1 vertOff=0 normOff=0 fB0=0 fB1=3 fB4=0 meshHdrs=0x1289c0870
  model[10] name=BIL0 meshCnt=1 vertOff=0 normOff=0 fB0=0 fB1=3 fB4=0 meshHdrs=0x1289c08a0
  model[11] name=BIL0 meshCnt=1 vertOff=0 normOff=0 fB0=0 fB1=3 fB4=0 meshHdrs=0x1289c08d0
  model[12] name=BIL0 meshCnt=1 vertOff=0 normOff=0 fB0=0 fB1=3 fB4=0 meshHdrs=0x1289c0900
  model[13] name=BIL0 meshCnt=1 vertOff=0 normOff=0 fB0=0 fB1=3 fB4=0 meshHdrs=0x1289c0930
  model[14] name=BIL0 meshCnt=1 vertOff=0 normOff=0 fB0=0 fB1=3 fB4=0 meshHdrs=0x1289c0960
  model[15] name=THR9 meshCnt=2 vertOff=0 normOff=0 fB0=0 fB1=0 fB4=0 meshHdrs=0x1199b1da0
  model[16] name=BARA meshCnt=1 vertOff=0 normOff=0 fB0=0 fB1=1 fB4=0 meshHdrs=0x1289c0990
  modelOrder: 0 1 2 3 4 5 6 7 8 9 10 11 12 13 14 15 16
[IPDREF] hdr=0x12a874000 registry=MISS lmBytes=0x190406
  model[0] name=THR9 meshCnt=1 vertOff=0 normOff=0 fB0=0 fB1=0 fB4=0 meshHdrs=0x1289c0a50
  model[1] name=THR9 meshCnt=2 vertOff=0 normOff=0 fB0=0 fB1=0 fB4=0 meshHdrs=0x1199b1e00
  model[2] name=THR9 meshCnt=1 vertOff=0 normOff=0 fB0=0 fB1=0 fB4=0 meshHdrs=0x1289c0a80
  model[3] name=BARA meshCnt=1 vertOff=0 normOff=0 fB0=0 fB1=1 fB4=0 meshHdrs=0x1289c0ab0
  modelOrder: 0 1 2 3
[IPDREF] hdr=0x12a88c000 registry=MISS lmBytes=0x120307
  model[0] name=THR9 meshCnt=8 vertOff=0 normOff=0 fB0=0 fB1=0 fB4=0 meshHdrs=0x1125da580
  model[1] name=THR9 meshCnt=2 vertOff=0 normOff=0 fB0=0 fB1=0 fB4=0 meshHdrs=0x1199b1e60
  model[2] name=THR9 meshCnt=2 vertOff=0 normOff=0 fB0=0 fB1=0 fB4=0 meshHdrs=0x1199b1ec0
  model[3] name=9402 meshCnt=1 vertOff=0 normOff=0 fB0=0 fB1=0 fB4=0 meshHdrs=0x1289c0b10
  model[4] name=9402 meshCnt=1 vertOff=0 normOff=0 fB0=0 fB1=0 fB4=0 meshHdrs=0x1289c0b40
  model[5] name=9402 meshCnt=1 vertOff=0 normOff=0 fB0=0 fB1=5 fB4=0 meshHdrs=0x1289c0b70
  modelOrder: 0 1 2 3 4 5
[IPDREF] hdr=0x12a8a4000 registry=MISS lmBytes=0xa9191a
  model[0] name=THRA meshCnt=1 vertOff=0 normOff=0 fB0=0 fB1=0 fB4=0 meshHdrs=0x1289c0d50
  model[1] name=THRA meshCnt=1 vertOff=0 normOff=0 fB0=0 fB1=0 fB4=0 meshHdrs=0x1289c0d80
  model[2] name=THRA meshCnt=2 vertOff=0 normOff=0 fB0=0 fB1=0 fB4=0 meshHdrs=0x1199b1f20
  model[3] name=A501 meshCnt=1 vertOff=0 normOff=0 fB0=0 fB1=0 fB4=0 meshHdrs=0x1289c0db0
  model[4] name=A501 meshCnt=1 vertOff=0 normOff=0 fB0=0 fB1=0 fB4=0 meshHdrs=0x1289c0de0
  model[5] name=A506 meshCnt=1 vertOff=0 normOff=0 fB0=0 fB1=0 fB4=0 meshHdrs=0x1289c0e10
  model[6] name=A506 meshCnt=1 vertOff=0 normOff=0 fB0=0 fB1=0 fB4=0 meshHdrs=0x1289c0e40
  model[7] name=A509 meshCnt=1 vertOff=0 normOff=0 fB0=0 fB1=0 fB4=0 meshHdrs=0x1289c0e70
  model[8] name=A509 meshCnt=1 vertOff=0 normOff=0 fB0=0 fB1=0 fB4=0 meshHdrs=0x1289c0ea0
  model[9] name=A509 meshCnt=1 vertOff=0 normOff=0 fB0=0 fB1=0 fB4=0 meshHdrs=0x1289c0ed0
  model[10] name=A509 meshCnt=1 vertOff=0 normOff=0 fB0=0 fB1=0 fB4=0 meshHdrs=0x1289c0f00
  model[11] name=A506 meshCnt=1 vertOff=0 normOff=0 fB0=0 fB1=0 fB4=0 meshHdrs=0x1289c0f30
  model[12] name=A501 meshCnt=1 vertOff=0 normOff=0 fB0=0 fB1=0 fB4=0 meshHdrs=0x1289c0f60
  model[13] name=A506 meshCnt=1 vertOff=0 normOff=0 fB0=0 fB1=0 fB4=0 meshHdrs=0x1289c0f90
  model[14] name=THRA meshCnt=2 vertOff=0 normOff=0 fB0=0 fB1=0 fB4=0 meshHdrs=0x1199b1f80
  model[15] name=A507 meshCnt=1 vertOff=0 normOff=0 fB0=0 fB1=0 fB4=0 meshHdrs=0x1289c0fc0
  model[16] name=A507 meshCnt=1 vertOff=0 normOff=0 fB0=0 fB1=0 fB4=0 meshHdrs=0x1289c0ff0
  model[17] name=THRA meshCnt=1 vertOff=0 normOff=0 fB0=0 fB1=0 fB4=0 meshHdrs=0x1289c1020
  model[18] name=SIGN meshCnt=1 vertOff=0 normOff=0 fB0=0 fB1=0 fB4=0 meshHdrs=0x1289c1050
  model[19] name=A522 meshCnt=1 vertOff=0 normOff=0 fB0=0 fB1=5 fB4=0 meshHdrs=0x1289c1080
  model[20] name=A502 meshCnt=1 vertOff=0 normOff=0 fB0=0 fB1=3 fB4=0 meshHdrs=0x1289c10b0
  modelOrder: 0 1 2 3 4 5 6 7 8 9 10 11 12 13 14 15 16 17 18 19 20
[IPDREF] hdr=0x12a8bc000 registry=MISS lmBytes=0x811313
  model[0] name=THR9 meshCnt=3 vertOff=0 normOff=0 fB0=0 fB1=0 fB4=0 meshHdrs=0x1289c4320
  model[1] name=THR9 meshCnt=3 vertOff=0 normOff=0 fB0=0 fB1=0 fB4=0 meshHdrs=0x1289c43c0
  model[2] name=THR9 meshCnt=3 vertOff=0 normOff=0 fB0=0 fB1=0 fB4=0 meshHdrs=0x1289c4460
  model[3] name=THR9 meshCnt=1 vertOff=0 normOff=0 fB0=0 fB1=0 fB4=0 meshHdrs=0x1289c1290
  model[4] name=THR9 meshCnt=3 vertOff=0 normOff=0 fB0=0 fB1=0 fB4=0 meshHdrs=0x1289c4500
  model[5] name=THR9 meshCnt=2 vertOff=0 normOff=0 fB0=0 fB1=0 fB4=0 meshHdrs=0x1199b1fe0
  model[6] name=BENC meshCnt=1 vertOff=0 normOff=0 fB0=0 fB1=0 fB4=0 meshHdrs=0x1289c12c0
  model[7] name=BMER meshCnt=1 vertOff=0 normOff=0 fB0=0 fB1=0 fB4=0 meshHdrs=0x1289c12f0
  model[8] name=SIGN meshCnt=1 vertOff=0 normOff=0 fB0=0 fB1=0 fB4=0 meshHdrs=0x1289c1320
  model[9] name=SIGN meshCnt=1 vertOff=0 normOff=0 fB0=0 fB1=0 fB4=0 meshHdrs=0x1289c1350
  modelOrder: 0 1 2 3 4 5 6 7 8 9
[IPDREF] hdr=0x12a8d4000 registry=MISS lmBytes=0x7c1118
  model[0] name=THRA meshCnt=1 vertOff=0 normOff=0 fB0=0 fB1=0 fB4=0 meshHdrs=0x1289c1500
  model[1] name=THRA meshCnt=2 vertOff=0 normOff=0 fB0=0 fB1=0 fB4=0 meshHdrs=0x1199b2040
  model[2] name=THRA meshCnt=2 vertOff=0 normOff=0 fB0=0 fB1=0 fB4=0 meshHdrs=0x1199b20a0
  model[3] name=THRA meshCnt=1 vertOff=0 normOff=0 fB0=0 fB1=0 fB4=0 meshHdrs=0x1289c1530
  model[4] name=51_N meshCnt=1 vertOff=0 normOff=0 fB0=0 fB1=1 fB4=0 meshHdrs=0x1289c1560
  model[5] name=THRA meshCnt=4 vertOff=0 normOff=0 fB0=0 fB1=0 fB4=0 meshHdrs=0x1125c9680
  model[6] name=THRA meshCnt=1 vertOff=0 normOff=0 fB0=0 fB1=0 fB4=0 meshHdrs=0x1289c1590
  model[7] name=THRA meshCnt=1 vertOff=0 normOff=0 fB0=0 fB1=0 fB4=0 meshHdrs=0x1289c15c0
  model[8] name=THRA meshCnt=1 vertOff=0 normOff=0 fB0=0 fB1=0 fB4=0 meshHdrs=0x1289c15f0
  model[9] name=2_NE meshCnt=1 vertOff=0 normOff=0 fB0=0 fB1=1 fB4=0 meshHdrs=0x1289c1620
  model[10] name=THRA meshCnt=2 vertOff=0 normOff=0 fB0=0 fB1=0 fB4=0 meshHdrs=0x1199b2100
  model[11] name=THRA meshCnt=2 vertOff=0 normOff=0 fB0=0 fB1=0 fB4=0 meshHdrs=0x1199b2160
  model[12] name=SIGN meshCnt=1 vertOff=0 normOff=0 fB0=0 fB1=0 fB4=0 meshHdrs=0x1289c1650
  model[13] name=3_NE meshCnt=1 vertOff=0 normOff=0 fB0=0 fB1=1 fB4=0 meshHdrs=0x1289c1680
  model[14] name=THRA meshCnt=1 vertOff=0 normOff=0 fB0=0 fB1=0 fB4=0 meshHdrs=0x1289c16b0
  model[15] name=THRA meshCnt=1 vertOff=0 normOff=0 fB0=0 fB1=0 fB4=0 meshHdrs=0x1289c16e0
  modelOrder: 0 1 2 3 4 5 6 7 8 9 10 11 12 13 14 15
[IPDREF] hdr=0x12a8ec000 registry=MISS lmBytes=0x7d1213
  model[0] name=THRA meshCnt=3 vertOff=0 normOff=0 fB0=0 fB1=0 fB4=0 meshHdrs=0x1289c4780
  model[1] name=THRA meshCnt=3 vertOff=0 normOff=0 fB0=0 fB1=0 fB4=0 meshHdrs=0x1289c4820
  model[2] name=THRA meshCnt=3 vertOff=0 normOff=0 fB0=0 fB1=0 fB4=0 meshHdrs=0x1289c48c0
  model[3] name=THRA meshCnt=2 vertOff=0 normOff=0 fB0=0 fB1=0 fB4=0 meshHdrs=0x1199b21c0
  model[4] name=THRA meshCnt=3 vertOff=0 normOff=0 fB0=0 fB1=0 fB4=0 meshHdrs=0x1289c4960
  model[5] name=THRA meshCnt=1 vertOff=0 normOff=0 fB0=0 fB1=0 fB4=0 meshHdrs=0x1289c18c0
  model[6] name=THRA meshCnt=1 vertOff=0 normOff=0 fB0=0 fB1=0 fB4=0 meshHdrs=0x1289c18f0
  model[7] name=POST meshCnt=1 vertOff=0 normOff=0 fB0=0 fB1=1 fB4=0 meshHdrs=0x1289c1920
  model[8] name=POST meshCnt=1 vertOff=0 normOff=0 fB0=0 fB1=1 fB4=0 meshHdrs=0x1289c1950
  modelOrder: 0 1 2 3 4 5 6 7 8
[IPDREF] hdr=0x12a904000 registry=MISS lmBytes=0x811312
  model[0] name=THR9 meshCnt=3 vertOff=0 normOff=0 fB0=0 fB1=0 fB4=0 meshHdrs=0x1289c4d20
  model[1] name=THR9 meshCnt=3 vertOff=0 normOff=0 fB0=0 fB1=0 fB4=0 meshHdrs=0x1289c4dc0
  model[2] name=THR9 meshCnt=3 vertOff=0 normOff=0 fB0=0 fB1=0 fB4=0 meshHdrs=0x1289c4e60
  model[3] name=THR9 meshCnt=1 vertOff=0 normOff=0 fB0=0 fB1=0 fB4=0 meshHdrs=0x1289c1b30
  model[4] name=THR9 meshCnt=3 vertOff=0 normOff=0 fB0=0 fB1=0 fB4=0 meshHdrs=0x1289c4f00
  model[5] name=THR9 meshCnt=2 vertOff=0 normOff=0 fB0=0 fB1=0 fB4=0 meshHdrs=0x1199b2220
  model[6] name=POST meshCnt=1 vertOff=0 normOff=0 fB0=0 fB1=0 fB4=0 meshHdrs=0x1289c1b60
  model[7] name=SIGN meshCnt=1 vertOff=0 normOff=0 fB0=0 fB1=0 fB4=0 meshHdrs=0x1289c1b90
  model[8] name=SIGN meshCnt=1 vertOff=0 normOff=0 fB0=0 fB1=0 fB4=0 meshHdrs=0x1289c1bc0
  modelOrder: 0 1 2 3 4 5 6 7 8
[IPDREF] hdr=0x12a91c000 registry=MISS lmBytes=0x861317
  model[0] name=THR9 meshCnt=2 vertOff=0 normOff=0 fB0=0 fB1=0 fB4=0 meshHdrs=0x1199b2280
  model[1] name=THR9 meshCnt=2 vertOff=0 normOff=0 fB0=0 fB1=0 fB4=0 meshHdrs=0x1199b22e0
  model[2] name=THR9 meshCnt=3 vertOff=0 normOff=0 fB0=0 fB1=0 fB4=0 meshHdrs=0x1289c5180
  model[3] name=THR9 meshCnt=2 vertOff=0 normOff=0 fB0=0 fB1=0 fB4=0 meshHdrs=0x1199b2340
  model[4] name=THR9 meshCnt=2 vertOff=0 normOff=0 fB0=0 fB1=0 fB4=0 meshHdrs=0x1199b23a0
  model[5] name=THR9 meshCnt=2 vertOff=0 normOff=0 fB0=0 fB1=0 fB4=0 meshHdrs=0x1199b2400
  model[6] name=THR9 meshCnt=2 vertOff=0 normOff=0 fB0=0 fB1=0 fB4=0 meshHdrs=0x1199b2460
  model[7] name=THR9 meshCnt=2 vertOff=0 normOff=0 fB0=0 fB1=0 fB4=0 meshHdrs=0x1199b24c0
  model[8] name=THR9 meshCnt=1 vertOff=0 normOff=0 fB0=0 fB1=0 fB4=0 meshHdrs=0x1289c1ce0
  model[9] name=BENC meshCnt=1 vertOff=0 normOff=0 fB0=0 fB1=0 fB4=0 meshHdrs=0x1289c1d10
  model[10] name=BENC meshCnt=1 vertOff=0 normOff=0 fB0=0 fB1=0 fB4=0 meshHdrs=0x1289c1d40
  model[11] name=POS1 meshCnt=1 vertOff=0 normOff=0 fB0=0 fB1=0 fB4=0 meshHdrs=0x1289c1d70
  modelOrder: 0 1 2 3 4 5 6 7 8 9 10 11
[IPDREF] hdr=0x12a934000 registry=MISS lmBytes=0x220509
  model[0] name=THR9 meshCnt=3 vertOff=0 normOff=0 fB0=0 fB1=0 fB4=0 meshHdrs=0x1289c52c0
  model[1] name=THR9 meshCnt=3 vertOff=0 normOff=0 fB0=0 fB1=0 fB4=0 meshHdrs=0x1289c5360
  model[2] name=THR9 meshCnt=1 vertOff=0 normOff=0 fB0=0 fB1=0 fB4=0 meshHdrs=0x1289c1e60
  model[3] name=THR9 meshCnt=1 vertOff=0 normOff=0 fB0=0 fB1=0 fB4=0 meshHdrs=0x1289c1e90
  model[4] name=SIGN meshCnt=1 vertOff=0 normOff=0 fB0=0 fB1=0 fB4=0 meshHdrs=0x1289c1ec0
  model[5] name=KABE meshCnt=1 vertOff=0 normOff=0 fB0=0 fB1=3 fB4=0 meshHdrs=0x1289c1ef0
  modelOrder: 0 1 2 3 4 5
[IPDREF] hdr=0x12a94c000 registry=MISS lmBytes=0x8f1414
  model[0] name=A605 meshCnt=1 vertOff=0 normOff=0 fB0=0 fB1=0 fB4=0 meshHdrs=0x1289c20a0
  model[1] name=A605 meshCnt=1 vertOff=0 normOff=0 fB0=0 fB1=0 fB4=0 meshHdrs=0x1289c20d0
  model[2] name=A605 meshCnt=1 vertOff=0 normOff=0 fB0=0 fB1=0 fB4=0 meshHdrs=0x1289c2100
  model[3] name=A602 meshCnt=1 vertOff=0 normOff=0 fB0=0 fB1=0 fB4=0 meshHdrs=0x1289c2130
  model[4] name=A602 meshCnt=1 vertOff=0 normOff=0 fB0=0 fB1=0 fB4=0 meshHdrs=0x1289c2160
  model[5] name=THRA meshCnt=1 vertOff=0 normOff=0 fB0=0 fB1=0 fB4=0 meshHdrs=0x1289c2190
  model[6] name=THRA meshCnt=1 vertOff=0 normOff=0 fB0=0 fB1=0 fB4=0 meshHdrs=0x1289c21c0
  model[7] name=THRA meshCnt=1 vertOff=0 normOff=0 fB0=0 fB1=0 fB4=0 meshHdrs=0x1289c21f0
  model[8] name=THRA meshCnt=1 vertOff=0 normOff=0 fB0=0 fB1=0 fB4=0 meshHdrs=0x1289c2220
  model[9] name=THRA meshCnt=2 vertOff=0 normOff=0 fB0=0 fB1=0 fB4=0 meshHdrs=0x1199b2520
  model[10] name=THRA meshCnt=3 vertOff=0 normOff=0 fB0=0 fB1=0 fB4=0 meshHdrs=0x1289c57c0
  model[11] name=THRA meshCnt=1 vertOff=0 normOff=0 fB0=0 fB1=0 fB4=0 meshHdrs=0x1289c2250
  model[12] name=A602 meshCnt=1 vertOff=0 normOff=0 fB0=0 fB1=1 fB4=0 meshHdrs=0x1289c2280
  model[13] name=CAR1 meshCnt=1 vertOff=0 normOff=0 fB0=0 fB1=4 fB4=0 meshHdrs=0x1289c22b0
  model[14] name=CAR1 meshCnt=1 vertOff=0 normOff=0 fB0=0 fB1=3 fB4=0 meshHdrs=0x1289c22e0
  model[15] name=CAR1 meshCnt=1 vertOff=0 normOff=0 fB0=0 fB1=4 fB4=0 meshHdrs=0x1289c2310
  modelOrder: 0 1 2 3 4 5 6 7 8 9 10 11 12 13 14 15
[IPDREF] hdr=0x12a964000 registry=MISS lmBytes=0x680f0a
  model[0] name=THR0 meshCnt=3 vertOff=0 normOff=0 fB0=0 fB1=0 fB4=0 meshHdrs=0x1289c5d60
  model[1] name=THR0 meshCnt=3 vertOff=0 normOff=0 fB0=0 fB1=0 fB4=0 meshHdrs=0x1289c5e00
  model[2] name=THR0 meshCnt=3 vertOff=0 normOff=0 fB0=0 fB1=0 fB4=0 meshHdrs=0x1289c5ea0
  model[3] name=THR0 meshCnt=3 vertOff=0 normOff=0 fB0=0 fB1=0 fB4=0 meshHdrs=0x1289c5f40
  model[4] name=THR0 meshCnt=3 vertOff=0 normOff=0 fB0=0 fB1=0 fB4=0 meshHdrs=0x1289c5fe0
  modelOrder: 0 1 2 3 4
[IPDREF] hdr=0x12a97c000 registry=MISS lmBytes=0x660d14
  model[0] name=THR8 meshCnt=2 vertOff=0 normOff=0 fB0=0 fB1=0 fB4=0 meshHdrs=0x1199b2580
  model[1] name=THR8 meshCnt=2 vertOff=0 normOff=0 fB0=0 fB1=0 fB4=0 meshHdrs=0x1199b25e0
  model[2] name=THR8 meshCnt=2 vertOff=0 normOff=0 fB0=0 fB1=0 fB4=0 meshHdrs=0x1199b2640
  model[3] name=THR8 meshCnt=1 vertOff=0 normOff=0 fB0=0 fB1=0 fB4=0 meshHdrs=0x1289c24f0
  model[4] name=THR8 meshCnt=2 vertOff=0 normOff=0 fB0=0 fB1=0 fB4=0 meshHdrs=0x1199b26a0
  model[5] name=THR8 meshCnt=2 vertOff=0 normOff=0 fB0=0 fB1=0 fB4=0 meshHdrs=0x1199b2700
  model[6] name=THR8 meshCnt=2 vertOff=0 normOff=0 fB0=0 fB1=0 fB4=0 meshHdrs=0x1199b2760
  model[7] name=THR8 meshCnt=2 vertOff=0 normOff=0 fB0=0 fB1=0 fB4=0 meshHdrs=0x1199b27c0
  model[8] name=THR8 meshCnt=1 vertOff=0 normOff=0 fB0=0 fB1=0 fB4=0 meshHdrs=0x1289c2520
  model[9] name=THR8 meshCnt=2 vertOff=0 normOff=0 fB0=0 fB1=0 fB4=0 meshHdrs=0x1199b2820
  model[10] name=THR8 meshCnt=1 vertOff=0 normOff=0 fB0=0 fB1=0 fB4=0 meshHdrs=0x1289c2550
  model[11] name=THR8 meshCnt=2 vertOff=0 normOff=0 fB0=0 fB1=0 fB4=0 meshHdrs=0x1199b2880
  model[12] name=THR8 meshCnt=1 vertOff=0 normOff=0 fB0=0 fB1=0 fB4=0 meshHdrs=0x1289c2580
  model[13] name=THR8 meshCnt=1 vertOff=0 normOff=0 fB0=0 fB1=0 fB4=0 meshHdrs=0x1289c25b0
  model[14] name=KANB meshCnt=1 vertOff=0 normOff=0 fB0=0 fB1=1 fB4=0 meshHdrs=0x1289c25e0
  modelOrder: 0 1 2 3 4 5 6 7 8 9 10 11 12 13 14
[IPDREF] hdr=0x12a994000 registry=MISS lmBytes=0x580c0a
  model[0] name=THR8 meshCnt=3 vertOff=0 normOff=0 fB0=0 fB1=0 fB4=0 meshHdrs=0x1289c63a0
  model[1] name=THR8 meshCnt=3 vertOff=0 normOff=0 fB0=0 fB1=0 fB4=0 meshHdrs=0x1289c6440
  model[2] name=THR8 meshCnt=3 vertOff=0 normOff=0 fB0=0 fB1=0 fB4=0 meshHdrs=0x1289c64e0
  model[3] name=THR8 meshCnt=4 vertOff=0 normOff=0 fB0=0 fB1=0 fB4=0 meshHdrs=0x1125c8fc0
  model[4] name=THR8 meshCnt=1 vertOff=0 normOff=0 fB0=0 fB1=0 fB4=0 meshHdrs=0x1289c2700
  model[5] name=THR8 meshCnt=1 vertOff=0 normOff=0 fB0=0 fB1=0 fB4=0 meshHdrs=0x1289c2730
  modelOrder: 0 1 2 3 4 5
[IPDREF] hdr=0x12a9ac000 registry=MISS lmBytes=0x5e0d0b
  model[0] name=THR8 meshCnt=4 vertOff=0 normOff=0 fB0=0 fB1=0 fB4=0 meshHdrs=0x1125c9800
  model[1] name=THR8 meshCnt=3 vertOff=0 normOff=0 fB0=0 fB1=0 fB4=0 meshHdrs=0x1289c6760
  model[2] name=THR8 meshCnt=3 vertOff=0 normOff=0 fB0=0 fB1=0 fB4=0 meshHdrs=0x1289c6800
  model[3] name=THR8 meshCnt=3 vertOff=0 normOff=0 fB0=0 fB1=0 fB4=0 meshHdrs=0x1289c68a0
  model[4] name=THR8 meshCnt=1 vertOff=0 normOff=0 fB0=0 fB1=0 fB4=0 meshHdrs=0x1289c2880
  model[5] name=THR8 meshCnt=1 vertOff=0 normOff=0 fB0=0 fB1=0 fB4=0 meshHdrs=0x1289c28b0
  model[6] name=THR8 meshCnt=2 vertOff=0 normOff=0 fB0=0 fB1=0 fB4=0 meshHdrs=0x1199b28e0
  modelOrder: 0 1 2 3 4 5 6
[IPDREF] hdr=0x12a9c4000 registry=MISS lmBytes=0x4e0a11
  model[0] name=THR8 meshCnt=2 vertOff=0 normOff=0 fB0=0 fB1=0 fB4=0 meshHdrs=0x1199b2940
  model[1] name=THR8 meshCnt=4 vertOff=0 normOff=0 fB0=0 fB1=0 fB4=0 meshHdrs=0x1125c98c0
  model[2] name=THR8 meshCnt=2 vertOff=0 normOff=0 fB0=0 fB1=0 fB4=0 meshHdrs=0x1199b29a0
  model[3] name=THR8 meshCnt=3 vertOff=0 normOff=0 fB0=0 fB1=0 fB4=0 meshHdrs=0x1289c6b20
  model[4] name=THR8 meshCnt=3 vertOff=0 normOff=0 fB0=0 fB1=0 fB4=0 meshHdrs=0x1289c6bc0
  model[5] name=THR8 meshCnt=2 vertOff=0 normOff=0 fB0=0 fB1=0 fB4=0 meshHdrs=0x1199b2a00
  model[6] name=THR8 meshCnt=3 vertOff=0 normOff=0 fB0=0 fB1=0 fB4=0 meshHdrs=0x1289c6c60
  model[7] name=SIGN meshCnt=1 vertOff=0 normOff=0 fB0=0 fB1=0 fB4=0 meshHdrs=0x1289c2940
  model[8] name=TRAS meshCnt=1 vertOff=0 normOff=0 fB0=0 fB1=0 fB4=0 meshHdrs=0x1289c2970
  modelOrder: 0 1 2 3 4 5 6 7 8
[IPDREF] hdr=0x12a9dc000 registry=MISS lmBytes=0x31070a
  model[0] name=THR9 meshCnt=2 vertOff=0 normOff=0 fB0=0 fB1=0 fB4=0 meshHdrs=0x1199b2a60
  model[1] name=THR9 meshCnt=2 vertOff=0 normOff=0 fB0=0 fB1=0 fB4=0 meshHdrs=0x1199b2ac0
  model[2] name=THR9 meshCnt=1 vertOff=0 normOff=0 fB0=0 fB1=0 fB4=0 meshHdrs=0x1289c2a90
  model[3] name=THR9 meshCnt=8 vertOff=0 normOff=0 fB0=0 fB1=0 fB4=0 meshHdrs=0x1125dad00
  model[4] name=THR9 meshCnt=1 vertOff=0 normOff=0 fB0=0 fB1=0 fB4=0 meshHdrs=0x1289c2ac0
  model[5] name=THR9 meshCnt=1 vertOff=0 normOff=0 fB0=0 fB1=0 fB4=0 meshHdrs=0x1289c2af0
  modelOrder: 0 1 2 3 4 5
[IPDREF] hdr=0x12a9f4000 registry=MISS lmBytes=0x280608
  model[0] name=THR9 meshCnt=2 vertOff=0 normOff=0 fB0=0 fB1=0 fB4=0 meshHdrs=0x1199b2b20
  model[1] name=THR9 meshCnt=2 vertOff=0 normOff=0 fB0=0 fB1=0 fB4=0 meshHdrs=0x1199b2b80
  model[2] name=THR9 meshCnt=1 vertOff=0 normOff=0 fB0=0 fB1=0 fB4=0 meshHdrs=0x1289c2be0
  model[3] name=9103 meshCnt=1 vertOff=0 normOff=0 fB0=0 fB1=1 fB4=0 meshHdrs=0x1289c2c10
  model[4] name=9103 meshCnt=1 vertOff=0 normOff=0 fB0=0 fB1=1 fB4=0 meshHdrs=0x1289c2c40
  modelOrder: 0 1 2 3 4
[IPDREF] hdr=0x12aa0c000 registry=MISS lmBytes=0x95151c
  model[0] name=THR7 meshCnt=3 vertOff=0 normOff=0 fB0=0 fB1=0 fB4=0 meshHdrs=0x1289c70c0
  model[1] name=THR7 meshCnt=1 vertOff=0 normOff=0 fB0=0 fB1=0 fB4=0 meshHdrs=0x1289c2e20
  model[2] name=THR7 meshCnt=4 vertOff=0 normOff=0 fB0=0 fB1=0 fB4=0 meshHdrs=0x1125c9a40
  model[3] name=7206 meshCnt=1 vertOff=0 normOff=0 fB0=0 fB1=0 fB4=0 meshHdrs=0x1289c2e50
  model[4] name=7206 meshCnt=1 vertOff=0 normOff=0 fB0=0 fB1=0 fB4=0 meshHdrs=0x1289c2e80
  model[5] name=7201 meshCnt=1 vertOff=0 normOff=0 fB0=0 fB1=0 fB4=0 meshHdrs=0x1289c2eb0
  model[6] name=7201 meshCnt=1 vertOff=0 normOff=0 fB0=0 fB1=0 fB4=0 meshHdrs=0x1289c2ee0
  model[7] name=7201 meshCnt=1 vertOff=0 normOff=0 fB0=0 fB1=0 fB4=0 meshHdrs=0x1289c2f10
  model[8] name=THR7 meshCnt=1 vertOff=0 normOff=0 fB0=0 fB1=0 fB4=0 meshHdrs=0x1289c2f40
  model[9] name=THR7 meshCnt=1 vertOff=0 normOff=0 fB0=0 fB1=0 fB4=0 meshHdrs=0x1289c2f70
  model[10] name=7203 meshCnt=1 vertOff=0 normOff=0 fB0=0 fB1=0 fB4=0 meshHdrs=0x1289c2fa0
  model[11] name=7207 meshCnt=1 vertOff=0 normOff=0 fB0=0 fB1=0 fB4=0 meshHdrs=0x1289c2fd0
  model[12] name=7207 meshCnt=1 vertOff=0 normOff=0 fB0=0 fB1=0 fB4=0 meshHdrs=0x1289c3000
  model[13] name=7207 meshCnt=1 vertOff=0 normOff=0 fB0=0 fB1=0 fB4=0 meshHdrs=0x1289c3030
  model[14] name=7207 meshCnt=1 vertOff=0 normOff=0 fB0=0 fB1=0 fB4=0 meshHdrs=0x1289c3060
  model[15] name=7207 meshCnt=1 vertOff=0 normOff=0 fB0=0 fB1=5 fB4=0 meshHdrs=0x1289c3090
  model[16] name=7203 meshCnt=1 vertOff=0 normOff=0 fB0=0 fB1=2 fB4=0 meshHdrs=0x1289c30c0
  model[17] name=7203 meshCnt=1 vertOff=0 normOff=0 fB0=0 fB1=5 fB4=0 meshHdrs=0x1289c30f0
  model[18] name=7203 meshCnt=1 vertOff=0 normOff=0 fB0=0 fB1=2 fB4=0 meshHdrs=0x1289c3120
  model[19] name=7203 meshCnt=1 vertOff=0 normOff=0 fB0=0 fB1=2 fB4=0 meshHdrs=0x1289c3150
  model[20] name=7203 meshCnt=1 vertOff=0 normOff=0 fB0=0 fB1=1 fB4=0 meshHdrs=0x1289c3180
  model[21] name=7222 meshCnt=1 vertOff=0 normOff=0 fB0=0 fB1=4 fB4=0 meshHdrs=0x1289c31b0
  model[22] name=CHAI meshCnt=1 vertOff=0 normOff=0 fB0=0 fB1=5 fB4=0 meshHdrs=0x1289c31e0
  model[23] name=CHAI meshCnt=1 vertOff=0 normOff=0 fB0=0 fB1=3 fB4=0 meshHdrs=0x1289c3210
  model[24] name=CHAI meshCnt=1 vertOff=0 normOff=0 fB0=0 fB1=1 fB4=0 meshHdrs=0x1289c3240
  model[25] name=7222 meshCnt=1 vertOff=0 normOff=0 fB0=0 fB1=5 fB4=0 meshHdrs=0x1289c3270
  model[26] name=NOTI meshCnt=1 vertOff=0 normOff=0 fB0=0 fB1=1 fB4=0 meshHdrs=0x1289c32a0
  model[27] name=CHAI meshCnt=1 vertOff=0 normOff=0 fB0=0 fB1=3 fB4=0 meshHdrs=0x1289c32d0
  model[28] name=CHAI meshCnt=1 vertOff=0 normOff=0 fB0=0 fB1=5 fB4=0 meshHdrs=0x1289c3300
  model[29] name=DOOR meshCnt=1 vertOff=0 normOff=0 fB0=0 fB1=4 fB4=0 meshHdrs=0x1289c3330
  model[30] name=CHAI meshCnt=1 vertOff=0 normOff=0 fB0=0 fB1=1 fB4=0 meshHdrs=0x1289c3360
  model[31] name=CHAI meshCnt=1 vertOff=0 normOff=0 fB0=0 fB1=5 fB4=0 meshHdrs=0x1289c3390
  modelOrder: 0 1 2 3 4 5 6 7 8 9 10 11 12 13 14 15 16 17 18 19 20 21 22 23 24 25 26 27 28 29 30 31
[IPDREF] hdr=0x12aa24000 registry=MISS lmBytes=0x811310
  model[0] name=THR2 meshCnt=3 vertOff=0 normOff=0 fB0=0 fB1=0 fB4=0 meshHdrs=0x1289c7520
  model[1] name=THR2 meshCnt=3 vertOff=0 normOff=0 fB0=0 fB1=0 fB4=0 meshHdrs=0x1289c75c0
  model[2] name=THR2 meshCnt=3 vertOff=0 normOff=0 fB0=0 fB1=0 fB4=0 meshHdrs=0x1289c7660
  model[3] name=THR2 meshCnt=2 vertOff=0 normOff=0 fB0=0 fB1=0 fB4=0 meshHdrs=0x1199b2be0
  model[4] name=THR2 meshCnt=2 vertOff=0 normOff=0 fB0=0 fB1=0 fB4=0 meshHdrs=0x1199b2c40
  model[5] name=THR2 meshCnt=2 vertOff=0 normOff=0 fB0=0 fB1=0 fB4=0 meshHdrs=0x1199b2ca0
  model[6] name=SIGN meshCnt=1 vertOff=0 normOff=0 fB0=0 fB1=0 fB4=0 meshHdrs=0x1289c35a0
  model[7] name=SIGN meshCnt=1 vertOff=0 normOff=0 fB0=0 fB1=0 fB4=0 meshHdrs=0x1289c35d0
  modelOrder: 0 1 2 3 4 5 6 7
[IPDREF] hdr=0x12aa3c000 registry=MISS lmBytes=0x370816
  model[0] name=74PO meshCnt=1 vertOff=0 normOff=0 fB0=0 fB1=0 fB4=0 meshHdrs=0x1289c36c0
  model[1] name=74PO meshCnt=1 vertOff=0 normOff=0 fB0=0 fB1=0 fB4=0 meshHdrs=0x1289c36f0
  model[2] name=74PO meshCnt=1 vertOff=0 normOff=0 fB0=0 fB1=0 fB4=0 meshHdrs=0x1289c3720
  model[3] name=74PO meshCnt=1 vertOff=0 normOff=0 fB0=0 fB1=0 fB4=0 meshHdrs=0x1289c3750
  model[4] name=74PO meshCnt=1 vertOff=0 normOff=0 fB0=0 fB1=0 fB4=0 meshHdrs=0x1289c3780
  model[5] name=BOX0 meshCnt=1 vertOff=0 normOff=0 fB0=0 fB1=0 fB4=0 meshHdrs=0x1289c37b0
  model[6] name=THR7 meshCnt=3 vertOff=0 normOff=0 fB0=0 fB1=0 fB4=0 meshHdrs=0x1289c77a0
  model[7] name=THR7 meshCnt=3 vertOff=0 normOff=0 fB0=0 fB1=0 fB4=0 meshHdrs=0x1289c7840
  model[8] name=THR7 meshCnt=3 vertOff=0 normOff=0 fB0=0 fB1=0 fB4=0 meshHdrs=0x1289c78e0
  model[9] name=THR7 meshCnt=3 vertOff=0 normOff=0 fB0=0 fB1=0 fB4=0 meshHdrs=0x1289c7980
  model[10] name=THR7 meshCnt=1 vertOff=0 normOff=0 fB0=0 fB1=0 fB4=0 meshHdrs=0x1289c37e0
  model[11] name=74PO meshCnt=1 vertOff=0 normOff=0 fB0=0 fB1=0 fB4=0 meshHdrs=0x1289c3810
  model[12] name=THR7 meshCnt=3 vertOff=0 normOff=0 fB0=0 fB1=0 fB4=0 meshHdrs=0x1289c7a20
  model[13] name=CUBE meshCnt=1 vertOff=0 normOff=0 fB0=0 fB1=0 fB4=0 meshHdrs=0x1289c3840
  model[14] name=CUBE meshCnt=1 vertOff=0 normOff=0 fB0=0 fB1=0 fB4=0 meshHdrs=0x1289c3870
  model[15] name=CUBE meshCnt=1 vertOff=0 normOff=0 fB0=0 fB1=0 fB4=0 meshHdrs=0x1289c38a0
  model[16] name=CUBE meshCnt=1 vertOff=0 normOff=0 fB0=0 fB1=0 fB4=0 meshHdrs=0x1289c38d0
  modelOrder: 0 1 2 3 4 5 6 7 8 9 10 11 12 13 14 15 16
[IPDREF] hdr=0x12aa54000 registry=MISS lmBytes=0xa0212
  model[0] name=THR7 meshCnt=1 vertOff=0 normOff=0 fB0=0 fB1=0 fB4=0 meshHdrs=0x1289c3960
  model[1] name=THR7 meshCnt=1 vertOff=0 normOff=0 fB0=0 fB1=0 fB4=0 meshHdrs=0x1289c3990
  model[2] name=W4_B meshCnt=1 vertOff=0 normOff=0 fB0=0 fB1=5 fB4=0 meshHdrs=0x1289c39c0
  model[3] name=INWI meshCnt=1 vertOff=0 normOff=0 fB0=0 fB1=3 fB4=0 meshHdrs=0x1289c39f0
  model[4] name=CHAI meshCnt=1 vertOff=0 normOff=0 fB0=0 fB1=2 fB4=0 meshHdrs=0x1289c3a20
  model[5] name=CSAW meshCnt=1 vertOff=0 normOff=0 fB0=0 fB1=2 fB4=0 meshHdrs=0x1289c3a50
  model[6] name=CSAW meshCnt=1 vertOff=0 normOff=0 fB0=0 fB1=2 fB4=0 meshHdrs=0x1289c3a80
  model[7] name=WINW meshCnt=1 vertOff=0 normOff=0 fB0=0 fB1=2 fB4=0 meshHdrs=0x1289c3ab0
  model[8] name=DOR_ meshCnt=1 vertOff=0 normOff=0 fB0=0 fB1=5 fB4=0 meshHdrs=0x1289c3ae0
  model[9] name=W2_F meshCnt=1 vertOff=0 normOff=0 fB0=0 fB1=2 fB4=0 meshHdrs=0x1289c3b10
  model[10] name=W1   meshCnt=1 vertOff=0 normOff=0 fB0=0 fB1=0 fB4=0 meshHdrs=0x1289c3b40
  model[11] name=SALE meshCnt=1 vertOff=0 normOff=0 fB0=0 fB1=1 fB4=0 meshHdrs=0x1289c3b70
  model[12] name=W3_B meshCnt=1 vertOff=0 normOff=0 fB0=0 fB1=3 fB4=0 meshHdrs=0x1289c3ba0
  model[13] name=SALE meshCnt=1 vertOff=0 normOff=0 fB0=0 fB1=2 fB4=0 meshHdrs=0x1289c3bd0
  model[14] name=SALE meshCnt=1 vertOff=0 normOff=0 fB0=0 fB1=2 fB4=0 meshHdrs=0x1289c3c00
  model[15] name=SALE meshCnt=1 vertOff=0 normOff=0 fB0=0 fB1=2 fB4=0 meshHdrs=0x1289c3c30
  model[16] name=SALE meshCnt=1 vertOff=0 normOff=0 fB0=0 fB1=2 fB4=0 meshHdrs=0x1289c3c60
  model[17] name=SALE meshCnt=1 vertOff=0 normOff=0 fB0=0 fB1=2 fB4=0 meshHdrs=0x1289c3c90
  model[18] name=KANB meshCnt=1 vertOff=0 normOff=0 fB0=0 fB1=1 fB4=0 meshHdrs=0x1289c3cc0
  modelOrder: 0 1 2 3 4 5 6 7 8 9 10 11 12 13 14 15 16 17 18
[IPDREF] hdr=0x12aa6c000 registry=MISS lmBytes=0x801216
  model[0] name=THR7 meshCnt=2 vertOff=0 normOff=0 fB0=0 fB1=0 fB4=0 meshHdrs=0x1199b2d60
  model[1] name=THR7 meshCnt=1 vertOff=0 normOff=0 fB0=0 fB1=0 fB4=0 meshHdrs=0x1289c3de0
  model[2] name=THR7 meshCnt=3 vertOff=0 normOff=0 fB0=0 fB1=0 fB4=0 meshHdrs=0x1289c7c00
  model[3] name=THR7 meshCnt=2 vertOff=0 normOff=0 fB0=0 fB1=0 fB4=0 meshHdrs=0x1199b2dc0
  model[4] name=THR7 meshCnt=2 vertOff=0 normOff=0 fB0=0 fB1=0 fB4=0 meshHdrs=0x1199b2e20
  model[5] name=THR7 meshCnt=2 vertOff=0 normOff=0 fB0=0 fB1=0 fB4=0 meshHdrs=0x1199b2e80
  model[6] name=THR7 meshCnt=2 vertOff=0 normOff=0 fB0=0 fB1=0 fB4=0 meshHdrs=0x1199b2ee0
  model[7] name=THR7 meshCnt=3 vertOff=0 normOff=0 fB0=0 fB1=0 fB4=0 meshHdrs=0x1289c7ca0
  model[8] name=THR7 meshCnt=2 vertOff=0 normOff=0 fB0=0 fB1=0 fB4=0 meshHdrs=0x1199b2f40
  model[9] name=TRAS meshCnt=1 vertOff=0 normOff=0 fB0=0 fB1=0 fB4=0 meshHdrs=0x1289c3e10
  model[10] name=7702 meshCnt=1 vertOff=0 normOff=0 fB0=0 fB1=3 fB4=0 meshHdrs=0x1289c3e40
  model[11] name=YOKO meshCnt=1 vertOff=0 normOff=0 fB0=0 fB1=5 fB4=0 meshHdrs=0x1289c3e70
  modelOrder: 0 1 2 3 4 5 6 7 8 9 10 11
[IPDREF] hdr=0x12aa84000 registry=MISS lmBytes=0x5f0e12
  model[0] name=THR7 meshCnt=3 vertOff=0 normOff=0 fB0=0 fB1=0 fB4=0 meshHdrs=0x1289c7de0
  model[1] name=THR7 meshCnt=3 vertOff=0 normOff=0 fB0=0 fB1=0 fB4=0 meshHdrs=0x1289c7e80
  model[2] name=THR7 meshCnt=2 vertOff=0 normOff=0 fB0=0 fB1=0 fB4=0 meshHdrs=0x1199b3000
  model[3] name=THR7 meshCnt=3 vertOff=0 normOff=0 fB0=0 fB1=0 fB4=0 meshHdrs=0x1289c7f20
  model[4] name=THR7 meshCnt=3 vertOff=0 normOff=0 fB0=0 fB1=0 fB4=0 meshHdrs=0x1289d0000
  model[5] name=THR7 meshCnt=3 vertOff=0 normOff=0 fB0=0 fB1=0 fB4=0 meshHdrs=0x1289d00a0
  model[6] name=THR7 meshCnt=1 vertOff=0 normOff=0 fB0=0 fB1=0 fB4=0 meshHdrs=0x1289cc030
  model[7] name=78YO meshCnt=1 vertOff=0 normOff=0 fB0=0 fB1=5 fB4=0 meshHdrs=0x1289cc060
  modelOrder: 0 1 2 3 4 5 6 7
[IPDREF] hdr=0x12aa9c000 registry=MISS lmBytes=0x711019
  model[0] name=THR7 meshCnt=2 vertOff=0 normOff=0 fB0=0 fB1=0 fB4=0 meshHdrs=0x1199b3060
  model[1] name=THR7 meshCnt=2 vertOff=0 normOff=0 fB0=0 fB1=0 fB4=0 meshHdrs=0x1199b30c0
  model[2] name=THR7 meshCnt=3 vertOff=0 normOff=0 fB0=0 fB1=0 fB4=0 meshHdrs=0x1289d01e0
  model[3] name=THR7 meshCnt=2 vertOff=0 normOff=0 fB0=0 fB1=0 fB4=0 meshHdrs=0x1199b3120
  model[4] name=THR7 meshCnt=4 vertOff=0 normOff=0 fB0=0 fB1=0 fB4=0 meshHdrs=0x1125c9b00
  model[5] name=THR7 meshCnt=1 vertOff=0 normOff=0 fB0=0 fB1=0 fB4=0 meshHdrs=0x1289cc270
  model[6] name=THR7 meshCnt=1 vertOff=0 normOff=0 fB0=0 fB1=1 fB4=0 meshHdrs=0x1289cc2a0
  model[7] name=THR7 meshCnt=1 vertOff=0 normOff=0 fB0=0 fB1=0 fB4=0 meshHdrs=0x1289cc2d0
  model[8] name=RSR7 meshCnt=1 vertOff=0 normOff=0 fB0=0 fB1=3 fB4=0 meshHdrs=0x1289cc300
  model[9] name=THR7 meshCnt=1 vertOff=0 normOff=0 fB0=0 fB1=0 fB4=0 meshHdrs=0x1289cc330
  model[10] name=THR7 meshCnt=1 vertOff=0 normOff=0 fB0=0 fB1=0 fB4=0 meshHdrs=0x1289cc360
  model[11] name=THR7 meshCnt=1 vertOff=0 normOff=0 fB0=0 fB1=0 fB4=0 meshHdrs=0x1289cc390
  model[12] name=THR7 meshCnt=1 vertOff=0 normOff=0 fB0=0 fB1=0 fB4=0 meshHdrs=0x1289cc3c0
  modelOrder: 0 1 2 3 4 5 6 7 8 9 10 11 12
[IPDREF] hdr=0x12aab4000 registry=MISS lmBytes=0x410a0b
  model[0] name=THR8 meshCnt=2 vertOff=0 normOff=0 fB0=0 fB1=0 fB4=0 meshHdrs=0x1199b3180
  model[1] name=THR8 meshCnt=3 vertOff=0 normOff=0 fB0=0 fB1=0 fB4=0 meshHdrs=0x1289d0320
  model[2] name=THR8 meshCnt=3 vertOff=0 normOff=0 fB0=0 fB1=0 fB4=0 meshHdrs=0x1289d03c0
  model[3] name=THR8 meshCnt=2 vertOff=0 normOff=0 fB0=0 fB1=0 fB4=0 meshHdrs=0x1199b31e0
  model[4] name=THR8 meshCnt=2 vertOff=0 normOff=0 fB0=0 fB1=0 fB4=0 meshHdrs=0x1199b3240
  model[5] name=8001 meshCnt=1 vertOff=0 normOff=0 fB0=0 fB1=4 fB4=0 meshHdrs=0x1289cc510
  model[6] name=8001 meshCnt=1 vertOff=0 normOff=0 fB0=0 fB1=2 fB4=0 meshHdrs=0x1289cc540
  modelOrder: 0 1 2 3 4 5 6
[IPDREF] hdr=0x12aacc000 registry=MISS lmBytes=0x811319
  model[0] name=THR1 meshCnt=2 vertOff=0 normOff=0 fB0=0 fB1=0 fB4=0 meshHdrs=0x1199b32a0
  model[1] name=THR1 meshCnt=2 vertOff=0 normOff=0 fB0=0 fB1=0 fB4=0 meshHdrs=0x1199b3300
  model[2] name=THR1 meshCnt=2 vertOff=0 normOff=0 fB0=0 fB1=0 fB4=0 meshHdrs=0x1199b3360
  model[3] name=THR1 meshCnt=2 vertOff=0 normOff=0 fB0=0 fB1=0 fB4=0 meshHdrs=0x1199b33c0
  model[4] name=THR1 meshCnt=2 vertOff=0 normOff=0 fB0=0 fB1=0 fB4=0 meshHdrs=0x1199b3420
  model[5] name=THR1 meshCnt=2 vertOff=0 normOff=0 fB0=0 fB1=0 fB4=0 meshHdrs=0x1199b3480
  model[6] name=THR1 meshCnt=1 vertOff=0 normOff=0 fB0=0 fB1=0 fB4=0 meshHdrs=0x1289cc7b0
  model[7] name=THR1 meshCnt=2 vertOff=0 normOff=0 fB0=0 fB1=0 fB4=0 meshHdrs=0x1199b34e0
  model[8] name=THR1 meshCnt=2 vertOff=0 normOff=0 fB0=0 fB1=0 fB4=0 meshHdrs=0x1199b3540
  model[9] name=THR1 meshCnt=2 vertOff=0 normOff=0 fB0=0 fB1=0 fB4=0 meshHdrs=0x1199b35a0
  model[10] name=THR1 meshCnt=1 vertOff=0 normOff=0 fB0=0 fB1=0 fB4=0 meshHdrs=0x1289cc7e0
  model[11] name=THR1 meshCnt=1 vertOff=0 normOff=0 fB0=0 fB1=0 fB4=0 meshHdrs=0x1289cc810
  model[12] name=SIGN meshCnt=1 vertOff=0 normOff=0 fB0=0 fB1=0 fB4=0 meshHdrs=0x1289cc840
  model[13] name=SIGN meshCnt=1 vertOff=0 normOff=0 fB0=0 fB1=0 fB4=0 meshHdrs=0x1289cc870
  model[14] name=1109 meshCnt=1 vertOff=0 normOff=0 fB0=0 fB1=1 fB4=0 meshHdrs=0x1289cc8a0
  model[15] name=IN_B meshCnt=1 vertOff=0 normOff=0 fB0=0 fB1=3 fB4=0 meshHdrs=0x1289cc8d0
  model[16] name=DOOR meshCnt=1 vertOff=0 normOff=0 fB0=0 fB1=0 fB4=0 meshHdrs=0x1289cc900
  model[17] name=NOB_ meshCnt=1 vertOff=0 normOff=0 fB0=0 fB1=2 fB4=0 meshHdrs=0x1289cc930
  modelOrder: 0 1 2 3 4 5 6 7 8 9 10 11 12 13 14 15 16 17
[IPDREF] hdr=0x12aae4000 registry=MISS lmBytes=0x90151a
  model[0] name=THR8 meshCnt=1 vertOff=0 normOff=0 fB0=0 fB1=0 fB4=0 meshHdrs=0x1289ccb10
  model[1] name=THR8 meshCnt=2 vertOff=0 normOff=0 fB0=0 fB1=0 fB4=0 meshHdrs=0x1199b3660
  model[2] name=THR8 meshCnt=2 vertOff=0 normOff=0 fB0=0 fB1=0 fB4=0 meshHdrs=0x1199b36c0
  model[3] name=THR8 meshCnt=4 vertOff=0 normOff=0 fB0=0 fB1=0 fB4=0 meshHdrs=0x1125c9c80
  model[4] name=THR8 meshCnt=1 vertOff=0 normOff=0 fB0=0 fB1=0 fB4=0 meshHdrs=0x1289ccb40
  model[5] name=THR8 meshCnt=2 vertOff=0 normOff=0 fB0=0 fB1=0 fB4=0 meshHdrs=0x1199b3720
  model[6] name=8204 meshCnt=1 vertOff=0 normOff=0 fB0=0 fB1=0 fB4=0 meshHdrs=0x1289ccb70
  model[7] name=8202 meshCnt=1 vertOff=0 normOff=0 fB0=0 fB1=0 fB4=0 meshHdrs=0x1289ccba0
  model[8] name=8203 meshCnt=1 vertOff=0 normOff=0 fB0=0 fB1=1 fB4=0 meshHdrs=0x1289ccbd0
  model[9] name=8201 meshCnt=1 vertOff=0 normOff=0 fB0=0 fB1=0 fB4=0 meshHdrs=0x1289ccc00
  model[10] name=THR8 meshCnt=1 vertOff=0 normOff=0 fB0=0 fB1=1 fB4=0 meshHdrs=0x1289ccc30
  model[11] name=THR8 meshCnt=1 vertOff=0 normOff=0 fB0=0 fB1=1 fB4=0 meshHdrs=0x1289ccc60
  model[12] name=S4_F meshCnt=1 vertOff=0 normOff=0 fB0=0 fB1=2 fB4=0 meshHdrs=0x1289ccc90
  model[13] name=8202 meshCnt=1 vertOff=0 normOff=0 fB0=0 fB1=1 fB4=0 meshHdrs=0x1289cccc0
  model[14] name=8202 meshCnt=1 vertOff=0 normOff=0 fB0=0 fB1=1 fB4=0 meshHdrs=0x1289cccf0
  model[15] name=8206 meshCnt=1 vertOff=0 normOff=0 fB0=0 fB1=1 fB4=0 meshHdrs=0x1289ccd20
  model[16] name=8205 meshCnt=1 vertOff=0 normOff=0 fB0=0 fB1=1 fB4=0 meshHdrs=0x1289ccd50
  modelOrder: 0 1 2 3 4 5 6 7 8 9 10 11 12 13 14 15 16
[IPDREF] hdr=0x12aafc000 registry=MISS lmBytes=0x410a16
  model[0] name=THRB meshCnt=6 vertOff=0 normOff=0 fB0=0 fB1=0 fB4=0 meshHdrs=0x119b0e080
  model[1] name=THRB meshCnt=7 vertOff=0 normOff=0 fB0=0 fB1=0 fB4=0 meshHdrs=0x1125db000
  model[2] name=B107 meshCnt=1 vertOff=0 normOff=0 fB0=0 fB1=0 fB4=0 meshHdrs=0x1289cce10
  model[3] name=B113 meshCnt=1 vertOff=0 normOff=0 fB0=0 fB1=0 fB4=0 meshHdrs=0x1289cce40
  model[4] name=B110 meshCnt=1 vertOff=0 normOff=0 fB0=0 fB1=0 fB4=0 meshHdrs=0x1289cce70
  model[5] name=B108 meshCnt=1 vertOff=0 normOff=0 fB0=0 fB1=0 fB4=0 meshHdrs=0x1289ccea0
  model[6] name=B111 meshCnt=1 vertOff=0 normOff=0 fB0=0 fB1=0 fB4=0 meshHdrs=0x1289cced0
  model[7] name=B114 meshCnt=1 vertOff=0 normOff=0 fB0=0 fB1=0 fB4=0 meshHdrs=0x1289ccf00
  model[8] name=B112 meshCnt=1 vertOff=0 normOff=0 fB0=0 fB1=0 fB4=0 meshHdrs=0x1289ccf30
  model[9] name=B104 meshCnt=1 vertOff=0 normOff=0 fB0=0 fB1=0 fB4=0 meshHdrs=0x1289ccf60
  model[10] name=B106 meshCnt=1 vertOff=0 normOff=0 fB0=0 fB1=0 fB4=0 meshHdrs=0x1289ccf90
  model[11] name=B109 meshCnt=1 vertOff=0 normOff=0 fB0=0 fB1=0 fB4=0 meshHdrs=0x1289ccfc0
  model[12] name=B105 meshCnt=1 vertOff=0 normOff=0 fB0=0 fB1=1 fB4=0 meshHdrs=0x1289ccff0
  model[13] name=B101 meshCnt=1 vertOff=0 normOff=0 fB0=0 fB1=1 fB4=0 meshHdrs=0x1289cd020
  model[14] name=B102 meshCnt=1 vertOff=0 normOff=0 fB0=0 fB1=1 fB4=0 meshHdrs=0x1289cd050
  model[15] name=B102 meshCnt=1 vertOff=0 normOff=0 fB0=0 fB1=1 fB4=0 meshHdrs=0x1289cd080
  model[16] name=B102 meshCnt=1 vertOff=0 normOff=0 fB0=0 fB1=1 fB4=0 meshHdrs=0x1289cd0b0
  model[17] name=B101 meshCnt=1 vertOff=0 normOff=0 fB0=0 fB1=1 fB4=0 meshHdrs=0x1289cd0e0
  model[18] name=B101 meshCnt=1 vertOff=0 normOff=0 fB0=0 fB1=3 fB4=0 meshHdrs=0x1289cd110
  model[19] name=B102 meshCnt=1 vertOff=0 normOff=0 fB0=0 fB1=3 fB4=0 meshHdrs=0x1289cd140
  modelOrder: 0 1 2 3 4 5 6 7 8 9 10 11 12 13 14 15 16 17 18 19
[IPDREF] hdr=0x12ab14000 registry=MISS lmBytes=0xa0202
  model[0] name=AXIS meshCnt=12 vertOff=0 normOff=0 fB0=0 fB1=0 fB4=0 meshHdrs=0x119a75400
  model[1] name=THRC meshCnt=1 vertOff=0 normOff=0 fB0=0 fB1=0 fB4=0 meshHdrs=0x1289cd200
  model[2] name=THRC meshCnt=1 vertOff=0 normOff=0 fB0=0 fB1=0 fB4=0 meshHdrs=0x1289cd230
  model[3] name=AXIS meshCnt=7 vertOff=0 normOff=0 fB0=0 fB1=4 fB4=0 meshHdrs=0x1125db180
  modelOrder: 0 1 2 3
[IPDREF] hdr=0x12ab2c000 registry=MISS lmBytes=0x861315
  model[0] name=THR7 meshCnt=1 vertOff=0 normOff=0 fB0=0 fB1=0 fB4=0 meshHdrs=0x1289cd320
  model[1] name=THR7 meshCnt=1 vertOff=0 normOff=0 fB0=0 fB1=0 fB4=0 meshHdrs=0x1289cd350
  model[2] name=THR7 meshCnt=1 vertOff=0 normOff=0 fB0=0 fB1=0 fB4=0 meshHdrs=0x1289cd380
  model[3] name=7102 meshCnt=1 vertOff=0 normOff=0 fB0=0 fB1=0 fB4=0 meshHdrs=0x1289cd3b0
  model[4] name=7102 meshCnt=1 vertOff=0 normOff=0 fB0=0 fB1=0 fB4=0 meshHdrs=0x1289cd3e0
  model[5] name=7105 meshCnt=1 vertOff=0 normOff=0 fB0=0 fB1=0 fB4=0 meshHdrs=0x1289cd410
  model[6] name=7105 meshCnt=1 vertOff=0 normOff=0 fB0=0 fB1=0 fB4=0 meshHdrs=0x1289cd440
  model[7] name=7105 meshCnt=1 vertOff=0 normOff=0 fB0=0 fB1=0 fB4=0 meshHdrs=0x1289cd470
  model[8] name=THR7 meshCnt=3 vertOff=0 normOff=0 fB0=0 fB1=0 fB4=0 meshHdrs=0x1289d0780
  model[9] name=THR7 meshCnt=4 vertOff=0 normOff=0 fB0=0 fB1=0 fB4=0 meshHdrs=0x1125c9d40
  model[10] name=7102 meshCnt=1 vertOff=0 normOff=0 fB0=0 fB1=1 fB4=0 meshHdrs=0x1289cd4a0
  model[11] name=7103 meshCnt=1 vertOff=0 normOff=0 fB0=0 fB1=0 fB4=0 meshHdrs=0x1289cd4d0
  model[12] name=7107 meshCnt=1 vertOff=0 normOff=0 fB0=0 fB1=1 fB4=0 meshHdrs=0x1289cd500
  model[13] name=7102 meshCnt=1 vertOff=0 normOff=0 fB0=0 fB1=1 fB4=0 meshHdrs=0x1289cd530
  model[14] name=7101 meshCnt=1 vertOff=0 normOff=0 fB0=0 fB1=1 fB4=0 meshHdrs=0x1289cd560
  modelOrder: 0 1 2 3 4 5 6 7 8 9 10 11 12 13 14
[IPDREF] hdr=0x12ab44000 registry=MISS lmBytes=0x811311
  model[0] name=THR5 meshCnt=3 vertOff=0 normOff=0 fB0=0 fB1=0 fB4=0 meshHdrs=0x1289d0aa0
  model[1] name=THR5 meshCnt=3 vertOff=0 normOff=0 fB0=0 fB1=0 fB4=0 meshHdrs=0x1289d0b40
  model[2] name=THR5 meshCnt=1 vertOff=0 normOff=0 fB0=0 fB1=0 fB4=0 meshHdrs=0x1289cd740
  model[3] name=THR5 meshCnt=3 vertOff=0 normOff=0 fB0=0 fB1=0 fB4=0 meshHdrs=0x1289d0be0
  model[4] name=THR5 meshCnt=2 vertOff=0 normOff=0 fB0=0 fB1=0 fB4=0 meshHdrs=0x1199b3780
  model[5] name=THR5 meshCnt=3 vertOff=0 normOff=0 fB0=0 fB1=0 fB4=0 meshHdrs=0x1289d0c80
  model[6] name=SIGN meshCnt=1 vertOff=0 normOff=0 fB0=0 fB1=0 fB4=0 meshHdrs=0x1289cd770
  modelOrder: 0 1 2 3 4 5 6
[IPDREF] hdr=0x12ab5c000 registry=MISS lmBytes=0x891317
  model[0] name=THR5 meshCnt=3 vertOff=0 normOff=0 fB0=0 fB1=0 fB4=0 meshHdrs=0x1289d0f00
  model[1] name=THR5 meshCnt=2 vertOff=0 normOff=0 fB0=0 fB1=0 fB4=0 meshHdrs=0x1199b37e0
  model[2] name=THR5 meshCnt=2 vertOff=0 normOff=0 fB0=0 fB1=0 fB4=0 meshHdrs=0x1199b3840
  model[3] name=THR5 meshCnt=2 vertOff=0 normOff=0 fB0=0 fB1=0 fB4=0 meshHdrs=0x1199b38a0
  model[4] name=THR5 meshCnt=2 vertOff=0 normOff=0 fB0=0 fB1=0 fB4=0 meshHdrs=0x1199b3900
  model[5] name=THR5 meshCnt=2 vertOff=0 normOff=0 fB0=0 fB1=0 fB4=0 meshHdrs=0x1199b3960
  model[6] name=THR5 meshCnt=3 vertOff=0 normOff=0 fB0=0 fB1=0 fB4=0 meshHdrs=0x1289d0fa0
  model[7] name=THR5 meshCnt=1 vertOff=0 normOff=0 fB0=0 fB1=0 fB4=0 meshHdrs=0x1289cd8f0
  model[8] name=NULL meshCnt=1 vertOff=0 normOff=0 fB0=0 fB1=0 fB4=0 meshHdrs=0x1289cd920
  model[9] name=CUBE meshCnt=1 vertOff=0 normOff=0 fB0=0 fB1=0 fB4=0 meshHdrs=0x1289cd950
  model[10] name=CUBE meshCnt=1 vertOff=0 normOff=0 fB0=0 fB1=0 fB4=0 meshHdrs=0x1289cd980
  model[11] name=THR5 meshCnt=1 vertOff=0 normOff=0 fB0=0 fB1=0 fB4=0 meshHdrs=0x1289cd9b0
  model[12] name=51_N meshCnt=1 vertOff=0 normOff=0 fB0=0 fB1=1 fB4=0 meshHdrs=0x1289cd9e0
  modelOrder: 0 1 2 3 4 5 6 7 8 9 10 11 12
[IPDREF] hdr=0x12ab74000 registry=MISS lmBytes=0x3a0809
  model[0] name=THR4 meshCnt=3 vertOff=0 normOff=0 fB0=0 fB1=0 fB4=0 meshHdrs=0x1289d1180
  model[1] name=THR4 meshCnt=3 vertOff=0 normOff=0 fB0=0 fB1=0 fB4=0 meshHdrs=0x1289d1220
  model[2] name=THR4 meshCnt=1 vertOff=0 normOff=0 fB0=0 fB1=0 fB4=0 meshHdrs=0x1289cdaa0
  model[3] name=THR4 meshCnt=1 vertOff=0 normOff=0 fB0=0 fB1=0 fB4=0 meshHdrs=0x1289cdad0
  model[4] name=THR4 meshCnt=2 vertOff=0 normOff=0 fB0=0 fB1=0 fB4=0 meshHdrs=0x1199b39c0
  model[5] name=THR4 meshCnt=3 vertOff=0 normOff=0 fB0=0 fB1=0 fB4=0 meshHdrs=0x1289d12c0
  modelOrder: 0 1 2 3 4 5
[IPDREF] hdr=0x12ab8c000 registry=MISS lmBytes=0x280608
  model[0] name=THR4 meshCnt=3 vertOff=0 normOff=0 fB0=0 fB1=0 fB4=0 meshHdrs=0x1289d15e0
  model[1] name=THR4 meshCnt=1 vertOff=0 normOff=0 fB0=0 fB1=0 fB4=0 meshHdrs=0x1289cdb90
  model[2] name=THR4 meshCnt=1 vertOff=0 normOff=0 fB0=0 fB1=0 fB4=0 meshHdrs=0x1289cdbc0
  model[3] name=THR4 meshCnt=3 vertOff=0 normOff=0 fB0=0 fB1=0 fB4=0 meshHdrs=0x1289d1680
  modelOrder: 0 1 2 3
[IPDREF] hdr=0x12aba4000 registry=MISS lmBytes=0x680f12
  model[0] name=THR4 meshCnt=2 vertOff=0 normOff=0 fB0=0 fB1=0 fB4=0 meshHdrs=0x1199b3a20
  model[1] name=THR4 meshCnt=2 vertOff=0 normOff=0 fB0=0 fB1=0 fB4=0 meshHdrs=0x1199b3a80
  model[2] name=THR4 meshCnt=3 vertOff=0 normOff=0 fB0=0 fB1=0 fB4=0 meshHdrs=0x1289d17c0
  model[3] name=THR4 meshCnt=3 vertOff=0 normOff=0 fB0=0 fB1=0 fB4=0 meshHdrs=0x1289d1860
  model[4] name=THR4 meshCnt=1 vertOff=0 normOff=0 fB0=0 fB1=0 fB4=0 meshHdrs=0x1289cdd40
  model[5] name=THR4 meshCnt=1 vertOff=0 normOff=0 fB0=0 fB1=0 fB4=0 meshHdrs=0x1289cdd70
  model[6] name=THR4 meshCnt=1 vertOff=0 normOff=0 fB0=0 fB1=0 fB4=0 meshHdrs=0x1289cdda0
  model[7] name=POS0 meshCnt=1 vertOff=0 normOff=0 fB0=0 fB1=0 fB4=0 meshHdrs=0x1289cddd0
  model[8] name=POS1 meshCnt=1 vertOff=0 normOff=0 fB0=0 fB1=0 fB4=0 meshHdrs=0x1289cde00
  model[9] name=THR4 meshCnt=1 vertOff=0 normOff=0 fB0=0 fB1=0 fB4=0 meshHdrs=0x1289cde30
  model[10] name=THR4 meshCnt=1 vertOff=0 normOff=0 fB0=0 fB1=0 fB4=0 meshHdrs=0x1289cde60
  model[11] name=CAR1 meshCnt=1 vertOff=0 normOff=0 fB0=0 fB1=0 fB4=0 meshHdrs=0x1289cde90
  model[12] name=CAR1 meshCnt=3 vertOff=0 normOff=0 fB0=0 fB1=0 fB4=0 meshHdrs=0x1289d1900
  modelOrder: 0 1 2 3 4 5 6 7 8 9 10 11 12
[IPDREF] hdr=0x12abbc000 registry=MISS lmBytes=0x5f0e11
  model[0] name=THR4 meshCnt=2 vertOff=0 normOff=0 fB0=0 fB1=0 fB4=0 meshHdrs=0x1199b3ae0
  model[1] name=THR4 meshCnt=4 vertOff=0 normOff=0 fB0=0 fB1=0 fB4=0 meshHdrs=0x1125c9ec0
  model[2] name=THR4 meshCnt=2 vertOff=0 normOff=0 fB0=0 fB1=0 fB4=0 meshHdrs=0x1199b3b40
  model[3] name=THR4 meshCnt=2 vertOff=0 normOff=0 fB0=0 fB1=0 fB4=0 meshHdrs=0x1199b3ba0
  model[4] name=THR4 meshCnt=2 vertOff=0 normOff=0 fB0=0 fB1=0 fB4=0 meshHdrs=0x1199b3c00
  model[5] name=THR4 meshCnt=3 vertOff=0 normOff=0 fB0=0 fB1=0 fB4=0 meshHdrs=0x1289d19a0
  model[6] name=THR4 meshCnt=1 vertOff=0 normOff=0 fB0=0 fB1=0 fB4=0 meshHdrs=0x1289ce0a0
  modelOrder: 0 1 2 3 4 5 6
[IPDREF] hdr=0x12abd4000 registry=MISS lmBytes=0x771112
  model[0] name=THR3 meshCnt=2 vertOff=0 normOff=0 fB0=0 fB1=0 fB4=0 meshHdrs=0x1199b3c60
  model[1] name=THR3 meshCnt=2 vertOff=0 normOff=0 fB0=0 fB1=0 fB4=0 meshHdrs=0x1199b3cc0
  model[2] name=THR3 meshCnt=2 vertOff=0 normOff=0 fB0=0 fB1=0 fB4=0 meshHdrs=0x1199b3d20
  model[3] name=THR3 meshCnt=2 vertOff=0 normOff=0 fB0=0 fB1=0 fB4=0 meshHdrs=0x1199b3d80
  model[4] name=THR3 meshCnt=2 vertOff=0 normOff=0 fB0=0 fB1=0 fB4=0 meshHdrs=0x1199b3de0
  model[5] name=THR3 meshCnt=3 vertOff=0 normOff=0 fB0=0 fB1=0 fB4=0 meshHdrs=0x1289d1b80
  model[6] name=THR3 meshCnt=1 vertOff=0 normOff=0 fB0=0 fB1=0 fB4=0 meshHdrs=0x1289ce2b0
  model[7] name=THR3 meshCnt=1 vertOff=0 normOff=0 fB0=0 fB1=0 fB4=0 meshHdrs=0x1289ce2e0
  modelOrder: 0 1 2 3 4 5 6 7
[IPDREF] hdr=0x12c000000 registry=MISS lmBytes=0x410a0e
  model[0] name=THR3 meshCnt=2 vertOff=0 normOff=0 fB0=0 fB1=0 fB4=0 meshHdrs=0x1199b3e40
  model[1] name=THR3 meshCnt=2 vertOff=0 normOff=0 fB0=0 fB1=0 fB4=0 meshHdrs=0x1199b3ea0
  model[2] name=THR3 meshCnt=2 vertOff=0 normOff=0 fB0=0 fB1=0 fB4=0 meshHdrs=0x1199b3f00
  model[3] name=THR3 meshCnt=2 vertOff=0 normOff=0 fB0=0 fB1=0 fB4=0 meshHdrs=0x1199b3f60
  model[4] name=THR3 meshCnt=2 vertOff=0 normOff=0 fB0=0 fB1=0 fB4=0 meshHdrs=0x112411ec0
  model[5] name=CAR1 meshCnt=3 vertOff=0 normOff=0 fB0=0 fB1=0 fB4=0 meshHdrs=0x1289d1d60
  model[6] name=CAR1 meshCnt=3 vertOff=0 normOff=0 fB0=0 fB1=0 fB4=0 meshHdrs=0x1289d1e00
  model[7] name=SIGN meshCnt=1 vertOff=0 normOff=0 fB0=0 fB1=0 fB4=0 meshHdrs=0x1289ce400
  model[8] name=SAKU meshCnt=1 vertOff=0 normOff=0 fB0=0 fB1=1 fB4=0 meshHdrs=0x1289ce430
  model[9] name=SAKU meshCnt=1 vertOff=0 normOff=0 fB0=0 fB1=0 fB4=0 meshHdrs=0x1289ce460
  modelOrder: 0 1 2 3 4 5 6 7 8 9
[IPDREF] hdr=0x12c018000 registry=MISS lmBytes=0x7d1216
  model[0] name=THR3 meshCnt=3 vertOff=0 normOff=0 fB0=0 fB1=0 fB4=0 meshHdrs=0x1289d2120
  model[1] name=THR3 meshCnt=2 vertOff=0 normOff=0 fB0=0 fB1=0 fB4=0 meshHdrs=0x112411b00
  model[2] name=THR3 meshCnt=3 vertOff=0 normOff=0 fB0=0 fB1=0 fB4=0 meshHdrs=0x1289d21c0
  model[3] name=THR3 meshCnt=2 vertOff=0 normOff=0 fB0=0 fB1=0 fB4=0 meshHdrs=0x112413a20
  model[4] name=THR3 meshCnt=1 vertOff=0 normOff=0 fB0=0 fB1=0 fB4=0 meshHdrs=0x1289ce610
  model[5] name=THR3 meshCnt=1 vertOff=0 normOff=0 fB0=0 fB1=0 fB4=0 meshHdrs=0x1289ce640
  model[6] name=THR3 meshCnt=1 vertOff=0 normOff=0 fB0=0 fB1=0 fB4=0 meshHdrs=0x1289ce670
  model[7] name=THR3 meshCnt=1 vertOff=0 normOff=0 fB0=0 fB1=0 fB4=0 meshHdrs=0x1289ce6a0
  model[8] name=THR3 meshCnt=1 vertOff=0 normOff=0 fB0=0 fB1=0 fB4=0 meshHdrs=0x1289ce6d0
  model[9] name=SIGN meshCnt=1 vertOff=0 normOff=0 fB0=0 fB1=0 fB4=0 meshHdrs=0x1289ce700
  model[10] name=SIGN meshCnt=1 vertOff=0 normOff=0 fB0=0 fB1=0 fB4=0 meshHdrs=0x1289ce730
  model[11] name=THR3 meshCnt=1 vertOff=0 normOff=0 fB0=0 fB1=0 fB4=0 meshHdrs=0x1289ce760
  modelOrder: 0 1 2 3 4 5 6 7 8 9 10 11
[IPDREF] hdr=0x12c030000 registry=MISS lmBytes=0x80121d
  model[0] name=THR3 meshCnt=1 vertOff=0 normOff=0 fB0=0 fB1=0 fB4=0 meshHdrs=0x1289ce940
  model[1] name=THR3 meshCnt=4 vertOff=0 normOff=0 fB0=0 fB1=0 fB4=0 meshHdrs=0x1125c9f80
  model[2] name=THR3 meshCnt=2 vertOff=0 normOff=0 fB0=0 fB1=0 fB4=0 meshHdrs=0x112412a00
  model[3] name=THR3 meshCnt=3 vertOff=0 normOff=0 fB0=0 fB1=0 fB4=0 meshHdrs=0x1289d2260
  model[4] name=THR3 meshCnt=1 vertOff=0 normOff=0 fB0=0 fB1=0 fB4=0 meshHdrs=0x1289ce970
  model[5] name=THR3 meshCnt=2 vertOff=0 normOff=0 fB0=0 fB1=0 fB4=0 meshHdrs=0x112411b60
  model[6] name=3704 meshCnt=1 vertOff=0 normOff=0 fB0=0 fB1=0 fB4=0 meshHdrs=0x1289ce9a0
  model[7] name=3703 meshCnt=1 vertOff=0 normOff=0 fB0=0 fB1=1 fB4=0 meshHdrs=0x1289ce9d0
  model[8] name=3702 meshCnt=1 vertOff=0 normOff=0 fB0=0 fB1=0 fB4=0 meshHdrs=0x1289cea00
  model[9] name=THR3 meshCnt=1 vertOff=0 normOff=0 fB0=0 fB1=0 fB4=0 meshHdrs=0x1289cea30
  model[10] name=3702 meshCnt=1 vertOff=0 normOff=0 fB0=0 fB1=0 fB4=0 meshHdrs=0x1289cea60
  model[11] name=THR3 meshCnt=1 vertOff=0 normOff=0 fB0=0 fB1=0 fB4=0 meshHdrs=0x1289cea90
  model[12] name=SIGN meshCnt=1 vertOff=0 normOff=0 fB0=0 fB1=0 fB4=0 meshHdrs=0x1289ceac0
  model[13] name=3702 meshCnt=1 vertOff=0 normOff=0 fB0=0 fB1=4 fB4=0 meshHdrs=0x1289ceaf0
  model[14] name=3702 meshCnt=1 vertOff=0 normOff=0 fB0=0 fB1=1 fB4=0 meshHdrs=0x1289ceb20
  model[15] name=3702 meshCnt=1 vertOff=0 normOff=0 fB0=0 fB1=1 fB4=0 meshHdrs=0x1289ceb50
  model[16] name=3705 meshCnt=1 vertOff=0 normOff=0 fB0=0 fB1=1 fB4=0 meshHdrs=0x1289ceb80
  model[17] name=3702 meshCnt=1 vertOff=0 normOff=0 fB0=0 fB1=1 fB4=0 meshHdrs=0x1289cebb0
  model[18] name=3701 meshCnt=1 vertOff=0 normOff=0 fB0=0 fB1=0 fB4=0 meshHdrs=0x1289cebe0
  modelOrder: 0 1 2 3 4 5 6 7 8 9 10 11 12 13 14 15 16 17 18
[IPDREF] hdr=0x12c048000 registry=MISS lmBytes=0x410a11
  model[0] name=THRB meshCnt=2 vertOff=0 normOff=0 fB0=0 fB1=0 fB4=0 meshHdrs=0x112411bc0
  model[1] name=THRB meshCnt=2 vertOff=0 normOff=0 fB0=0 fB1=0 fB4=0 meshHdrs=0x112411d40
  model[2] name=B003 meshCnt=1 vertOff=0 normOff=0 fB0=0 fB1=0 fB4=0 meshHdrs=0x1289ceca0
  model[3] name=B003 meshCnt=1 vertOff=0 normOff=0 fB0=0 fB1=1 fB4=0 meshHdrs=0x1289cecd0
  model[4] name=B003 meshCnt=1 vertOff=0 normOff=0 fB0=0 fB1=0 fB4=0 meshHdrs=0x1289ced00
  model[5] name=B003 meshCnt=1 vertOff=0 normOff=0 fB0=0 fB1=0 fB4=0 meshHdrs=0x1289ced30
  model[6] name=B003 meshCnt=1 vertOff=0 normOff=0 fB0=0 fB1=0 fB4=0 meshHdrs=0x1289ced60
  model[7] name=B003 meshCnt=1 vertOff=0 normOff=0 fB0=0 fB1=0 fB4=0 meshHdrs=0x1289ced90
  model[8] name=B003 meshCnt=1 vertOff=0 normOff=0 fB0=0 fB1=0 fB4=0 meshHdrs=0x1289cedc0
  model[9] name=B003 meshCnt=1 vertOff=0 normOff=0 fB0=0 fB1=0 fB4=0 meshHdrs=0x1289cedf0
  model[10] name=B001 meshCnt=1 vertOff=0 normOff=0 fB0=0 fB1=2 fB4=0 meshHdrs=0x1289cee20
  model[11] name=B001 meshCnt=1 vertOff=0 normOff=0 fB0=0 fB1=1 fB4=0 meshHdrs=0x1289cee50
  model[12] name=B001 meshCnt=1 vertOff=0 normOff=0 fB0=0 fB1=1 fB4=0 meshHdrs=0x1289cee80
  model[13] name=B002 meshCnt=1 vertOff=0 normOff=0 fB0=0 fB1=1 fB4=0 meshHdrs=0x1289ceeb0
  model[14] name=B002 meshCnt=1 vertOff=0 normOff=0 fB0=0 fB1=3 fB4=0 meshHdrs=0x1289ceee0
  modelOrder: 0 1 2 3 4 5 6 7 8 9 10 11 12 13 14
[IPDREF] hdr=0x12c060000 registry=MISS lmBytes=0xa0202
  model[0] name=THRC meshCnt=1 vertOff=0 normOff=0 fB0=0 fB1=0 fB4=0 meshHdrs=0x1289cefa0
  model[1] name=C202 meshCnt=1 vertOff=0 normOff=0 fB0=0 fB1=1 fB4=0 meshHdrs=0x1289cefd0
  modelOrder: 0 1
[IPDREF] hdr=0x12c078000 registry=MISS lmBytes=0x8f1415
  model[0] name=THR7 meshCnt=1 vertOff=0 normOff=0 fB0=0 fB1=0 fB4=0 meshHdrs=0x1289cf0c0
  model[1] name=THR7 meshCnt=1 vertOff=0 normOff=0 fB0=0 fB1=0 fB4=0 meshHdrs=0x1289cf0f0
  model[2] name=THR7 meshCnt=1 vertOff=0 normOff=0 fB0=0 fB1=0 fB4=0 meshHdrs=0x1289cf120
  model[3] name=7003 meshCnt=1 vertOff=0 normOff=0 fB0=0 fB1=0 fB4=0 meshHdrs=0x1289cf150
  model[4] name=7003 meshCnt=1 vertOff=0 normOff=0 fB0=0 fB1=0 fB4=0 meshHdrs=0x1289cf180
  model[5] name=7002 meshCnt=1 vertOff=0 normOff=0 fB0=0 fB1=0 fB4=0 meshHdrs=0x1289cf1b0
  model[6] name=7005 meshCnt=1 vertOff=0 normOff=0 fB0=0 fB1=0 fB4=0 meshHdrs=0x1289cf1e0
  model[7] name=7005 meshCnt=1 vertOff=0 normOff=0 fB0=0 fB1=0 fB4=0 meshHdrs=0x1289cf210
  model[8] name=7002 meshCnt=1 vertOff=0 normOff=0 fB0=0 fB1=0 fB4=0 meshHdrs=0x1289cf240
  model[9] name=7002 meshCnt=1 vertOff=0 normOff=0 fB0=0 fB1=1 fB4=0 meshHdrs=0x1289cf270
  model[10] name=7005 meshCnt=1 vertOff=0 normOff=0 fB0=0 fB1=0 fB4=0 meshHdrs=0x1289cf2a0
  model[11] name=THR7 meshCnt=3 vertOff=0 normOff=0 fB0=0 fB1=0 fB4=0 meshHdrs=0x1289d24e0
  model[12] name=THR7 meshCnt=3 vertOff=0 normOff=0 fB0=0 fB1=0 fB4=0 meshHdrs=0x1289d2580
  model[13] name=SIGN meshCnt=1 vertOff=0 normOff=0 fB0=0 fB1=0 fB4=0 meshHdrs=0x1289cf2d0
  model[14] name=THR2 meshCnt=1 vertOff=0 normOff=0 fB0=0 fB1=1 fB4=0 meshHdrs=0x1289cf300
  model[15] name=7002 meshCnt=1 vertOff=0 normOff=0 fB0=0 fB1=1 fB4=0 meshHdrs=0x1289cf330
  modelOrder: 0 1 2 3 4 5 6 7 8 9 10 11 12 13 14 15
[IPDREF] hdr=0x12c090000 registry=MISS lmBytes=0x811312
  model[0] name=THR5 meshCnt=3 vertOff=0 normOff=0 fB0=0 fB1=0 fB4=0 meshHdrs=0x1289d2760
  model[1] name=THR5 meshCnt=4 vertOff=0 normOff=0 fB0=0 fB1=0 fB4=0 meshHdrs=0x1125ca040
  model[2] name=THR5 meshCnt=1 vertOff=0 normOff=0 fB0=0 fB1=0 fB4=0 meshHdrs=0x1289cf540
  model[3] name=THR5 meshCnt=3 vertOff=0 normOff=0 fB0=0 fB1=0 fB4=0 meshHdrs=0x1289d2800
  model[4] name=THR5 meshCnt=3 vertOff=0 normOff=0 fB0=0 fB1=0 fB4=0 meshHdrs=0x1289d28a0
  model[5] name=THR5 meshCnt=3 vertOff=0 normOff=0 fB0=0 fB1=0 fB4=0 meshHdrs=0x1289d2940
  model[6] name=SIGN meshCnt=1 vertOff=0 normOff=0 fB0=0 fB1=0 fB4=0 meshHdrs=0x1289cf570
  modelOrder: 0 1 2 3 4 5 6
[IPDREF] hdr=0x12c0a8000 registry=MISS lmBytes=0x761013
  model[0] name=THR5 meshCnt=2 vertOff=0 normOff=0 fB0=0 fB1=0 fB4=0 meshHdrs=0x1198e2100
  model[1] name=THR5 meshCnt=2 vertOff=0 normOff=0 fB0=0 fB1=0 fB4=0 meshHdrs=0x1198e34e0
  model[2] name=THR5 meshCnt=2 vertOff=0 normOff=0 fB0=0 fB1=0 fB4=0 meshHdrs=0x1289e8000
  model[3] name=THR5 meshCnt=2 vertOff=0 normOff=0 fB0=0 fB1=0 fB4=0 meshHdrs=0x1289e8060
  model[4] name=THR5 meshCnt=3 vertOff=0 normOff=0 fB0=0 fB1=0 fB4=0 meshHdrs=0x1289d2b20
  model[5] name=THR5 meshCnt=2 vertOff=0 normOff=0 fB0=0 fB1=0 fB4=0 meshHdrs=0x1289e80c0
  model[6] name=THR5 meshCnt=2 vertOff=0 normOff=0 fB0=0 fB1=0 fB4=0 meshHdrs=0x1289e8120
  model[7] name=THR5 meshCnt=1 vertOff=0 normOff=0 fB0=0 fB1=0 fB4=0 meshHdrs=0x1289cf630
  model[8] name=THR5 meshCnt=4 vertOff=0 normOff=0 fB0=0 fB1=0 fB4=0 meshHdrs=0x1125ca1c0
  modelOrder: 0 1 2 3 4 5 6 7 8
[IPDREF] hdr=0x12c0c0000 registry=MISS lmBytes=0x811314
  model[0] name=THR4 meshCnt=3 vertOff=0 normOff=0 fB0=0 fB1=0 fB4=0 meshHdrs=0x1289d2ee0
  model[1] name=THR4 meshCnt=3 vertOff=0 normOff=0 fB0=0 fB1=0 fB4=0 meshHdrs=0x1289d2f80
  model[2] name=THR4 meshCnt=3 vertOff=0 normOff=0 fB0=0 fB1=0 fB4=0 meshHdrs=0x1289d3020
  model[3] name=THR4 meshCnt=2 vertOff=0 normOff=0 fB0=0 fB1=0 fB4=0 meshHdrs=0x1289e8180
  model[4] name=THR4 meshCnt=2 vertOff=0 normOff=0 fB0=0 fB1=0 fB4=0 meshHdrs=0x1289e81e0
  model[5] name=THR4 meshCnt=2 vertOff=0 normOff=0 fB0=0 fB1=0 fB4=0 meshHdrs=0x1289e8240
  model[6] name=THR4 meshCnt=2 vertOff=0 normOff=0 fB0=0 fB1=0 fB4=0 meshHdrs=0x1289e82a0
  model[7] name=THR4 meshCnt=1 vertOff=0 normOff=0 fB0=0 fB1=0 fB4=0 meshHdrs=0x1289cf810
  model[8] name=SIGN meshCnt=1 vertOff=0 normOff=0 fB0=0 fB1=0 fB4=0 meshHdrs=0x1289cf840
  model[9] name=SIGN meshCnt=1 vertOff=0 normOff=0 fB0=0 fB1=0 fB4=0 meshHdrs=0x1289cf870
  modelOrder: 0 1 2 3 4 5 6 7 8 9
[IPDREF] hdr=0x12c0d8000 registry=MISS lmBytes=0x811310
  model[0] name=THR4 meshCnt=2 vertOff=0 normOff=0 fB0=0 fB1=0 fB4=0 meshHdrs=0x1289e8300
  model[1] name=THR4 meshCnt=2 vertOff=0 normOff=0 fB0=0 fB1=0 fB4=0 meshHdrs=0x1289e8360
  model[2] name=THR4 meshCnt=2 vertOff=0 normOff=0 fB0=0 fB1=0 fB4=0 meshHdrs=0x1289e83c0
  model[3] name=THR4 meshCnt=3 vertOff=0 normOff=0 fB0=0 fB1=0 fB4=0 meshHdrs=0x1289d32a0
  model[4] name=THR4 meshCnt=3 vertOff=0 normOff=0 fB0=0 fB1=0 fB4=0 meshHdrs=0x1289d3340
  model[5] name=THR4 meshCnt=3 vertOff=0 normOff=0 fB0=0 fB1=0 fB4=0 meshHdrs=0x1289d33e0
  modelOrder: 0 1 2 3 4 5
[IPDREF] hdr=0x12c0f0000 registry=MISS lmBytes=0x831213
  model[0] name=THR4 meshCnt=2 vertOff=0 normOff=0 fB0=0 fB1=0 fB4=0 meshHdrs=0x1289e8420
  model[1] name=THR4 meshCnt=2 vertOff=0 normOff=0 fB0=0 fB1=0 fB4=0 meshHdrs=0x1289e8480
  model[2] name=THR4 meshCnt=2 vertOff=0 normOff=0 fB0=0 fB1=0 fB4=0 meshHdrs=0x1289e84e0
  model[3] name=THR4 meshCnt=2 vertOff=0 normOff=0 fB0=0 fB1=0 fB4=0 meshHdrs=0x1289e8540
  model[4] name=THR4 meshCnt=2 vertOff=0 normOff=0 fB0=0 fB1=0 fB4=0 meshHdrs=0x1289e85a0
  model[5] name=THR4 meshCnt=1 vertOff=0 normOff=0 fB0=0 fB1=0 fB4=0 meshHdrs=0x1289cfb70
  model[6] name=THR4 meshCnt=2 vertOff=0 normOff=0 fB0=0 fB1=0 fB4=0 meshHdrs=0x1289e8600
  model[7] name=THR4 meshCnt=3 vertOff=0 normOff=0 fB0=0 fB1=0 fB4=0 meshHdrs=0x1289d3660
  model[8] name=THR4 meshCnt=2 vertOff=0 normOff=0 fB0=0 fB1=0 fB4=0 meshHdrs=0x1289e8660
  model[9] name=THR4 meshCnt=1 vertOff=0 normOff=0 fB0=0 fB1=0 fB4=0 meshHdrs=0x1289cfba0
  model[10] name=THR4 meshCnt=1 vertOff=0 normOff=0 fB0=0 fB1=0 fB4=0 meshHdrs=0x1289cfbd0
  modelOrder: 0 1 2 3 4 5 6 7 8 9 10
[IPDREF] hdr=0x12c108000 registry=MISS lmBytes=0x680f11
  model[0] name=THR4 meshCnt=2 vertOff=0 normOff=0 fB0=0 fB1=0 fB4=0 meshHdrs=0x1289e86c0
  model[1] name=THR4 meshCnt=2 vertOff=0 normOff=0 fB0=0 fB1=0 fB4=0 meshHdrs=0x1289e8720
  model[2] name=THR4 meshCnt=2 vertOff=0 normOff=0 fB0=0 fB1=0 fB4=0 meshHdrs=0x1289e8780
  model[3] name=THR4 meshCnt=2 vertOff=0 normOff=0 fB0=0 fB1=0 fB4=0 meshHdrs=0x1289e87e0
  model[4] name=THR4 meshCnt=2 vertOff=0 normOff=0 fB0=0 fB1=0 fB4=0 meshHdrs=0x1289e8840
  model[5] name=THR4 meshCnt=1 vertOff=0 normOff=0 fB0=0 fB1=0 fB4=0 meshHdrs=0x1289cfe10
  model[6] name=THR4 meshCnt=1 vertOff=0 normOff=0 fB0=0 fB1=2 fB4=0 meshHdrs=0x1289cfe40
  model[7] name=THR4 meshCnt=1 vertOff=0 normOff=0 fB0=0 fB1=2 fB4=0 meshHdrs=0x1289cfe70
  model[8] name=THR4 meshCnt=2 vertOff=0 normOff=0 fB0=0 fB1=0 fB4=0 meshHdrs=0x1289e88a0
  model[9] name=TUIK meshCnt=1 vertOff=0 normOff=0 fB0=0 fB1=0 fB4=0 meshHdrs=0x1289cfea0
  modelOrder: 0 1 2 3 4 5 6 7 8 9
[IPDREF] hdr=0x12c120000 registry=MISS lmBytes=0x6b0f10
  model[0] name=THR2 meshCnt=2 vertOff=0 normOff=0 fB0=0 fB1=0 fB4=0 meshHdrs=0x1289e8900
  model[1] name=THR2 meshCnt=2 vertOff=0 normOff=0 fB0=0 fB1=0 fB4=0 meshHdrs=0x1289e8960
  model[2] name=THR2 meshCnt=3 vertOff=0 normOff=0 fB0=0 fB1=0 fB4=0 meshHdrs=0x1289d37a0
  model[3] name=THR2 meshCnt=2 vertOff=0 normOff=0 fB0=0 fB1=0 fB4=0 meshHdrs=0x1289e89c0
  model[4] name=THR2 meshCnt=2 vertOff=0 normOff=0 fB0=0 fB1=0 fB4=0 meshHdrs=0x1289e8a20
  model[5] name=THR2 meshCnt=1 vertOff=0 normOff=0 fB0=0 fB1=0 fB4=0 meshHdrs=0x1289f00c0
  model[6] name=THR2 meshCnt=1 vertOff=0 normOff=0 fB0=0 fB1=0 fB4=0 meshHdrs=0x1289f00f0
  model[7] name=DENC meshCnt=1 vertOff=0 normOff=0 fB0=0 fB1=0 fB4=0 meshHdrs=0x1289f0120
  modelOrder: 0 1 2 3 4 5 6 7
[IPDREF] hdr=0x12c138000 registry=MISS lmBytes=0x7a111d
  model[0] name=THR3 meshCnt=1 vertOff=0 normOff=0 fB0=0 fB1=0 fB4=0 meshHdrs=0x1289f0210
  model[1] name=THR3 meshCnt=2 vertOff=0 normOff=0 fB0=0 fB1=0 fB4=0 meshHdrs=0x1289e8a80
  model[2] name=THR3 meshCnt=2 vertOff=0 normOff=0 fB0=0 fB1=0 fB4=0 meshHdrs=0x1289e8ae0
  model[3] name=THR3 meshCnt=2 vertOff=0 normOff=0 fB0=0 fB1=0 fB4=0 meshHdrs=0x1289e8b40
  model[4] name=THR3 meshCnt=1 vertOff=0 normOff=0 fB0=0 fB1=0 fB4=0 meshHdrs=0x1289f0240
  model[5] name=THR3 meshCnt=1 vertOff=0 normOff=0 fB0=0 fB1=0 fB4=0 meshHdrs=0x1289f0270
  model[6] name=THR3 meshCnt=2 vertOff=0 normOff=0 fB0=0 fB1=0 fB4=0 meshHdrs=0x1289e8ba0
  model[7] name=THR3 meshCnt=2 vertOff=0 normOff=0 fB0=0 fB1=0 fB4=0 meshHdrs=0x1289e8c00
  model[8] name=THR3 meshCnt=2 vertOff=0 normOff=0 fB0=0 fB1=0 fB4=0 meshHdrs=0x1289e8c60
  model[9] name=THR3 meshCnt=2 vertOff=0 normOff=0 fB0=0 fB1=0 fB4=0 meshHdrs=0x1289e8cc0
  model[10] name=THR3 meshCnt=1 vertOff=0 normOff=0 fB0=0 fB1=0 fB4=0 meshHdrs=0x1289f02a0
  model[11] name=3308 meshCnt=1 vertOff=0 normOff=0 fB0=0 fB1=1 fB4=0 meshHdrs=0x1289f02d0
  model[12] name=SIGN meshCnt=1 vertOff=0 normOff=0 fB0=0 fB1=1 fB4=0 meshHdrs=0x1289f0300
  model[13] name=3301 meshCnt=1 vertOff=0 normOff=0 fB0=0 fB1=0 fB4=0 meshHdrs=0x1289f0330
  model[14] name=3301 meshCnt=1 vertOff=0 normOff=0 fB0=0 fB1=2 fB4=0 meshHdrs=0x1289f0360
  modelOrder: 0 1 2 3 4 5 6 7 8 9 10 11 12 13 14
[IPDREF] hdr=0x12c150000 registry=MISS lmBytes=0x771119
  model[0] name=THR3 meshCnt=3 vertOff=0 normOff=0 fB0=0 fB1=0 fB4=0 meshHdrs=0x1289d3b60
  model[1] name=THR3 meshCnt=1 vertOff=0 normOff=0 fB0=0 fB1=0 fB4=0 meshHdrs=0x1289f0540
  model[2] name=THR3 meshCnt=2 vertOff=0 normOff=0 fB0=0 fB1=0 fB4=0 meshHdrs=0x1289e8d20
  model[3] name=THR3 meshCnt=2 vertOff=0 normOff=0 fB0=0 fB1=0 fB4=0 meshHdrs=0x1289e8d80
  model[4] name=THR3 meshCnt=2 vertOff=0 normOff=0 fB0=0 fB1=0 fB4=0 meshHdrs=0x1289e8de0
  model[5] name=THR3 meshCnt=1 vertOff=0 normOff=0 fB0=0 fB1=0 fB4=0 meshHdrs=0x1289f0570
  model[6] name=THR3 meshCnt=1 vertOff=0 normOff=0 fB0=0 fB1=0 fB4=0 meshHdrs=0x1289f05a0
  model[7] name=THR3 meshCnt=2 vertOff=0 normOff=0 fB0=0 fB1=0 fB4=0 meshHdrs=0x1289e8e40
  model[8] name=POST meshCnt=1 vertOff=0 normOff=0 fB0=0 fB1=2 fB4=0 meshHdrs=0x1289f05d0
  model[9] name=POST meshCnt=1 vertOff=0 normOff=0 fB0=0 fB1=1 fB4=0 meshHdrs=0x1289f0600
  model[10] name=POST meshCnt=1 vertOff=0 normOff=0 fB0=0 fB1=0 fB4=0 meshHdrs=0x1289f0630
  model[11] name=BLOO meshCnt=1 vertOff=0 normOff=0 fB0=0 fB1=1 fB4=0 meshHdrs=0x1289f0660
  model[12] name=3102 meshCnt=1 vertOff=0 normOff=0 fB0=0 fB1=2 fB4=0 meshHdrs=0x1289f0690
  model[13] name=3102 meshCnt=1 vertOff=0 normOff=0 fB0=0 fB1=1 fB4=0 meshHdrs=0x1289f06c0
  model[14] name=THR3 meshCnt=1 vertOff=0 normOff=0 fB0=0 fB1=0 fB4=0 meshHdrs=0x1289f06f0
  model[15] name=KEY_ meshCnt=1 vertOff=0 normOff=0 fB0=0 fB1=1 fB4=0 meshHdrs=0x1289f0720
  modelOrder: 0 1 2 3 4 5 6 7 8 9 10 11 12 13 14 15
[IPDREF] hdr=0x12c168000 registry=MISS lmBytes=0x37080a
  model[0] name=THR3 meshCnt=1 vertOff=0 normOff=0 fB0=0 fB1=0 fB4=0 meshHdrs=0x1289f0840
  model[1] name=THR3 meshCnt=2 vertOff=0 normOff=0 fB0=0 fB1=0 fB4=0 meshHdrs=0x1289e8ea0
  model[2] name=THR3 meshCnt=3 vertOff=0 normOff=0 fB0=0 fB1=0 fB4=0 meshHdrs=0x1289d3d40
  model[3] name=THR3 meshCnt=3 vertOff=0 normOff=0 fB0=0 fB1=0 fB4=0 meshHdrs=0x1289d3de0
  model[4] name=THR3 meshCnt=3 vertOff=0 normOff=0 fB0=0 fB1=0 fB4=0 meshHdrs=0x1289d3e80
  modelOrder: 0 1 2 3 4
[IPDREF] hdr=0x12c180000 registry=MISS lmBytes=0x680f10
  model[0] name=THR6 meshCnt=3 vertOff=0 normOff=0 fB0=0 fB1=0 fB4=0 meshHdrs=0x1289f43c0
  model[1] name=THR6 meshCnt=2 vertOff=0 normOff=0 fB0=0 fB1=0 fB4=0 meshHdrs=0x1289e8f00
  model[2] name=THR6 meshCnt=3 vertOff=0 normOff=0 fB0=0 fB1=0 fB4=0 meshHdrs=0x1289f4460
  model[3] name=THR6 meshCnt=2 vertOff=0 normOff=0 fB0=0 fB1=0 fB4=0 meshHdrs=0x1289e8f60
  model[4] name=THR6 meshCnt=2 vertOff=0 normOff=0 fB0=0 fB1=0 fB4=0 meshHdrs=0x1289e8fc0
  model[5] name=THR6 meshCnt=3 vertOff=0 normOff=0 fB0=0 fB1=0 fB4=0 meshHdrs=0x1289f4500
  model[6] name=THR6 meshCnt=2 vertOff=0 normOff=0 fB0=0 fB1=0 fB4=0 meshHdrs=0x1289e9020
  model[7] name=6902 meshCnt=1 vertOff=0 normOff=0 fB0=0 fB1=1 fB4=0 meshHdrs=0x1289f09f0
  model[8] name=CAR1 meshCnt=1 vertOff=0 normOff=0 fB0=0 fB1=4 fB4=0 meshHdrs=0x1289f0a20
  model[9] name=CAR1 meshCnt=1 vertOff=0 normOff=0 fB0=0 fB1=3 fB4=0 meshHdrs=0x1289f0a50
  model[10] name=CAR1 meshCnt=1 vertOff=0 normOff=0 fB0=0 fB1=4 fB4=0 meshHdrs=0x1289f0a80
  modelOrder: 0 1 2 3 4 5 6 7 8 9 10
[IPDREF] hdr=0x12c198000 registry=MISS lmBytes=0x811312
  model[0] name=THR1 meshCnt=2 vertOff=0 normOff=0 fB0=0 fB1=0 fB4=0 meshHdrs=0x1289e9080
  model[1] name=THR1 meshCnt=3 vertOff=0 normOff=0 fB0=0 fB1=0 fB4=0 meshHdrs=0x1289f4820
  model[2] name=THR1 meshCnt=1 vertOff=0 normOff=0 fB0=0 fB1=0 fB4=0 meshHdrs=0x1289f0c60
  model[3] name=THR1 meshCnt=3 vertOff=0 normOff=0 fB0=0 fB1=0 fB4=0 meshHdrs=0x1289f48c0
  model[4] name=THR1 meshCnt=3 vertOff=0 normOff=0 fB0=0 fB1=0 fB4=0 meshHdrs=0x1289f4960
  model[5] name=THR1 meshCnt=3 vertOff=0 normOff=0 fB0=0 fB1=0 fB4=0 meshHdrs=0x1289f4a00
  model[6] name=SIGN meshCnt=1 vertOff=0 normOff=0 fB0=0 fB1=0 fB4=0 meshHdrs=0x1289f0c90
  model[7] name=SIGN meshCnt=1 vertOff=0 normOff=0 fB0=0 fB1=0 fB4=0 meshHdrs=0x1289f0cc0
  modelOrder: 0 1 2 3 4 5 6 7
[IPDREF] hdr=0x12c1b0000 registry=MISS lmBytes=0x851215
  model[0] name=THR0 meshCnt=2 vertOff=0 normOff=0 fB0=0 fB1=0 fB4=0 meshHdrs=0x1289e90e0
  model[1] name=THR0 meshCnt=2 vertOff=0 normOff=0 fB0=0 fB1=0 fB4=0 meshHdrs=0x1289e9140
  model[2] name=THR0 meshCnt=3 vertOff=0 normOff=0 fB0=0 fB1=0 fB4=0 meshHdrs=0x1289f4be0
  model[3] name=THR0 meshCnt=2 vertOff=0 normOff=0 fB0=0 fB1=0 fB4=0 meshHdrs=0x1289e91a0
  model[4] name=THR0 meshCnt=2 vertOff=0 normOff=0 fB0=0 fB1=0 fB4=0 meshHdrs=0x1289e9200
  model[5] name=THR0 meshCnt=2 vertOff=0 normOff=0 fB0=0 fB1=0 fB4=0 meshHdrs=0x1289e9260
  model[6] name=THR0 meshCnt=2 vertOff=0 normOff=0 fB0=0 fB1=0 fB4=0 meshHdrs=0x1289e92c0
  model[7] name=THR0 meshCnt=1 vertOff=0 normOff=0 fB0=0 fB1=0 fB4=0 meshHdrs=0x1289f0de0
  model[8] name=THR0 meshCnt=2 vertOff=0 normOff=0 fB0=0 fB1=0 fB4=0 meshHdrs=0x1289e9320
  model[9] name=THR0 meshCnt=1 vertOff=0 normOff=0 fB0=0 fB1=0 fB4=0 meshHdrs=0x1289f0e10
  model[10] name=06SA meshCnt=1 vertOff=0 normOff=0 fB0=0 fB1=0 fB4=0 meshHdrs=0x1289f0e40
  modelOrder: 0 1 2 3 4 5 6 7 8 9 10
[IPDREF] hdr=0x12c1c8000 registry=MISS lmBytes=0x811316
  model[0] name=THR0 meshCnt=3 vertOff=0 normOff=0 fB0=0 fB1=0 fB4=0 meshHdrs=0x1289f4e60
  model[1] name=THR0 meshCnt=3 vertOff=0 normOff=0 fB0=0 fB1=0 fB4=0 meshHdrs=0x1289f4f00
  model[2] name=THR0 meshCnt=3 vertOff=0 normOff=0 fB0=0 fB1=0 fB4=0 meshHdrs=0x1289f4fa0
  model[3] name=THR0 meshCnt=3 vertOff=0 normOff=0 fB0=0 fB1=0 fB4=0 meshHdrs=0x1289f5040
  model[4] name=THR0 meshCnt=2 vertOff=0 normOff=0 fB0=0 fB1=0 fB4=0 meshHdrs=0x1289e9380
  model[5] name=THR0 meshCnt=2 vertOff=0 normOff=0 fB0=0 fB1=0 fB4=0 meshHdrs=0x1289e93e0
  model[6] name=SIGN meshCnt=1 vertOff=0 normOff=0 fB0=0 fB1=0 fB4=0 meshHdrs=0x1289f1020
  model[7] name=SIGN meshCnt=1 vertOff=0 normOff=0 fB0=0 fB1=0 fB4=0 meshHdrs=0x1289f1050
  model[8] name=BLOO meshCnt=1 vertOff=0 normOff=0 fB0=0 fB1=0 fB4=0 meshHdrs=0x1289f1080
  model[9] name=PPR1 meshCnt=1 vertOff=0 normOff=0 fB0=0 fB1=1 fB4=0 meshHdrs=0x1289f10b0
  model[10] name=0707 meshCnt=1 vertOff=0 normOff=0 fB0=0 fB1=2 fB4=0 meshHdrs=0x1289f10e0
  model[11] name=PPR2 meshCnt=1 vertOff=0 normOff=0 fB0=0 fB1=1 fB4=0 meshHdrs=0x1289f1110
  model[12] name=PPR3 meshCnt=1 vertOff=0 normOff=0 fB0=0 fB1=1 fB4=0 meshHdrs=0x1289f1140
  model[13] name=PPR4 meshCnt=1 vertOff=0 normOff=0 fB0=0 fB1=1 fB4=0 meshHdrs=0x1289f1170
  model[14] name=PPR5 meshCnt=1 vertOff=0 normOff=0 fB0=0 fB1=1 fB4=0 meshHdrs=0x1289f11a0
  modelOrder: 0 1 2 3 4 5 6 7 8 9 10 11 12 13 14
[IPDREF] hdr=0x12c1e0000 registry=MISS lmBytes=0x811311
  model[0] name=THR2 meshCnt=3 vertOff=0 normOff=0 fB0=0 fB1=0 fB4=0 meshHdrs=0x1289f5400
  model[1] name=THR2 meshCnt=3 vertOff=0 normOff=0 fB0=0 fB1=0 fB4=0 meshHdrs=0x1289f54a0
  model[2] name=THR2 meshCnt=3 vertOff=0 normOff=0 fB0=0 fB1=0 fB4=0 meshHdrs=0x1289f5540
  model[3] name=THR2 meshCnt=3 vertOff=0 normOff=0 fB0=0 fB1=0 fB4=0 meshHdrs=0x1289f55e0
  model[4] name=THR2 meshCnt=2 vertOff=0 normOff=0 fB0=0 fB1=0 fB4=0 meshHdrs=0x1289e9440
  model[5] name=THR2 meshCnt=2 vertOff=0 normOff=0 fB0=0 fB1=0 fB4=0 meshHdrs=0x1289e94a0
  model[6] name=SIGN meshCnt=1 vertOff=0 normOff=0 fB0=0 fB1=0 fB4=0 meshHdrs=0x1289f13b0
  modelOrder: 0 1 2 3 4 5 6
[IPDREF] hdr=0x12c1f8000 registry=MISS lmBytes=0x410a0d
  model[0] name=THR2 meshCnt=2 vertOff=0 normOff=0 fB0=0 fB1=0 fB4=0 meshHdrs=0x1289e9500
  model[1] name=THR2 meshCnt=3 vertOff=0 normOff=0 fB0=0 fB1=0 fB4=0 meshHdrs=0x1289f5720
  model[2] name=THR2 meshCnt=2 vertOff=0 normOff=0 fB0=0 fB1=0 fB4=0 meshHdrs=0x1289e9560
  model[3] name=THR2 meshCnt=3 vertOff=0 normOff=0 fB0=0 fB1=0 fB4=0 meshHdrs=0x1289f57c0
  model[4] name=THRW meshCnt=1 vertOff=0 normOff=0 fB0=0 fB1=0 fB4=0 meshHdrs=0x1289f1500
  model[5] name=THRW meshCnt=1 vertOff=0 normOff=0 fB0=0 fB1=1 fB4=0 meshHdrs=0x1289f1530
  model[6] name=THRW meshCnt=1 vertOff=0 normOff=0 fB0=0 fB1=1 fB4=0 meshHdrs=0x1289f1560
  model[7] name=THRW meshCnt=1 vertOff=0 normOff=0 fB0=0 fB1=0 fB4=0 meshHdrs=0x1289f1590
  model[8] name=THRW meshCnt=1 vertOff=0 normOff=0 fB0=0 fB1=0 fB4=0 meshHdrs=0x1289f15c0
  model[9] name=THR2 meshCnt=5 vertOff=0 normOff=0 fB0=0 fB1=0 fB4=0 meshHdrs=0x1289e4f00
  model[10] name=SIGN meshCnt=1 vertOff=0 normOff=0 fB0=0 fB1=0 fB4=0 meshHdrs=0x1289f15f0
  modelOrder: 0 1 2 3 4 5 6 7 8 9 10
[IPDREF] hdr=0x12c210000 registry=MISS lmBytes=0x811317
  model[0] name=THR2 meshCnt=2 vertOff=0 normOff=0 fB0=0 fB1=0 fB4=0 meshHdrs=0x1289e95c0
  model[1] name=THR2 meshCnt=2 vertOff=0 normOff=0 fB0=0 fB1=0 fB4=0 meshHdrs=0x1289e9620
  model[2] name=THR2 meshCnt=2 vertOff=0 normOff=0 fB0=0 fB1=0 fB4=0 meshHdrs=0x1289e9680
  model[3] name=THR2 meshCnt=2 vertOff=0 normOff=0 fB0=0 fB1=0 fB4=0 meshHdrs=0x1289e96e0
  model[4] name=THR2 meshCnt=3 vertOff=0 normOff=0 fB0=0 fB1=0 fB4=0 meshHdrs=0x1289f5b80
  model[5] name=THR2 meshCnt=2 vertOff=0 normOff=0 fB0=0 fB1=0 fB4=0 meshHdrs=0x1289e9740
  model[6] name=THR2 meshCnt=3 vertOff=0 normOff=0 fB0=0 fB1=0 fB4=0 meshHdrs=0x1289f5c20
  model[7] name=THR2 meshCnt=1 vertOff=0 normOff=0 fB0=0 fB1=0 fB4=0 meshHdrs=0x1289f17d0
  model[8] name=THR2 meshCnt=1 vertOff=0 normOff=0 fB0=0 fB1=0 fB4=0 meshHdrs=0x1289f1800
  model[9] name=THR2 meshCnt=1 vertOff=0 normOff=0 fB0=0 fB1=0 fB4=0 meshHdrs=0x1289f1830
  model[10] name=THR2 meshCnt=1 vertOff=0 normOff=0 fB0=0 fB1=0 fB4=0 meshHdrs=0x1289f1860
  model[11] name=THR2 meshCnt=1 vertOff=0 normOff=0 fB0=0 fB1=0 fB4=0 meshHdrs=0x1289f1890
  model[12] name=THR2 meshCnt=1 vertOff=0 normOff=0 fB0=0 fB1=0 fB4=0 meshHdrs=0x1289f18c0
  model[13] name=THR2 meshCnt=1 vertOff=0 normOff=0 fB0=0 fB1=0 fB4=0 meshHdrs=0x1289f18f0
  modelOrder: 0 1 2 3 4 5 6 7 8 9 10 11 12 13
[IPDREF] hdr=0x12c228000 registry=MISS lmBytes=0x811313
  model[0] name=THR1 meshCnt=2 vertOff=0 normOff=0 fB0=0 fB1=0 fB4=0 meshHdrs=0x1289e97a0
  model[1] name=THR1 meshCnt=2 vertOff=0 normOff=0 fB0=0 fB1=0 fB4=0 meshHdrs=0x1289e9800
  model[2] name=THR1 meshCnt=2 vertOff=0 normOff=0 fB0=0 fB1=0 fB4=0 meshHdrs=0x1289e9860
  model[3] name=THR1 meshCnt=2 vertOff=0 normOff=0 fB0=0 fB1=0 fB4=0 meshHdrs=0x1289e98c0
  model[4] name=THR1 meshCnt=2 vertOff=0 normOff=0 fB0=0 fB1=0 fB4=0 meshHdrs=0x1289e9920
  model[5] name=THR1 meshCnt=2 vertOff=0 normOff=0 fB0=0 fB1=0 fB4=0 meshHdrs=0x1289e9980
  model[6] name=SIGN meshCnt=1 vertOff=0 normOff=0 fB0=0 fB1=0 fB4=0 meshHdrs=0x1289f1b60
  model[7] name=SIGN meshCnt=1 vertOff=0 normOff=0 fB0=0 fB1=0 fB4=0 meshHdrs=0x1289f1b90
  modelOrder: 0 1 2 3 4 5 6 7
[IPDREF] hdr=0x12c240000 registry=MISS lmBytes=0x801216
  model[0] name=THR1 meshCnt=2 vertOff=0 normOff=0 fB0=0 fB1=0 fB4=0 meshHdrs=0x1289e99e0
  model[1] name=THR1 meshCnt=2 vertOff=0 normOff=0 fB0=0 fB1=0 fB4=0 meshHdrs=0x1289e9a40
  model[2] name=THR1 meshCnt=3 vertOff=0 normOff=0 fB0=0 fB1=0 fB4=0 meshHdrs=0x1289f5f40
  model[3] name=THR1 meshCnt=2 vertOff=0 normOff=0 fB0=0 fB1=0 fB4=0 meshHdrs=0x1289e9aa0
  model[4] name=THR1 meshCnt=2 vertOff=0 normOff=0 fB0=0 fB1=0 fB4=0 meshHdrs=0x1289e9b00
  model[5] name=THR1 meshCnt=2 vertOff=0 normOff=0 fB0=0 fB1=0 fB4=0 meshHdrs=0x1289e9b60
  model[6] name=THR1 meshCnt=2 vertOff=0 normOff=0 fB0=0 fB1=0 fB4=0 meshHdrs=0x1289e9bc0
  model[7] name=THR1 meshCnt=2 vertOff=0 normOff=0 fB0=0 fB1=0 fB4=0 meshHdrs=0x1289e9c20
  model[8] name=THR1 meshCnt=2 vertOff=0 normOff=0 fB0=0 fB1=0 fB4=0 meshHdrs=0x1289e9c80
  model[9] name=THR1 meshCnt=1 vertOff=0 normOff=0 fB0=0 fB1=0 fB4=0 meshHdrs=0x1289f1ce0
  model[10] name=SIGN meshCnt=1 vertOff=0 normOff=0 fB0=0 fB1=0 fB4=0 meshHdrs=0x1289f1d10
  modelOrder: 0 1 2 3 4 5 6 7 8 9 10
[IPDREF] hdr=0x12c258000 registry=MISS lmBytes=0x811312
  model[0] name=THR1 meshCnt=3 vertOff=0 normOff=0 fB0=0 fB1=0 fB4=0 meshHdrs=0x1289f61c0
  model[1] name=THR1 meshCnt=3 vertOff=0 normOff=0 fB0=0 fB1=0 fB4=0 meshHdrs=0x1289f6260
  model[2] name=THR1 meshCnt=3 vertOff=0 normOff=0 fB0=0 fB1=0 fB4=0 meshHdrs=0x1289f6300
  model[3] name=THR1 meshCnt=3 vertOff=0 normOff=0 fB0=0 fB1=0 fB4=0 meshHdrs=0x1289f63a0
  model[4] name=THR1 meshCnt=2 vertOff=0 normOff=0 fB0=0 fB1=0 fB4=0 meshHdrs=0x1289e9ce0
  model[5] name=THR1 meshCnt=2 vertOff=0 normOff=0 fB0=0 fB1=0 fB4=0 meshHdrs=0x1289e9d40
  model[6] name=SIGN meshCnt=1 vertOff=0 normOff=0 fB0=0 fB1=0 fB4=0 meshHdrs=0x1289f1f20
  model[7] name=SIGN meshCnt=1 vertOff=0 normOff=0 fB0=0 fB1=0 fB4=0 meshHdrs=0x1289f1f50
  modelOrder: 0 1 2 3 4 5 6 7
[IPDREF] hdr=0x12c270000 registry=MISS lmBytes=0x620e0f
  model[0] name=THR3 meshCnt=1 vertOff=0 normOff=0 fB0=0 fB1=0 fB4=0 meshHdrs=0x1289f20a0
  model[1] name=THR3 meshCnt=1 vertOff=0 normOff=0 fB0=0 fB1=0 fB4=0 meshHdrs=0x1289f20d0
  model[2] name=THR3 meshCnt=1 vertOff=0 normOff=0 fB0=0 fB1=0 fB4=0 meshHdrs=0x1289f2100
  model[3] name=THR3 meshCnt=1 vertOff=0 normOff=0 fB0=0 fB1=0 fB4=0 meshHdrs=0x1289f2130
  model[4] name=THR3 meshCnt=1 vertOff=0 normOff=0 fB0=0 fB1=0 fB4=0 meshHdrs=0x1289f2160
  model[5] name=THR3 meshCnt=1 vertOff=0 normOff=0 fB0=0 fB1=0 fB4=0 meshHdrs=0x1289f2190
  model[6] name=THR3 meshCnt=1 vertOff=0 normOff=0 fB0=0 fB1=0 fB4=0 meshHdrs=0x1289f21c0
  model[7] name=SIGN meshCnt=1 vertOff=0 normOff=0 fB0=0 fB1=0 fB4=0 meshHdrs=0x1289f21f0
  model[8] name=CAR1 meshCnt=3 vertOff=0 normOff=0 fB0=0 fB1=0 fB4=0 meshHdrs=0x1289f64e0
  model[9] name=CAR1 meshCnt=3 vertOff=0 normOff=0 fB0=0 fB1=0 fB4=0 meshHdrs=0x1289f6580
  modelOrder: 0 1 2 3 4 5 6 7 8 9
[IPDREF] hdr=0x12c288000 registry=MISS lmBytes=0x711011
  model[0] name=THR6 meshCnt=2 vertOff=0 normOff=0 fB0=0 fB1=0 fB4=0 meshHdrs=0x1289e9e00
  model[1] name=THR6 meshCnt=1 vertOff=0 normOff=0 fB0=0 fB1=0 fB4=0 meshHdrs=0x1289f23d0
  model[2] name=THR6 meshCnt=1 vertOff=0 normOff=0 fB0=0 fB1=0 fB4=0 meshHdrs=0x1289f2400
  model[3] name=THR6 meshCnt=1 vertOff=0 normOff=0 fB0=0 fB1=0 fB4=0 meshHdrs=0x1289f2430
  model[4] name=THR6 meshCnt=4 vertOff=0 normOff=0 fB0=0 fB1=0 fB4=0 meshHdrs=0x1125ca400
  model[5] name=THR6 meshCnt=3 vertOff=0 normOff=0 fB0=0 fB1=0 fB4=0 meshHdrs=0x1289f6800
  model[6] name=CAR0 meshCnt=1 vertOff=0 normOff=0 fB0=0 fB1=4 fB4=0 meshHdrs=0x1289f2460
  model[7] name=6803 meshCnt=1 vertOff=0 normOff=0 fB0=0 fB1=2 fB4=0 meshHdrs=0x1289f2490
  modelOrder: 0 1 2 3 4 5 6 7
[IPDREF] hdr=0x12c2a0000 registry=MISS lmBytes=0x680f0b
  model[0] name=THR0 meshCnt=3 vertOff=0 normOff=0 fB0=0 fB1=0 fB4=0 meshHdrs=0x1289f6bc0
  model[1] name=THR0 meshCnt=3 vertOff=0 normOff=0 fB0=0 fB1=0 fB4=0 meshHdrs=0x1289f6c60
  model[2] name=THR0 meshCnt=3 vertOff=0 normOff=0 fB0=0 fB1=0 fB4=0 meshHdrs=0x1289f6d00
  model[3] name=THR0 meshCnt=3 vertOff=0 normOff=0 fB0=0 fB1=0 fB4=0 meshHdrs=0x1289f6da0
  model[4] name=THR0 meshCnt=3 vertOff=0 normOff=0 fB0=0 fB1=0 fB4=0 meshHdrs=0x1289f6e40
  model[5] name=SIGN meshCnt=1 vertOff=0 normOff=0 fB0=0 fB1=0 fB4=0 meshHdrs=0x1289f25e0
  modelOrder: 0 1 2 3 4 5
[IPDREF] hdr=0x12c2b8000 registry=MISS lmBytes=0x660d11
  model[0] name=THR0 meshCnt=2 vertOff=0 normOff=0 fB0=0 fB1=0 fB4=0 meshHdrs=0x1289e9e60
  model[1] name=THR0 meshCnt=2 vertOff=0 normOff=0 fB0=0 fB1=0 fB4=0 meshHdrs=0x1289e9ec0
  model[2] name=THR0 meshCnt=2 vertOff=0 normOff=0 fB0=0 fB1=0 fB4=0 meshHdrs=0x1289e9f20
  model[3] name=THR0 meshCnt=2 vertOff=0 normOff=0 fB0=0 fB1=0 fB4=0 meshHdrs=0x1289e9f80
  model[4] name=THR0 meshCnt=2 vertOff=0 normOff=0 fB0=0 fB1=0 fB4=0 meshHdrs=0x1289e9fe0
  model[5] name=THR0 meshCnt=1 vertOff=0 normOff=0 fB0=0 fB1=0 fB4=0 meshHdrs=0x1289f2670
  model[6] name=THR0 meshCnt=2 vertOff=0 normOff=0 fB0=0 fB1=0 fB4=0 meshHdrs=0x1289ea040
  model[7] name=THR0 meshCnt=1 vertOff=0 normOff=0 fB0=0 fB1=0 fB4=0 meshHdrs=0x1289f26a0
  model[8] name=THR0 meshCnt=2 vertOff=0 normOff=0 fB0=0 fB1=0 fB4=0 meshHdrs=0x1289ea0a0
  model[9] name=THR0 meshCnt=2 vertOff=0 normOff=0 fB0=0 fB1=0 fB4=0 meshHdrs=0x1289ea100
  model[10] name=THR0 meshCnt=1 vertOff=0 normOff=0 fB0=0 fB1=0 fB4=0 meshHdrs=0x1289f26d0
  modelOrder: 0 1 2 3 4 5 6 7 8 9 10
[IPDREF] hdr=0x12c2d0000 registry=MISS lmBytes=0x680f0c
  model[0] name=THR0 meshCnt=3 vertOff=0 normOff=0 fB0=0 fB1=0 fB4=0 meshHdrs=0x1289f70c0
  model[1] name=THR0 meshCnt=3 vertOff=0 normOff=0 fB0=0 fB1=0 fB4=0 meshHdrs=0x1289f7160
  model[2] name=THR0 meshCnt=3 vertOff=0 normOff=0 fB0=0 fB1=0 fB4=0 meshHdrs=0x1289f7200
  model[3] name=THR0 meshCnt=3 vertOff=0 normOff=0 fB0=0 fB1=0 fB4=0 meshHdrs=0x1289f72a0
  model[4] name=THR0 meshCnt=3 vertOff=0 normOff=0 fB0=0 fB1=0 fB4=0 meshHdrs=0x1289f7340
  model[5] name=THR0 meshCnt=1 vertOff=0 normOff=0 fB0=0 fB1=0 fB4=0 meshHdrs=0x1289f28e0
  model[6] name=NAKA meshCnt=1 vertOff=0 normOff=0 fB0=0 fB1=2 fB4=0 meshHdrs=0x1289f2910
  model[7] name=THR0 meshCnt=1 vertOff=0 normOff=0 fB0=0 fB1=5 fB4=0 meshHdrs=0x1289f2940
  model[8] name=THR0 meshCnt=1 vertOff=0 normOff=0 fB0=0 fB1=1 fB4=0 meshHdrs=0x1289f2970
  modelOrder: 0 1 2 3 4 5 6 7 8
[IPDREF] hdr=0x12c2e8000 registry=MISS lmBytes=0x680f0a
  model[0] name=THR2 meshCnt=3 vertOff=0 normOff=0 fB0=0 fB1=0 fB4=0 meshHdrs=0x1289f7700
  model[1] name=THR2 meshCnt=3 vertOff=0 normOff=0 fB0=0 fB1=0 fB4=0 meshHdrs=0x1289f77a0
  model[2] name=THR2 meshCnt=3 vertOff=0 normOff=0 fB0=0 fB1=0 fB4=0 meshHdrs=0x1289f7840
  model[3] name=THR2 meshCnt=3 vertOff=0 normOff=0 fB0=0 fB1=0 fB4=0 meshHdrs=0x1289f78e0
  model[4] name=THR2 meshCnt=3 vertOff=0 normOff=0 fB0=0 fB1=0 fB4=0 meshHdrs=0x1289f7980
  model[5] name=SIGN meshCnt=1 vertOff=0 normOff=0 fB0=0 fB1=0 fB4=0 meshHdrs=0x1289f2ac0
  modelOrder: 0 1 2 3 4 5
[IPDREF] hdr=0x12c300000 registry=MISS lmBytes=0x6f0e10
  model[0] name=THR2 meshCnt=3 vertOff=0 normOff=0 fB0=0 fB1=0 fB4=0 meshHdrs=0x1289f7d40
  model[1] name=THR2 meshCnt=1 vertOff=0 normOff=0 fB0=0 fB1=0 fB4=0 meshHdrs=0x1289f2be0
  model[2] name=THR2 meshCnt=2 vertOff=0 normOff=0 fB0=0 fB1=0 fB4=0 meshHdrs=0x1289ea160
  model[3] name=THR2 meshCnt=2 vertOff=0 normOff=0 fB0=0 fB1=0 fB4=0 meshHdrs=0x1289ea1c0
  model[4] name=THR2 meshCnt=3 vertOff=0 normOff=0 fB0=0 fB1=0 fB4=0 meshHdrs=0x1289f7de0
  model[5] name=THR2 meshCnt=2 vertOff=0 normOff=0 fB0=0 fB1=0 fB4=0 meshHdrs=0x1289ea220
  model[6] name=THR2 meshCnt=2 vertOff=0 normOff=0 fB0=0 fB1=0 fB4=0 meshHdrs=0x1289ea280
  model[7] name=THR2 meshCnt=2 vertOff=0 normOff=0 fB0=0 fB1=0 fB4=0 meshHdrs=0x1289ea2e0
  model[8] name=THR2 meshCnt=3 vertOff=0 normOff=0 fB0=0 fB1=0 fB4=0 meshHdrs=0x1289f7e80
  model[9] name=THR2 meshCnt=1 vertOff=0 normOff=0 fB0=0 fB1=0 fB4=0 meshHdrs=0x1289f2c10
  modelOrder: 0 1 2 3 4 5 6 7 8 9
[IPDREF] hdr=0x12c318000 registry=MISS lmBytes=0x410a0c
  model[0] name=THR2 meshCnt=2 vertOff=0 normOff=0 fB0=0 fB1=0 fB4=0 meshHdrs=0x1289ea340
  model[1] name=THR2 meshCnt=3 vertOff=0 normOff=0 fB0=0 fB1=0 fB4=0 meshHdrs=0x1289f7f20
  model[2] name=THR2 meshCnt=3 vertOff=0 normOff=0 fB0=0 fB1=0 fB4=0 meshHdrs=0x128a08000
  model[3] name=THR2 meshCnt=2 vertOff=0 normOff=0 fB0=0 fB1=0 fB4=0 meshHdrs=0x1289ea3a0
  model[4] name=THR2 meshCnt=2 vertOff=0 normOff=0 fB0=0 fB1=0 fB4=0 meshHdrs=0x1289ea400
  model[5] name=THR2 meshCnt=4 vertOff=0 normOff=0 fB0=0 fB1=0 fB4=0 meshHdrs=0x1125ca580
  model[6] name=THR2 meshCnt=1 vertOff=0 normOff=0 fB0=0 fB1=0 fB4=0 meshHdrs=0x1289f2d30
  modelOrder: 0 1 2 3 4 5 6
[IPDREF] hdr=0x12c330000 registry=MISS lmBytes=0x711013
  model[0] name=THR1 meshCnt=2 vertOff=0 normOff=0 fB0=0 fB1=0 fB4=0 meshHdrs=0x1289ea460
  model[1] name=THR1 meshCnt=3 vertOff=0 normOff=0 fB0=0 fB1=0 fB4=0 meshHdrs=0x128a080a0
  model[2] name=THR1 meshCnt=3 vertOff=0 normOff=0 fB0=0 fB1=0 fB4=0 meshHdrs=0x128a08140
  model[3] name=THR1 meshCnt=4 vertOff=0 normOff=0 fB0=0 fB1=0 fB4=0 meshHdrs=0x1125ca700
  model[4] name=THR1 meshCnt=1 vertOff=0 normOff=0 fB0=0 fB1=0 fB4=0 meshHdrs=0x1289f2e50
  model[5] name=THR1 meshCnt=2 vertOff=0 normOff=0 fB0=0 fB1=0 fB4=0 meshHdrs=0x1289ea4c0
  model[6] name=12A_ meshCnt=1 vertOff=0 normOff=0 fB0=0 fB1=0 fB4=0 meshHdrs=0x1289f2e80
  model[7] name=THR1 meshCnt=3 vertOff=0 normOff=0 fB0=0 fB1=0 fB4=0 meshHdrs=0x128a081e0
  model[8] name=1204 meshCnt=1 vertOff=0 normOff=0 fB0=0 fB1=1 fB4=0 meshHdrs=0x1289f2eb0
  model[9] name=GRAS meshCnt=1 vertOff=0 normOff=0 fB0=0 fB1=1 fB4=0 meshHdrs=0x1289f2ee0
  model[10] name=GRAS meshCnt=1 vertOff=0 normOff=0 fB0=0 fB1=1 fB4=0 meshHdrs=0x1289f2f10
  modelOrder: 0 1 2 3 4 5 6 7 8 9 10
[IPDREF] hdr=0x12c348000 registry=MISS lmBytes=0x700f18
  model[0] name=THR1 meshCnt=3 vertOff=0 normOff=0 fB0=0 fB1=0 fB4=0 meshHdrs=0x128a085a0
  model[1] name=THR1 meshCnt=2 vertOff=0 normOff=0 fB0=0 fB1=0 fB4=0 meshHdrs=0x1289ea520
  model[2] name=THR1 meshCnt=1 vertOff=0 normOff=0 fB0=0 fB1=0 fB4=0 meshHdrs=0x1289f3000
  model[3] name=THR1 meshCnt=2 vertOff=0 normOff=0 fB0=0 fB1=0 fB4=0 meshHdrs=0x1289ea580
  model[4] name=THR1 meshCnt=3 vertOff=0 normOff=0 fB0=0 fB1=0 fB4=0 meshHdrs=0x128a08640
  model[5] name=THR1 meshCnt=1 vertOff=0 normOff=0 fB0=0 fB1=0 fB4=0 meshHdrs=0x1289f3030
  model[6] name=THR1 meshCnt=2 vertOff=0 normOff=0 fB0=0 fB1=0 fB4=0 meshHdrs=0x1289ea5e0
  model[7] name=THR1 meshCnt=2 vertOff=0 normOff=0 fB0=0 fB1=0 fB4=0 meshHdrs=0x1289ea640
  model[8] name=THR1 meshCnt=2 vertOff=0 normOff=0 fB0=0 fB1=0 fB4=0 meshHdrs=0x1289ea6a0
  model[9] name=THR1 meshCnt=2 vertOff=0 normOff=0 fB0=0 fB1=0 fB4=0 meshHdrs=0x1289ea700
  model[10] name=1404 meshCnt=1 vertOff=0 normOff=0 fB0=0 fB1=0 fB4=0 meshHdrs=0x1289f3060
  model[11] name=1404 meshCnt=1 vertOff=0 normOff=0 fB0=0 fB1=0 fB4=0 meshHdrs=0x1289f3090
  model[12] name=B_NE meshCnt=1 vertOff=0 normOff=0 fB0=0 fB1=1 fB4=0 meshHdrs=0x1289f30c0
  model[13] name=B_RI meshCnt=1 vertOff=0 normOff=0 fB0=0 fB1=1 fB4=0 meshHdrs=0x1289f30f0
  model[14] name=B_BO meshCnt=1 vertOff=0 normOff=0 fB0=0 fB1=0 fB4=0 meshHdrs=0x1289f3120
  model[15] name=B_PO meshCnt=1 vertOff=0 normOff=0 fB0=0 fB1=2 fB4=0 meshHdrs=0x1289f3150
  model[16] name=OFF1 meshCnt=1 vertOff=0 normOff=0 fB0=0 fB1=1 fB4=0 meshHdrs=0x1289f3180
  model[17] name=OFF2 meshCnt=1 vertOff=0 normOff=0 fB0=0 fB1=1 fB4=0 meshHdrs=0x1289f31b0
  modelOrder: 0 1 2 3 4 5 6 7 8 9 10 11 12 13 14 15 16 17
[IPDREF] hdr=0x12c360000 registry=MISS lmBytes=0x680f0b
  model[0] name=THR1 meshCnt=3 vertOff=0 normOff=0 fB0=0 fB1=0 fB4=0 meshHdrs=0x128a08a00
  model[1] name=THR1 meshCnt=3 vertOff=0 normOff=0 fB0=0 fB1=0 fB4=0 meshHdrs=0x128a08aa0
  model[2] name=THR1 meshCnt=3 vertOff=0 normOff=0 fB0=0 fB1=0 fB4=0 meshHdrs=0x128a08b40
  model[3] name=THR1 meshCnt=3 vertOff=0 normOff=0 fB0=0 fB1=0 fB4=0 meshHdrs=0x128a08be0
  model[4] name=THR1 meshCnt=3 vertOff=0 normOff=0 fB0=0 fB1=0 fB4=0 meshHdrs=0x128a08c80
  model[5] name=SIGN meshCnt=1 vertOff=0 normOff=0 fB0=0 fB1=0 fB4=0 meshHdrs=0x1289f3300
  modelOrder: 0 1 2 3 4 5
[IPDREF] hdr=0x12c378000 registry=MISS lmBytes=0x620e0d
  model[0] name=THR3 meshCnt=1 vertOff=0 normOff=0 fB0=0 fB1=0 fB4=0 meshHdrs=0x1289f3480
  model[1] name=THR3 meshCnt=1 vertOff=0 normOff=0 fB0=0 fB1=0 fB4=0 meshHdrs=0x1289f34b0
  model[2] name=THR3 meshCnt=1 vertOff=0 normOff=0 fB0=0 fB1=0 fB4=0 meshHdrs=0x1289f34e0
  model[3] name=THR3 meshCnt=1 vertOff=0 normOff=0 fB0=0 fB1=0 fB4=0 meshHdrs=0x1289f3510
  model[4] name=THR3 meshCnt=1 vertOff=0 normOff=0 fB0=0 fB1=0 fB4=0 meshHdrs=0x1289f3540
  model[5] name=THR3 meshCnt=1 vertOff=0 normOff=0 fB0=0 fB1=0 fB4=0 meshHdrs=0x1289f3570
  model[6] name=SIGN meshCnt=1 vertOff=0 normOff=0 fB0=0 fB1=0 fB4=0 meshHdrs=0x1289f35a0
  model[7] name=CAR1 meshCnt=4 vertOff=0 normOff=0 fB0=0 fB1=0 fB4=0 meshHdrs=0x1125ca7c0
  model[8] name=CAR1 meshCnt=4 vertOff=0 normOff=0 fB0=0 fB1=0 fB4=0 meshHdrs=0x1125ca880
  modelOrder: 0 1 2 3 4 5 6 7 8
[IPDREF] hdr=0x12c390000 registry=MISS lmBytes=0x620e0f
  model[0] name=THR6 meshCnt=2 vertOff=0 normOff=0 fB0=0 fB1=0 fB4=0 meshHdrs=0x1289ea820
  model[1] name=THR6 meshCnt=2 vertOff=0 normOff=0 fB0=0 fB1=0 fB4=0 meshHdrs=0x1289ea880
  model[2] name=THR6 meshCnt=2 vertOff=0 normOff=0 fB0=0 fB1=0 fB4=0 meshHdrs=0x1289ea8e0
  model[3] name=THR6 meshCnt=4 vertOff=0 normOff=0 fB0=0 fB1=0 fB4=0 meshHdrs=0x1125ca940
  model[4] name=THR6 meshCnt=2 vertOff=0 normOff=0 fB0=0 fB1=0 fB4=0 meshHdrs=0x1289ea940
  model[5] name=THR6 meshCnt=1 vertOff=0 normOff=0 fB0=0 fB1=0 fB4=0 meshHdrs=0x1289f3750
  model[6] name=THR6 meshCnt=3 vertOff=0 normOff=0 fB0=0 fB1=0 fB4=0 meshHdrs=0x128a08e60
  model[7] name=6705 meshCnt=1 vertOff=0 normOff=0 fB0=0 fB1=4 fB4=0 meshHdrs=0x1289f3780
  model[8] name=6702 meshCnt=1 vertOff=0 normOff=0 fB0=0 fB1=5 fB4=0 meshHdrs=0x1289f37b0
  model[9] name=6766 meshCnt=1 vertOff=0 normOff=0 fB0=0 fB1=5 fB4=0 meshHdrs=0x1289f37e0
  modelOrder: 0 1 2 3 4 5 6 7 8 9
[IPDREF] hdr=0x12c3a8000 registry=MISS lmBytes=0x811313
  model[0] name=THR0 meshCnt=3 vertOff=0 normOff=0 fB0=0 fB1=0 fB4=0 meshHdrs=0x128a09220
  model[1] name=THR0 meshCnt=3 vertOff=0 normOff=0 fB0=0 fB1=0 fB4=0 meshHdrs=0x128a092c0
  model[2] name=THR0 meshCnt=3 vertOff=0 normOff=0 fB0=0 fB1=0 fB4=0 meshHdrs=0x128a09360
  model[3] name=THR0 meshCnt=2 vertOff=0 normOff=0 fB0=0 fB1=0 fB4=0 meshHdrs=0x1289ea9a0
  model[4] name=THR0 meshCnt=2 vertOff=0 normOff=0 fB0=0 fB1=0 fB4=0 meshHdrs=0x1289eaa00
  model[5] name=THR0 meshCnt=2 vertOff=0 normOff=0 fB0=0 fB1=0 fB4=0 meshHdrs=0x1289eaa60
  model[6] name=THR0 meshCnt=1 vertOff=0 normOff=0 fB0=0 fB1=0 fB4=0 meshHdrs=0x1289f39c0
  model[7] name=SIGN meshCnt=1 vertOff=0 normOff=0 fB0=0 fB1=0 fB4=0 meshHdrs=0x1289f39f0
  model[8] name=SIGN meshCnt=1 vertOff=0 normOff=0 fB0=0 fB1=0 fB4=0 meshHdrs=0x1289f3a20
  modelOrder: 0 1 2 3 4 5 6 7 8
[IPDREF] hdr=0x12c3c0000 registry=MISS lmBytes=0x83121a
  model[0] name=THR0 meshCnt=2 vertOff=0 normOff=0 fB0=0 fB1=0 fB4=0 meshHdrs=0x1289eaac0
  model[1] name=THR0 meshCnt=2 vertOff=0 normOff=0 fB0=0 fB1=0 fB4=0 meshHdrs=0x1289eab20
  model[2] name=THR0 meshCnt=2 vertOff=0 normOff=0 fB0=0 fB1=0 fB4=0 meshHdrs=0x1289eab80
  model[3] name=THR0 meshCnt=2 vertOff=0 normOff=0 fB0=0 fB1=0 fB4=0 meshHdrs=0x1289eabe0
  model[4] name=THR0 meshCnt=2 vertOff=0 normOff=0 fB0=0 fB1=0 fB4=0 meshHdrs=0x1289eac40
  model[5] name=THR0 meshCnt=2 vertOff=0 normOff=0 fB0=0 fB1=0 fB4=0 meshHdrs=0x1289eaca0
  model[6] name=THR0 meshCnt=1 vertOff=0 normOff=0 fB0=0 fB1=0 fB4=0 meshHdrs=0x1289f3bd0
  model[7] name=THR0 meshCnt=2 vertOff=0 normOff=0 fB0=0 fB1=0 fB4=0 meshHdrs=0x1289ead00
  model[8] name=THR0 meshCnt=1 vertOff=0 normOff=0 fB0=0 fB1=0 fB4=0 meshHdrs=0x1289f3c00
  model[9] name=THR0 meshCnt=1 vertOff=0 normOff=0 fB0=0 fB1=0 fB4=0 meshHdrs=0x1289f3c30
  model[10] name=THR0 meshCnt=1 vertOff=0 normOff=0 fB0=0 fB1=0 fB4=0 meshHdrs=0x1289f3c60
  model[11] name=SIGN meshCnt=1 vertOff=0 normOff=0 fB0=0 fB1=0 fB4=0 meshHdrs=0x1289f3c90
  model[12] name=SAK_ meshCnt=1 vertOff=0 normOff=0 fB0=0 fB1=1 fB4=0 meshHdrs=0x1289f3cc0
  model[13] name=G1_B meshCnt=1 vertOff=0 normOff=0 fB0=0 fB1=3 fB4=0 meshHdrs=0x1289f3cf0
  model[14] name=0407 meshCnt=1 vertOff=0 normOff=0 fB0=0 fB1=1 fB4=0 meshHdrs=0x1289f3d20
  model[15] name=0407 meshCnt=1 vertOff=0 normOff=0 fB0=0 fB1=1 fB4=0 meshHdrs=0x1289f3d50
  modelOrder: 0 1 2 3 4 5 6 7 8 9 10 11 12 13 14 15
[IPDREF] hdr=0x12c3d8000 registry=MISS lmBytes=0x7d1213
  model[0] name=THR0 meshCnt=3 vertOff=0 normOff=0 fB0=0 fB1=0 fB4=0 meshHdrs=0x128a097c0
  model[1] name=THR0 meshCnt=3 vertOff=0 normOff=0 fB0=0 fB1=0 fB4=0 meshHdrs=0x128a09860
  model[2] name=THR0 meshCnt=3 vertOff=0 normOff=0 fB0=0 fB1=0 fB4=0 meshHdrs=0x128a09900
  model[3] name=THR0 meshCnt=2 vertOff=0 normOff=0 fB0=0 fB1=0 fB4=0 meshHdrs=0x1289ead60
  model[4] name=THR0 meshCnt=2 vertOff=0 normOff=0 fB0=0 fB1=0 fB4=0 meshHdrs=0x1289eadc0
  model[5] name=THR0 meshCnt=3 vertOff=0 normOff=0 fB0=0 fB1=0 fB4=0 meshHdrs=0x128a099a0
  model[6] name=THR0 meshCnt=1 vertOff=0 normOff=0 fB0=0 fB1=0 fB4=0 meshHdrs=0x1289f3f30
  model[7] name=SIGN meshCnt=1 vertOff=0 normOff=0 fB0=0 fB1=0 fB4=0 meshHdrs=0x1289f3f60
  model[8] name=SIGN meshCnt=1 vertOff=0 normOff=0 fB0=0 fB1=0 fB4=0 meshHdrs=0x1289f3f90
  modelOrder: 0 1 2 3 4 5 6 7 8
[IPDREF] hdr=0x12c400000 registry=MISS lmBytes=0x811312
  model[0] name=THR2 meshCnt=3 vertOff=0 normOff=0 fB0=0 fB1=0 fB4=0 meshHdrs=0x128a09d60
  model[1] name=THR2 meshCnt=3 vertOff=0 normOff=0 fB0=0 fB1=0 fB4=0 meshHdrs=0x128a09e00
  model[2] name=THR2 meshCnt=3 vertOff=0 normOff=0 fB0=0 fB1=0 fB4=0 meshHdrs=0x128a09ea0
  model[3] name=THR2 meshCnt=2 vertOff=0 normOff=0 fB0=0 fB1=0 fB4=0 meshHdrs=0x1289eae20
  model[4] name=THR2 meshCnt=2 vertOff=0 normOff=0 fB0=0 fB1=0 fB4=0 meshHdrs=0x1289eae80
  model[5] name=THR2 meshCnt=2 vertOff=0 normOff=0 fB0=0 fB1=0 fB4=0 meshHdrs=0x1289eaee0
  model[6] name=THR2 meshCnt=1 vertOff=0 normOff=0 fB0=0 fB1=0 fB4=0 meshHdrs=0x128a10180
  model[7] name=THR2 meshCnt=1 vertOff=0 normOff=0 fB0=0 fB1=0 fB4=0 meshHdrs=0x128a101b0
  modelOrder: 0 1 2 3 4 5 6 7
[IPDREF] hdr=0x12c418000 registry=MISS lmBytes=0x891318
  model[0] name=THR2 meshCnt=2 vertOff=0 normOff=0 fB0=0 fB1=0 fB4=0 meshHdrs=0x1289eaf40
  model[1] name=THR2 meshCnt=2 vertOff=0 normOff=0 fB0=0 fB1=0 fB4=0 meshHdrs=0x1289eafa0
  model[2] name=THR2 meshCnt=2 vertOff=0 normOff=0 fB0=0 fB1=0 fB4=0 meshHdrs=0x1289eb000
  model[3] name=THR2 meshCnt=2 vertOff=0 normOff=0 fB0=0 fB1=0 fB4=0 meshHdrs=0x1289eb060
  model[4] name=THR2 meshCnt=2 vertOff=0 normOff=0 fB0=0 fB1=0 fB4=0 meshHdrs=0x1289eb0c0
  model[5] name=THR2 meshCnt=2 vertOff=0 normOff=0 fB0=0 fB1=0 fB4=0 meshHdrs=0x1289eb120
  model[6] name=THR2 meshCnt=2 vertOff=0 normOff=0 fB0=0 fB1=0 fB4=0 meshHdrs=0x1289eb180
  model[7] name=THR2 meshCnt=2 vertOff=0 normOff=0 fB0=0 fB1=0 fB4=0 meshHdrs=0x1289eb1e0
  model[8] name=THR2 meshCnt=1 vertOff=0 normOff=0 fB0=0 fB1=0 fB4=0 meshHdrs=0x128a10330
  model[9] name=THR2 meshCnt=1 vertOff=0 normOff=0 fB0=0 fB1=0 fB4=0 meshHdrs=0x128a10360
  model[10] name=THR2 meshCnt=1 vertOff=0 normOff=0 fB0=0 fB1=0 fB4=0 meshHdrs=0x128a10390
  model[11] name=W1_B meshCnt=1 vertOff=0 normOff=0 fB0=0 fB1=3 fB4=0 meshHdrs=0x128a103c0
  model[12] name=W1   meshCnt=1 vertOff=0 normOff=0 fB0=0 fB1=0 fB4=0 meshHdrs=0x128a103f0
  model[13] name=2502 meshCnt=1 vertOff=0 normOff=0 fB0=0 fB1=3 fB4=0 meshHdrs=0x128a10420
  modelOrder: 0 1 2 3 4 5 6 7 8 9 10 11 12 13
[IPDREF] hdr=0x12c430000 registry=MISS lmBytes=0x691011
  model[0] name=THR2 meshCnt=3 vertOff=0 normOff=0 fB0=0 fB1=0 fB4=0 meshHdrs=0x128a0a080
  model[1] name=THR2 meshCnt=3 vertOff=0 normOff=0 fB0=0 fB1=0 fB4=0 meshHdrs=0x128a0a120
  model[2] name=THR2 meshCnt=3 vertOff=0 normOff=0 fB0=0 fB1=0 fB4=0 meshHdrs=0x128a0a1c0
  model[3] name=THR2 meshCnt=2 vertOff=0 normOff=0 fB0=0 fB1=0 fB4=0 meshHdrs=0x1289eb2a0
  model[4] name=THR2 meshCnt=3 vertOff=0 normOff=0 fB0=0 fB1=0 fB4=0 meshHdrs=0x128a0a260
  model[5] name=THR2 meshCnt=3 vertOff=0 normOff=0 fB0=0 fB1=0 fB4=0 meshHdrs=0x128a0a300
  model[6] name=THR2 meshCnt=3 vertOff=0 normOff=0 fB0=0 fB1=0 fB4=0 meshHdrs=0x128a0a3a0
  modelOrder: 0 1 2 3 4 5 6
[IPDREF] hdr=0x12c448000 registry=MISS lmBytes=0x811318
  model[0] name=THR8 meshCnt=4 vertOff=0 normOff=0 fB0=0 fB1=0 fB4=0 meshHdrs=0x1125caa00
  model[1] name=THR8 meshCnt=4 vertOff=0 normOff=0 fB0=0 fB1=0 fB4=0 meshHdrs=0x1125caac0
  model[2] name=THR8 meshCnt=2 vertOff=0 normOff=0 fB0=0 fB1=0 fB4=0 meshHdrs=0x1289eb300
  model[3] name=THR8 meshCnt=3 vertOff=0 normOff=0 fB0=0 fB1=0 fB4=0 meshHdrs=0x128a0a4e0
  model[4] name=THR8 meshCnt=2 vertOff=0 normOff=0 fB0=0 fB1=0 fB4=0 meshHdrs=0x1289eb360
  model[5] name=THR8 meshCnt=2 vertOff=0 normOff=0 fB0=0 fB1=0 fB4=0 meshHdrs=0x1289eb3c0
  model[6] name=81A_ meshCnt=1 vertOff=0 normOff=0 fB0=0 fB1=0 fB4=0 meshHdrs=0x128a107e0
  model[7] name=81B_ meshCnt=1 vertOff=0 normOff=0 fB0=0 fB1=0 fB4=0 meshHdrs=0x128a10810
  model[8] name=81C_ meshCnt=1 vertOff=0 normOff=0 fB0=0 fB1=0 fB4=0 meshHdrs=0x128a10840
  model[9] name=SIGN meshCnt=1 vertOff=0 normOff=0 fB0=0 fB1=0 fB4=0 meshHdrs=0x128a10870
  model[10] name=SIGN meshCnt=1 vertOff=0 normOff=0 fB0=0 fB1=0 fB4=0 meshHdrs=0x128a108a0
  modelOrder: 0 1 2 3 4 5 6 7 8 9 10
[IPDREF] hdr=0x12c460000 registry=MISS lmBytes=0x801211
  model[0] name=THR1 meshCnt=2 vertOff=0 normOff=0 fB0=0 fB1=0 fB4=0 meshHdrs=0x1289eb420
  model[1] name=THR1 meshCnt=2 vertOff=0 normOff=0 fB0=0 fB1=0 fB4=0 meshHdrs=0x1289eb480
  model[2] name=THR1 meshCnt=2 vertOff=0 normOff=0 fB0=0 fB1=0 fB4=0 meshHdrs=0x1289eb4e0
  model[3] name=THR1 meshCnt=3 vertOff=0 normOff=0 fB0=0 fB1=0 fB4=0 meshHdrs=0x128a0a760
  model[4] name=THR1 meshCnt=3 vertOff=0 normOff=0 fB0=0 fB1=0 fB4=0 meshHdrs=0x128a0a800
  model[5] name=THR1 meshCnt=2 vertOff=0 normOff=0 fB0=0 fB1=0 fB4=0 meshHdrs=0x1289eb540
  model[6] name=THR1 meshCnt=2 vertOff=0 normOff=0 fB0=0 fB1=0 fB4=0 meshHdrs=0x1289eb5a0
  model[7] name=THR1 meshCnt=2 vertOff=0 normOff=0 fB0=0 fB1=0 fB4=0 meshHdrs=0x1289eb600
  model[8] name=THR1 meshCnt=1 vertOff=0 normOff=0 fB0=0 fB1=0 fB4=0 meshHdrs=0x128a109c0
  modelOrder: 0 1 2 3 4 5 6 7 8
[IPDREF] hdr=0x12c478000 registry=MISS lmBytes=0x811312
  model[0] name=THR1 meshCnt=3 vertOff=0 normOff=0 fB0=0 fB1=0 fB4=0 meshHdrs=0x128a0a9e0
  model[1] name=THR1 meshCnt=3 vertOff=0 normOff=0 fB0=0 fB1=0 fB4=0 meshHdrs=0x128a0aa80
  model[2] name=THR1 meshCnt=2 vertOff=0 normOff=0 fB0=0 fB1=0 fB4=0 meshHdrs=0x1289eb660
  model[3] name=THR1 meshCnt=2 vertOff=0 normOff=0 fB0=0 fB1=0 fB4=0 meshHdrs=0x1289eb6c0
  model[4] name=THR1 meshCnt=2 vertOff=0 normOff=0 fB0=0 fB1=0 fB4=0 meshHdrs=0x1289eb720
  model[5] name=THR1 meshCnt=3 vertOff=0 normOff=0 fB0=0 fB1=0 fB4=0 meshHdrs=0x128a0ab20
  model[6] name=SIGN meshCnt=1 vertOff=0 normOff=0 fB0=0 fB1=0 fB4=0 meshHdrs=0x128a10c00
  model[7] name=SIGN meshCnt=1 vertOff=0 normOff=0 fB0=0 fB1=0 fB4=0 meshHdrs=0x128a10c30
  modelOrder: 0 1 2 3 4 5 6 7
[IPDREF] hdr=0x12c490000 registry=MISS lmBytes=0x691010
  model[0] name=THR3 meshCnt=2 vertOff=0 normOff=0 fB0=0 fB1=0 fB4=0 meshHdrs=0x1289eb780
  model[1] name=THR3 meshCnt=2 vertOff=0 normOff=0 fB0=0 fB1=0 fB4=0 meshHdrs=0x1289eb7e0
  model[2] name=THR3 meshCnt=2 vertOff=0 normOff=0 fB0=0 fB1=0 fB4=0 meshHdrs=0x1289eb840
  model[3] name=THR3 meshCnt=2 vertOff=0 normOff=0 fB0=0 fB1=0 fB4=0 meshHdrs=0x1289eb8a0
  model[4] name=THR3 meshCnt=2 vertOff=0 normOff=0 fB0=0 fB1=0 fB4=0 meshHdrs=0x1289eb900
  model[5] name=THR3 meshCnt=2 vertOff=0 normOff=0 fB0=0 fB1=0 fB4=0 meshHdrs=0x1289eb960
  model[6] name=THR3 meshCnt=2 vertOff=0 normOff=0 fB0=0 fB1=0 fB4=0 meshHdrs=0x1289eb9c0
  model[7] name=SIGN meshCnt=1 vertOff=0 normOff=0 fB0=0 fB1=0 fB4=0 meshHdrs=0x128a10e10
  model[8] name=SIGN meshCnt=1 vertOff=0 normOff=0 fB0=0 fB1=0 fB4=0 meshHdrs=0x128a10e40
  modelOrder: 0 1 2 3 4 5 6 7 8
[IPDREF] hdr=0x12c4a8000 registry=MISS lmBytes=0x410a16
  model[0] name=THR6 meshCnt=2 vertOff=0 normOff=0 fB0=0 fB1=0 fB4=0 meshHdrs=0x1289eba20
  model[1] name=THR6 meshCnt=2 vertOff=0 normOff=0 fB0=0 fB1=0 fB4=0 meshHdrs=0x1289eba80
  model[2] name=THR6 meshCnt=2 vertOff=0 normOff=0 fB0=0 fB1=0 fB4=0 meshHdrs=0x1289ebae0
  model[3] name=THR6 meshCnt=2 vertOff=0 normOff=0 fB0=0 fB1=0 fB4=0 meshHdrs=0x1289ebb40
  model[4] name=THR6 meshCnt=1 vertOff=0 normOff=0 fB0=0 fB1=0 fB4=0 meshHdrs=0x128a10ff0
  model[5] name=THR6 meshCnt=1 vertOff=0 normOff=0 fB0=0 fB1=0 fB4=0 meshHdrs=0x128a11020
  model[6] name=SIGN meshCnt=1 vertOff=0 normOff=0 fB0=0 fB1=0 fB4=0 meshHdrs=0x128a11050
  model[7] name=6411 meshCnt=1 vertOff=0 normOff=0 fB0=0 fB1=4 fB4=0 meshHdrs=0x128a11080
  model[8] name=THR6 meshCnt=1 vertOff=0 normOff=0 fB0=0 fB1=1 fB4=0 meshHdrs=0x128a110b0
  model[9] name=THR6 meshCnt=3 vertOff=0 normOff=0 fB0=0 fB1=0 fB4=0 meshHdrs=0x128a0ada0
  model[10] name=THR6 meshCnt=1 vertOff=0 normOff=0 fB0=0 fB1=0 fB4=0 meshHdrs=0x128a110e0
  model[11] name=6405 meshCnt=1 vertOff=0 normOff=0 fB0=0 fB1=4 fB4=0 meshHdrs=0x128a11110
  model[12] name=PTCA meshCnt=1 vertOff=0 normOff=0 fB0=0 fB1=2 fB4=0 meshHdrs=0x128a11140
  model[13] name=PTCA meshCnt=1 vertOff=0 normOff=0 fB0=0 fB1=1 fB4=0 meshHdrs=0x128a11170
  model[14] name=PTCA meshCnt=1 vertOff=0 normOff=0 fB0=0 fB1=1 fB4=0 meshHdrs=0x128a111a0
  model[15] name=PTCA meshCnt=1 vertOff=0 normOff=0 fB0=0 fB1=4 fB4=0 meshHdrs=0x128a111d0
  model[16] name=KEY_ meshCnt=1 vertOff=0 normOff=0 fB0=0 fB1=0 fB4=0 meshHdrs=0x128a11200
  model[17] name=THR6 meshCnt=1 vertOff=0 normOff=0 fB0=0 fB1=4 fB4=0 meshHdrs=0x128a11230
  model[18] name=6405 meshCnt=1 vertOff=0 normOff=0 fB0=0 fB1=3 fB4=0 meshHdrs=0x128a11260
  model[19] name=6405 meshCnt=1 vertOff=0 normOff=0 fB0=0 fB1=3 fB4=0 meshHdrs=0x128a11290
  model[20] name=6405 meshCnt=1 vertOff=0 normOff=0 fB0=0 fB1=3 fB4=0 meshHdrs=0x128a112c0
  model[21] name=6405 meshCnt=1 vertOff=0 normOff=0 fB0=0 fB1=3 fB4=0 meshHdrs=0x128a112f0
  modelOrder: 0 1 2 3 4 5 6 7 8 9 10 11 12 13 14 15 16 17 18 19 20 21
[IPDREF] hdr=0x12c4c0000 registry=MISS lmBytes=0x410a12
  model[0] name=THR6 meshCnt=1 vertOff=0 normOff=0 fB0=0 fB1=0 fB4=0 meshHdrs=0x128a10ed0
  model[1] name=THR6 meshCnt=2 vertOff=0 normOff=0 fB0=0 fB1=0 fB4=0 meshHdrs=0x1289ebba0
  model[2] name=THR6 meshCnt=2 vertOff=0 normOff=0 fB0=0 fB1=0 fB4=0 meshHdrs=0x1289ebc00
  model[3] name=THR6 meshCnt=2 vertOff=0 normOff=0 fB0=0 fB1=0 fB4=0 meshHdrs=0x1289ebc60
  model[4] name=THR6 meshCnt=2 vertOff=0 normOff=0 fB0=0 fB1=0 fB4=0 meshHdrs=0x1289ebcc0
  model[5] name=THR6 meshCnt=2 vertOff=0 normOff=0 fB0=0 fB1=0 fB4=0 meshHdrs=0x1289ebd20
  model[6] name=THR6 meshCnt=2 vertOff=0 normOff=0 fB0=0 fB1=0 fB4=0 meshHdrs=0x1289ebd80
  model[7] name=THR6 meshCnt=1 vertOff=0 normOff=0 fB0=0 fB1=0 fB4=0 meshHdrs=0x128a11350
  model[8] name=6606 meshCnt=1 vertOff=0 normOff=0 fB0=0 fB1=0 fB4=0 meshHdrs=0x128a11380
  model[9] name=6606 meshCnt=1 vertOff=0 normOff=0 fB0=0 fB1=0 fB4=0 meshHdrs=0x128a113b0
  model[10] name=THR2 meshCnt=1 vertOff=0 normOff=0 fB0=0 fB1=1 fB4=0 meshHdrs=0x128a113e0
  model[11] name=THR6 meshCnt=1 vertOff=0 normOff=0 fB0=0 fB1=5 fB4=0 meshHdrs=0x128a11410
  model[12] name=THR6 meshCnt=1 vertOff=0 normOff=0 fB0=0 fB1=1 fB4=0 meshHdrs=0x128a11440
  model[13] name=THR6 meshCnt=1 vertOff=0 normOff=0 fB0=0 fB1=1 fB4=0 meshHdrs=0x128a11470
  model[14] name=THR6 meshCnt=1 vertOff=0 normOff=0 fB0=0 fB1=1 fB4=0 meshHdrs=0x128a114a0
  modelOrder: 0 1 2 3 4 5 6 7 8 9 10 11 12 13 14
[IPDREF] hdr=0x12c4d8000 registry=MISS lmBytes=0x931517
  model[0] name=THR5 meshCnt=3 vertOff=0 normOff=0 fB0=0 fB1=0 fB4=0 meshHdrs=0x128a0b2a0
  model[1] name=THR5 meshCnt=1 vertOff=0 normOff=0 fB0=0 fB1=0 fB4=0 meshHdrs=0x128a11620
  model[2] name=THR5 meshCnt=1 vertOff=0 normOff=0 fB0=0 fB1=0 fB4=0 meshHdrs=0x128a11650
  model[3] name=THR5 meshCnt=2 vertOff=0 normOff=0 fB0=0 fB1=0 fB4=0 meshHdrs=0x1289ebde0
  model[4] name=THR5 meshCnt=3 vertOff=0 normOff=0 fB0=0 fB1=0 fB4=0 meshHdrs=0x128a0b340
  model[5] name=THR5 meshCnt=2 vertOff=0 normOff=0 fB0=0 fB1=0 fB4=0 meshHdrs=0x1289ebe40
  model[6] name=THR5 meshCnt=2 vertOff=0 normOff=0 fB0=0 fB1=0 fB4=0 meshHdrs=0x1289ebea0
  model[7] name=THR5 meshCnt=3 vertOff=0 normOff=0 fB0=0 fB1=0 fB4=0 meshHdrs=0x128a0b3e0
  model[8] name=THR5 meshCnt=1 vertOff=0 normOff=0 fB0=0 fB1=0 fB4=0 meshHdrs=0x128a11680
  model[9] name=5408 meshCnt=1 vertOff=0 normOff=0 fB0=0 fB1=0 fB4=0 meshHdrs=0x128a116b0
  model[10] name=5408 meshCnt=1 vertOff=0 normOff=0 fB0=0 fB1=0 fB4=0 meshHdrs=0x128a116e0
  model[11] name=IRON meshCnt=1 vertOff=0 normOff=0 fB0=0 fB1=0 fB4=0 meshHdrs=0x128a11710
  model[12] name=THR5 meshCnt=1 vertOff=0 normOff=0 fB0=0 fB1=5 fB4=0 meshHdrs=0x128a11740
  model[13] name=THR5 meshCnt=1 vertOff=0 normOff=0 fB0=0 fB1=0 fB4=0 meshHdrs=0x128a11770
  modelOrder: 0 1 2 3 4 5 6 7 8 9 10 11 12 13
[IPDREF] hdr=0x12c4f0000 registry=MISS lmBytes=0x620e0e
  model[0] name=THR5 meshCnt=2 vertOff=0 normOff=0 fB0=0 fB1=0 fB4=0 meshHdrs=0x1289ebf00
  model[1] name=THR5 meshCnt=2 vertOff=0 normOff=0 fB0=0 fB1=0 fB4=0 meshHdrs=0x1289ebf60
  model[2] name=THR5 meshCnt=1 vertOff=0 normOff=0 fB0=0 fB1=0 fB4=0 meshHdrs=0x128a118c0
  model[3] name=THR5 meshCnt=2 vertOff=0 normOff=0 fB0=0 fB1=0 fB4=0 meshHdrs=0x128a18000
  model[4] name=THR5 meshCnt=3 vertOff=0 normOff=0 fB0=0 fB1=0 fB4=0 meshHdrs=0x128a0b7a0
  model[5] name=THR5 meshCnt=3 vertOff=0 normOff=0 fB0=0 fB1=0 fB4=0 meshHdrs=0x128a0b840
  model[6] name=THR5 meshCnt=3 vertOff=0 normOff=0 fB0=0 fB1=0 fB4=0 meshHdrs=0x128a0b8e0
  model[7] name=THR5 meshCnt=1 vertOff=0 normOff=0 fB0=0 fB1=0 fB4=0 meshHdrs=0x128a118f0
  model[8] name=THR5 meshCnt=1 vertOff=0 normOff=0 fB0=0 fB1=0 fB4=0 meshHdrs=0x128a11920
  modelOrder: 0 1 2 3 4 5 6 7 8
[IPDREF] hdr=0x12c508000 registry=MISS lmBytes=0x370809
  model[0] name=THR5 meshCnt=2 vertOff=0 normOff=0 fB0=0 fB1=0 fB4=0 meshHdrs=0x128a18060
  model[1] name=THR5 meshCnt=2 vertOff=0 normOff=0 fB0=0 fB1=0 fB4=0 meshHdrs=0x128a180c0
  model[2] name=THR5 meshCnt=2 vertOff=0 normOff=0 fB0=0 fB1=0 fB4=0 meshHdrs=0x128a18120
  model[3] name=THR5 meshCnt=2 vertOff=0 normOff=0 fB0=0 fB1=0 fB4=0 meshHdrs=0x128a18180
  model[4] name=THR5 meshCnt=1 vertOff=0 normOff=0 fB0=0 fB1=0 fB4=0 meshHdrs=0x128a11a40
  model[5] name=THR5 meshCnt=1 vertOff=0 normOff=0 fB0=0 fB1=0 fB4=0 meshHdrs=0x128a11a70
  modelOrder: 0 1 2 3 4 5
[IPDREF] hdr=0x12c520000 registry=MISS lmBytes=0x4a0b0e
  model[0] name=THR5 meshCnt=2 vertOff=0 normOff=0 fB0=0 fB1=0 fB4=0 meshHdrs=0x128a18240
  model[1] name=THR5 meshCnt=2 vertOff=0 normOff=0 fB0=0 fB1=0 fB4=0 meshHdrs=0x128a182a0
  model[2] name=THR5 meshCnt=2 vertOff=0 normOff=0 fB0=0 fB1=0 fB4=0 meshHdrs=0x128a18300
  model[3] name=THR5 meshCnt=2 vertOff=0 normOff=0 fB0=0 fB1=0 fB4=0 meshHdrs=0x128a18360
  model[4] name=THR5 meshCnt=2 vertOff=0 normOff=0 fB0=0 fB1=0 fB4=0 meshHdrs=0x128a183c0
  model[5] name=THR5 meshCnt=1 vertOff=0 normOff=0 fB0=0 fB1=0 fB4=0 meshHdrs=0x128a11bc0
  model[6] name=THR5 meshCnt=3 vertOff=0 normOff=0 fB0=0 fB1=0 fB4=0 meshHdrs=0x128a0b980
  model[7] name=SIGN meshCnt=1 vertOff=0 normOff=0 fB0=0 fB1=0 fB4=0 meshHdrs=0x128a11bf0
  modelOrder: 0 1 2 3 4 5 6 7
[IPDREF] hdr=0x12c538000 registry=MISS lmBytes=0x4a0b0d
  model[0] name=THR5 meshCnt=2 vertOff=0 normOff=0 fB0=0 fB1=0 fB4=0 meshHdrs=0x128a18420
  model[1] name=THR5 meshCnt=2 vertOff=0 normOff=0 fB0=0 fB1=0 fB4=0 meshHdrs=0x128a18480
  model[2] name=THR5 meshCnt=2 vertOff=0 normOff=0 fB0=0 fB1=0 fB4=0 meshHdrs=0x128a184e0
  model[3] name=THR5 meshCnt=3 vertOff=0 normOff=0 fB0=0 fB1=0 fB4=0 meshHdrs=0x128a0bb60
  model[4] name=THR5 meshCnt=2 vertOff=0 normOff=0 fB0=0 fB1=0 fB4=0 meshHdrs=0x128a18540
  model[5] name=THR5 meshCnt=3 vertOff=0 normOff=0 fB0=0 fB1=0 fB4=0 meshHdrs=0x128a0bc00
  model[6] name=THR5 meshCnt=3 vertOff=0 normOff=0 fB0=0 fB1=0 fB4=0 meshHdrs=0x128a0bca0
  model[7] name=5803 meshCnt=1 vertOff=0 normOff=0 fB0=0 fB1=0 fB4=0 meshHdrs=0x128a11d10
  modelOrder: 0 1 2 3 4 5 6 7
[IPDREF] hdr=0x12c550000 registry=MISS lmBytes=0x691012
  model[0] name=THR5 meshCnt=2 vertOff=0 normOff=0 fB0=0 fB1=0 fB4=0 meshHdrs=0x128a185a0
  model[1] name=THR5 meshCnt=3 vertOff=0 normOff=0 fB0=0 fB1=0 fB4=0 meshHdrs=0x128a0be80
  model[2] name=THR5 meshCnt=2 vertOff=0 normOff=0 fB0=0 fB1=0 fB4=0 meshHdrs=0x128a18600
  model[3] name=THR5 meshCnt=3 vertOff=0 normOff=0 fB0=0 fB1=0 fB4=0 meshHdrs=0x128a0bf20
  model[4] name=THR5 meshCnt=2 vertOff=0 normOff=0 fB0=0 fB1=0 fB4=0 meshHdrs=0x128a18660
  model[5] name=THR5 meshCnt=3 vertOff=0 normOff=0 fB0=0 fB1=0 fB4=0 meshHdrs=0x128a1c000
  model[6] name=THR5 meshCnt=3 vertOff=0 normOff=0 fB0=0 fB1=0 fB4=0 meshHdrs=0x128a1c0a0
  model[7] name=5906 meshCnt=1 vertOff=0 normOff=0 fB0=0 fB1=1 fB4=0 meshHdrs=0x128a11f20
  model[8] name=5906 meshCnt=1 vertOff=0 normOff=0 fB0=0 fB1=1 fB4=0 meshHdrs=0x128a11f50
  modelOrder: 0 1 2 3 4 5 6 7 8
[IPDREF] hdr=0x12c568000 registry=MISS lmBytes=0xa3181b
  model[0] name=THR6 meshCnt=2 vertOff=0 normOff=0 fB0=0 fB1=0 fB4=0 meshHdrs=0x128a186c0
  model[1] name=THR6 meshCnt=1 vertOff=0 normOff=0 fB0=0 fB1=0 fB4=0 meshHdrs=0x128a121f0
  model[2] name=THR6 meshCnt=1 vertOff=0 normOff=0 fB0=0 fB1=0 fB4=0 meshHdrs=0x128a12220
  model[3] name=THR6 meshCnt=3 vertOff=0 normOff=0 fB0=0 fB1=0 fB4=0 meshHdrs=0x128a1c1e0
  model[4] name=THR6 meshCnt=4 vertOff=0 normOff=0 fB0=0 fB1=0 fB4=0 meshHdrs=0x1125cac40
  model[5] name=THR6 meshCnt=1 vertOff=0 normOff=0 fB0=0 fB1=0 fB4=0 meshHdrs=0x128a12250
  model[6] name=THR6 meshCnt=2 vertOff=0 normOff=0 fB0=0 fB1=0 fB4=0 meshHdrs=0x128a18720
  model[7] name=THR6 meshCnt=1 vertOff=0 normOff=0 fB0=0 fB1=0 fB4=0 meshHdrs=0x128a12280
  model[8] name=SIGN meshCnt=1 vertOff=0 normOff=0 fB0=0 fB1=0 fB4=0 meshHdrs=0x128a122b0
  model[9] name=SIGN meshCnt=1 vertOff=0 normOff=0 fB0=0 fB1=0 fB4=0 meshHdrs=0x128a122e0
  model[10] name=THR6 meshCnt=1 vertOff=0 normOff=0 fB0=0 fB1=3 fB4=0 meshHdrs=0x128a12310
  model[11] name=BMER meshCnt=1 vertOff=0 normOff=0 fB0=0 fB1=0 fB4=0 meshHdrs=0x128a12340
  model[12] name=DOOR meshCnt=1 vertOff=0 normOff=0 fB0=0 fB1=0 fB4=0 meshHdrs=0x128a12370
  modelOrder: 0 1 2 3 4 5 6 7 8 9 10 11 12
[IPDREF] hdr=0x12c580000 registry=MISS lmBytes=0x680f0a
  model[0] name=THR6 meshCnt=3 vertOff=0 normOff=0 fB0=0 fB1=0 fB4=0 meshHdrs=0x128a1c640
  model[1] name=THR6 meshCnt=3 vertOff=0 normOff=0 fB0=0 fB1=0 fB4=0 meshHdrs=0x128a1c6e0
  model[2] name=THR6 meshCnt=3 vertOff=0 normOff=0 fB0=0 fB1=0 fB4=0 meshHdrs=0x128a1c780
  model[3] name=THR6 meshCnt=3 vertOff=0 normOff=0 fB0=0 fB1=0 fB4=0 meshHdrs=0x128a1c820
  model[4] name=THR6 meshCnt=3 vertOff=0 normOff=0 fB0=0 fB1=0 fB4=0 meshHdrs=0x128a1c8c0
  model[5] name=SIGN meshCnt=1 vertOff=0 normOff=0 fB0=0 fB1=0 fB4=0 meshHdrs=0x128a124c0
  modelOrder: 0 1 2 3 4 5
[IPDREF] hdr=0x12c598000 registry=MISS lmBytes=0x6b0f0d
  model[0] name=THR6 meshCnt=1 vertOff=0 normOff=0 fB0=0 fB1=0 fB4=0 meshHdrs=0x128a12640
  model[1] name=THR6 meshCnt=2 vertOff=0 normOff=0 fB0=0 fB1=0 fB4=0 meshHdrs=0x128a18780
  model[2] name=THR6 meshCnt=3 vertOff=0 normOff=0 fB0=0 fB1=0 fB4=0 meshHdrs=0x128a1caa0
  model[3] name=THR6 meshCnt=3 vertOff=0 normOff=0 fB0=0 fB1=0 fB4=0 meshHdrs=0x128a1cb40
  model[4] name=THR6 meshCnt=3 vertOff=0 normOff=0 fB0=0 fB1=0 fB4=0 meshHdrs=0x128a1cbe0
  model[5] name=THR6 meshCnt=2 vertOff=0 normOff=0 fB0=0 fB1=0 fB4=0 meshHdrs=0x128a187e0
  model[6] name=THR6 meshCnt=3 vertOff=0 normOff=0 fB0=0 fB1=0 fB4=0 meshHdrs=0x128a1cc80
  modelOrder: 0 1 2 3 4 5 6
[IPDREF] hdr=0x12c5b0000 registry=MISS lmBytes=0x410a09
  model[0] name=THR6 meshCnt=3 vertOff=0 normOff=0 fB0=0 fB1=0 fB4=0 meshHdrs=0x128a1ce60
  model[1] name=THR6 meshCnt=3 vertOff=0 normOff=0 fB0=0 fB1=0 fB4=0 meshHdrs=0x128a1cf00
  model[2] name=THR6 meshCnt=3 vertOff=0 normOff=0 fB0=0 fB1=0 fB4=0 meshHdrs=0x128a1cfa0
  model[3] name=THR6 meshCnt=3 vertOff=0 normOff=0 fB0=0 fB1=0 fB4=0 meshHdrs=0x128a1d040
  model[4] name=THR6 meshCnt=3 vertOff=0 normOff=0 fB0=0 fB1=0 fB4=0 meshHdrs=0x128a1d0e0
  model[5] name=THR6 meshCnt=1 vertOff=0 normOff=0 fB0=0 fB1=0 fB4=0 meshHdrs=0x128a12790
  modelOrder: 0 1 2 3 4 5
[IPDREF] hdr=0x12c5c8000 registry=MISS lmBytes=0x410a09
  model[0] name=THR6 meshCnt=2 vertOff=0 normOff=0 fB0=0 fB1=0 fB4=0 meshHdrs=0x128a18840
  model[1] name=THR6 meshCnt=2 vertOff=0 normOff=0 fB0=0 fB1=0 fB4=0 meshHdrs=0x128a188a0
  model[2] name=THR6 meshCnt=2 vertOff=0 normOff=0 fB0=0 fB1=0 fB4=0 meshHdrs=0x128a18900
  model[3] name=THR6 meshCnt=2 vertOff=0 normOff=0 fB0=0 fB1=0 fB4=0 meshHdrs=0x128a18960
  model[4] name=THR6 meshCnt=1 vertOff=0 normOff=0 fB0=0 fB1=0 fB4=0 meshHdrs=0x128a12940
  model[5] name=THR6 meshCnt=1 vertOff=0 normOff=0 fB0=0 fB1=0 fB4=0 meshHdrs=0x128a12970
  model[6] name=THR6 meshCnt=2 vertOff=0 normOff=0 fB0=0 fB1=0 fB4=0 meshHdrs=0x128a189c0
  modelOrder: 0 1 2 3 4 5 6
[IPDREF] hdr=0x12c5e0000 registry=MISS lmBytes=0x590d17
  model[0] name=THRB meshCnt=2 vertOff=0 normOff=0 fB0=0 fB1=0 fB4=0 meshHdrs=0x128a18a20
  model[1] name=THRB meshCnt=1 vertOff=0 normOff=0 fB0=0 fB1=0 fB4=0 meshHdrs=0x128a12af0
  model[2] name=THRB meshCnt=2 vertOff=0 normOff=0 fB0=0 fB1=0 fB4=0 meshHdrs=0x128a18a80
  model[3] name=THRB meshCnt=3 vertOff=0 normOff=0 fB0=0 fB1=0 fB4=0 meshHdrs=0x128a1d2c0
  model[4] name=THRB meshCnt=2 vertOff=0 normOff=0 fB0=0 fB1=0 fB4=0 meshHdrs=0x128a18ae0
  model[5] name=THRB meshCnt=2 vertOff=0 normOff=0 fB0=0 fB1=0 fB4=0 meshHdrs=0x128a18b40
  model[6] name=THRB meshCnt=1 vertOff=0 normOff=0 fB0=0 fB1=0 fB4=0 meshHdrs=0x128a12b20
  model[7] name=THRB meshCnt=1 vertOff=0 normOff=0 fB0=0 fB1=0 fB4=0 meshHdrs=0x128a12b50
  model[8] name=B401 meshCnt=1 vertOff=0 normOff=0 fB0=0 fB1=1 fB4=0 meshHdrs=0x128a12b80
  model[9] name=B404 meshCnt=1 vertOff=0 normOff=0 fB0=0 fB1=1 fB4=0 meshHdrs=0x128a12bb0
  model[10] name=B404 meshCnt=1 vertOff=0 normOff=0 fB0=0 fB1=1 fB4=0 meshHdrs=0x128a12be0
  model[11] name=B404 meshCnt=1 vertOff=0 normOff=0 fB0=0 fB1=1 fB4=0 meshHdrs=0x128a12c10
  model[12] name=B404 meshCnt=1 vertOff=0 normOff=0 fB0=0 fB1=1 fB4=0 meshHdrs=0x128a12c40
  model[13] name=B404 meshCnt=1 vertOff=0 normOff=0 fB0=0 fB1=1 fB4=0 meshHdrs=0x128a12c70
  model[14] name=B404 meshCnt=1 vertOff=0 normOff=0 fB0=0 fB1=1 fB4=0 meshHdrs=0x128a12ca0
  model[15] name=B405 meshCnt=1 vertOff=0 normOff=0 fB0=0 fB1=2 fB4=0 meshHdrs=0x128a12cd0
  model[16] name=THRB meshCnt=1 vertOff=0 normOff=0 fB0=0 fB1=0 fB4=0 meshHdrs=0x128a12d00
  model[17] name=B405 meshCnt=1 vertOff=0 normOff=0 fB0=0 fB1=1 fB4=0 meshHdrs=0x128a12d30
  modelOrder: 0 1 2 3 4 5 6 7 8 9 10 11 12 13 14 15 16 17
[IPDREF] hdr=0x12c5f8000 registry=MISS lmBytes=0x71100d
  model[0] name=THRB meshCnt=2 vertOff=0 normOff=0 fB0=0 fB1=0 fB4=0 meshHdrs=0x128a18ba0
  model[1] name=THRB meshCnt=2 vertOff=0 normOff=0 fB0=0 fB1=0 fB4=0 meshHdrs=0x128a18c00
  model[2] name=THRB meshCnt=3 vertOff=0 normOff=0 fB0=0 fB1=0 fB4=0 meshHdrs=0x128a1d400
  model[3] name=THRB meshCnt=3 vertOff=0 normOff=0 fB0=0 fB1=0 fB4=0 meshHdrs=0x128a1d4a0
  model[4] name=THRB meshCnt=2 vertOff=0 normOff=0 fB0=0 fB1=0 fB4=0 meshHdrs=0x128a18c60
  model[5] name=THRB meshCnt=1 vertOff=0 normOff=0 fB0=0 fB1=1 fB4=0 meshHdrs=0x128a12eb0
  model[6] name=THRB meshCnt=1 vertOff=0 normOff=0 fB0=0 fB1=1 fB4=0 meshHdrs=0x128a12ee0
  model[7] name=THRB meshCnt=1 vertOff=0 normOff=0 fB0=0 fB1=1 fB4=0 meshHdrs=0x128a12f10
  model[8] name=THRB meshCnt=1 vertOff=0 normOff=0 fB0=0 fB1=1 fB4=0 meshHdrs=0x128a12f40
  modelOrder: 0 1 2 3 4 5 6 7 8
[IPDREF] hdr=0x12c610000 registry=MISS lmBytes=0x270527
  model[0] name=THRW meshCnt=1 vertOff=0 normOff=0 fB0=0 fB1=1 fB4=0 meshHdrs=0x128a12fd0
  model[1] name=THRW meshCnt=1 vertOff=0 normOff=0 fB0=0 fB1=1 fB4=0 meshHdrs=0x128a13000
  model[2] name=THRW meshCnt=1 vertOff=0 normOff=0 fB0=0 fB1=1 fB4=0 meshHdrs=0x128a13030
  model[3] name=W6_1 meshCnt=1 vertOff=0 normOff=0 fB0=0 fB1=1 fB4=0 meshHdrs=0x128a13060
  model[4] name=W6_1 meshCnt=1 vertOff=0 normOff=0 fB0=0 fB1=1 fB4=0 meshHdrs=0x128a13090
  model[5] name=W6_2 meshCnt=1 vertOff=0 normOff=0 fB0=0 fB1=1 fB4=0 meshHdrs=0x128a130c0
  model[6] name=DC1_ meshCnt=1 vertOff=0 normOff=0 fB0=0 fB1=4 fB4=0 meshHdrs=0x128a130f0
  model[7] name=W6_3 meshCnt=1 vertOff=0 normOff=0 fB0=0 fB1=1 fB4=0 meshHdrs=0x128a13120
  model[8] name=W6_3 meshCnt=1 vertOff=0 normOff=0 fB0=0 fB1=1 fB4=0 meshHdrs=0x128a13150
  model[9] name=W6_4 meshCnt=1 vertOff=0 normOff=0 fB0=0 fB1=1 fB4=0 meshHdrs=0x128a13180
  model[10] name=W6_3 meshCnt=1 vertOff=0 normOff=0 fB0=0 fB1=1 fB4=0 meshHdrs=0x128a131b0
  model[11] name=W6_4 meshCnt=1 vertOff=0 normOff=0 fB0=0 fB1=2 fB4=0 meshHdrs=0x128a131e0
  model[12] name=W6_4 meshCnt=1 vertOff=0 normOff=0 fB0=0 fB1=1 fB4=0 meshHdrs=0x128a13210
  model[13] name=W6_2 meshCnt=1 vertOff=0 normOff=0 fB0=0 fB1=1 fB4=0 meshHdrs=0x128a13240
  model[14] name=THRW meshCnt=2 vertOff=0 normOff=0 fB0=0 fB1=0 fB4=0 meshHdrs=0x128a18cc0
  model[15] name=THRW meshCnt=1 vertOff=0 normOff=0 fB0=0 fB1=0 fB4=0 meshHdrs=0x128a13270
  model[16] name=THRW meshCnt=2 vertOff=0 normOff=0 fB0=0 fB1=0 fB4=0 meshHdrs=0x128a18d20
  model[17] name=THEW meshCnt=2 vertOff=0 normOff=0 fB0=0 fB1=0 fB4=0 meshHdrs=0x128a18d80
  model[18] name=W6_1 meshCnt=1 vertOff=0 normOff=0 fB0=0 fB1=5 fB4=0 meshHdrs=0x128a132a0
  model[19] name=W6_2 meshCnt=1 vertOff=0 normOff=0 fB0=0 fB1=5 fB4=0 meshHdrs=0x128a132d0
  model[20] name=F2_B meshCnt=1 vertOff=0 normOff=0 fB0=0 fB1=5 fB4=0 meshHdrs=0x128a13300
  model[21] name=F1_B meshCnt=1 vertOff=0 normOff=0 fB0=0 fB1=4 fB4=0 meshHdrs=0x128a13330
  model[22] name=W6_4 meshCnt=1 vertOff=0 normOff=0 fB0=0 fB1=2 fB4=0 meshHdrs=0x128a13360
  model[23] name=CPS4 meshCnt=1 vertOff=0 normOff=0 fB0=0 fB1=1 fB4=0 meshHdrs=0x128a13390
  model[24] name=CPS3 meshCnt=1 vertOff=0 normOff=0 fB0=0 fB1=1 fB4=0 meshHdrs=0x128a133c0
  model[25] name=CPS1 meshCnt=1 vertOff=0 normOff=0 fB0=0 fB1=1 fB4=0 meshHdrs=0x128a133f0
  model[26] name=CPS1 meshCnt=1 vertOff=0 normOff=0 fB0=0 fB1=1 fB4=0 meshHdrs=0x128a13420
  model[27] name=CPS1 meshCnt=1 vertOff=0 normOff=0 fB0=0 fB1=1 fB4=0 meshHdrs=0x128a13450
  model[28] name=B2_F meshCnt=1 vertOff=0 normOff=0 fB0=0 fB1=2 fB4=0 meshHdrs=0x128a13480
  model[29] name=B3_F meshCnt=1 vertOff=0 normOff=0 fB0=0 fB1=2 fB4=0 meshHdrs=0x128a134b0
  model[30] name=B1_F meshCnt=1 vertOff=0 normOff=0 fB0=0 fB1=2 fB4=0 meshHdrs=0x128a134e0
  model[31] name=W1_B meshCnt=1 vertOff=0 normOff=0 fB0=0 fB1=5 fB4=0 meshHdrs=0x128a13510
  model[32] name=FC5_ meshCnt=1 vertOff=0 normOff=0 fB0=0 fB1=3 fB4=0 meshHdrs=0x128a13540
  model[33] name=FC2_ meshCnt=1 vertOff=0 normOff=0 fB0=0 fB1=5 fB4=0 meshHdrs=0x128a13570
  model[34] name=FC_B meshCnt=1 vertOff=0 normOff=0 fB0=0 fB1=5 fB4=0 meshHdrs=0x128a135a0
  model[35] name=F6_B meshCnt=1 vertOff=0 normOff=0 fB0=0 fB1=5 fB4=0 meshHdrs=0x128a135d0
  model[36] name=W6_2 meshCnt=1 vertOff=0 normOff=0 fB0=0 fB1=1 fB4=0 meshHdrs=0x128a13600
  model[37] name=W6_2 meshCnt=1 vertOff=0 normOff=0 fB0=0 fB1=2 fB4=0 meshHdrs=0x128a13630
  model[38] name=W6_3 meshCnt=1 vertOff=0 normOff=0 fB0=0 fB1=2 fB4=0 meshHdrs=0x128a13660
  modelOrder: 0 1 2 3 4 5 6 7 8 9 10 11 12 13 14 15 16 17 18 19 20 21 22 23 24 25 26 27 28 29 30 31 32 33 34 35 36 37 38
[IPDREF] hdr=0x12c628000 registry=MISS lmBytes=0x240412
  model[0] name=THRW meshCnt=1 vertOff=0 normOff=0 fB0=0 fB1=0 fB4=0 meshHdrs=0x128a136f0
  model[1] name=THRW meshCnt=1 vertOff=0 normOff=0 fB0=0 fB1=0 fB4=0 meshHdrs=0x128a13720
  model[2] name=THRW meshCnt=2 vertOff=0 normOff=0 fB0=0 fB1=0 fB4=0 meshHdrs=0x128a18de0
  model[3] name=THRW meshCnt=2 vertOff=0 normOff=0 fB0=0 fB1=0 fB4=0 meshHdrs=0x128a18e40
  model[4] name=THRW meshCnt=1 vertOff=0 normOff=0 fB0=0 fB1=0 fB4=0 meshHdrs=0x128a13750
  model[5] name=THRW meshCnt=1 vertOff=0 normOff=0 fB0=0 fB1=0 fB4=0 meshHdrs=0x128a13780
  model[6] name=THRW meshCnt=1 vertOff=0 normOff=0 fB0=0 fB1=1 fB4=0 meshHdrs=0x128a137b0
  model[7] name=THRW meshCnt=1 vertOff=0 normOff=0 fB0=0 fB1=0 fB4=0 meshHdrs=0x128a137e0
  model[8] name=THRW meshCnt=1 vertOff=0 normOff=0 fB0=0 fB1=0 fB4=0 meshHdrs=0x128a13810
  model[9] name=CAN1 meshCnt=1 vertOff=0 normOff=0 fB0=0 fB1=2 fB4=0 meshHdrs=0x128a13840
  model[10] name=CAN2 meshCnt=1 vertOff=0 normOff=0 fB0=0 fB1=1 fB4=0 meshHdrs=0x128a13870
  model[11] name=CAN1 meshCnt=1 vertOff=0 normOff=0 fB0=0 fB1=1 fB4=0 meshHdrs=0x128a138a0
  model[12] name=CAN2 meshCnt=1 vertOff=0 normOff=0 fB0=0 fB1=2 fB4=0 meshHdrs=0x128a138d0
  model[13] name=2308 meshCnt=1 vertOff=0 normOff=0 fB0=0 fB1=4 fB4=0 meshHdrs=0x128a13900
  model[14] name=2308 meshCnt=1 vertOff=0 normOff=0 fB0=0 fB1=4 fB4=0 meshHdrs=0x128a13930
  model[15] name=2306 meshCnt=1 vertOff=0 normOff=0 fB0=0 fB1=2 fB4=0 meshHdrs=0x128a13960
  model[16] name=2306 meshCnt=1 vertOff=0 normOff=0 fB0=0 fB1=1 fB4=0 meshHdrs=0x128a13990
  model[17] name=CAN3 meshCnt=1 vertOff=0 normOff=0 fB0=0 fB1=3 fB4=0 meshHdrs=0x128a139c0
  model[18] name=PIP1 meshCnt=1 vertOff=0 normOff=0 fB0=0 fB1=3 fB4=0 meshHdrs=0x128a139f0
  model[19] name=KABE meshCnt=1 vertOff=0 normOff=0 fB0=0 fB1=3 fB4=0 meshHdrs=0x128a13a20
  modelOrder: 0 1 2 3 4 5 6 7 8 9 10 11 12 13 14 15 16 17 18 19
[IPDREF] hdr=0x12c640000 registry=MISS lmBytes=0x2a0514
  model[0] name=THRW meshCnt=3 vertOff=0 normOff=0 fB0=0 fB1=0 fB4=0 meshHdrs=0x128a1d680
  model[1] name=THRW meshCnt=4 vertOff=0 normOff=0 fB0=0 fB1=0 fB4=0 meshHdrs=0x1125cad00
  model[2] name=THRW meshCnt=2 vertOff=0 normOff=0 fB0=0 fB1=0 fB4=0 meshHdrs=0x128a18ea0
  model[3] name=THRW meshCnt=3 vertOff=0 normOff=0 fB0=0 fB1=0 fB4=0 meshHdrs=0x128a1d720
  model[4] name=THRW meshCnt=1 vertOff=0 normOff=0 fB0=0 fB1=0 fB4=0 meshHdrs=0x128a13ab0
  model[5] name=THRW meshCnt=1 vertOff=0 normOff=0 fB0=0 fB1=0 fB4=0 meshHdrs=0x128a13ae0
  model[6] name=THRW meshCnt=1 vertOff=0 normOff=0 fB0=0 fB1=1 fB4=0 meshHdrs=0x128a13b10
  model[7] name=THRW meshCnt=1 vertOff=0 normOff=0 fB0=0 fB1=0 fB4=0 meshHdrs=0x128a13b40
  model[8] name=THRW meshCnt=1 vertOff=0 normOff=0 fB0=0 fB1=0 fB4=0 meshHdrs=0x128a13b70
  model[9] name=CAN2 meshCnt=1 vertOff=0 normOff=0 fB0=0 fB1=0 fB4=0 meshHdrs=0x128a13ba0
  model[10] name=CAN3 meshCnt=1 vertOff=0 normOff=0 fB0=0 fB1=0 fB4=0 meshHdrs=0x128a13bd0
  model[11] name=CAN1 meshCnt=1 vertOff=0 normOff=0 fB0=0 fB1=0 fB4=0 meshHdrs=0x128a13c00
  model[12] name=CAN1 meshCnt=1 vertOff=0 normOff=0 fB0=0 fB1=0 fB4=0 meshHdrs=0x128a13c30
  model[13] name=CAN2 meshCnt=1 vertOff=0 normOff=0 fB0=0 fB1=0 fB4=0 meshHdrs=0x128a13c60
  model[14] name=CAN3 meshCnt=1 vertOff=0 normOff=0 fB0=0 fB1=0 fB4=0 meshHdrs=0x128a13c90
  model[15] name=P1_F meshCnt=1 vertOff=0 normOff=0 fB0=0 fB1=2 fB4=0 meshHdrs=0x128a13cc0
  model[16] name=F1_B meshCnt=1 vertOff=0 normOff=0 fB0=0 fB1=3 fB4=0 meshHdrs=0x128a13cf0
  model[17] name=W2_B meshCnt=1 vertOff=0 normOff=0 fB0=0 fB1=3 fB4=0 meshHdrs=0x128a13d20
  model[18] name=W1_B meshCnt=1 vertOff=0 normOff=0 fB0=0 fB1=3 fB4=0 meshHdrs=0x128a13d50
  model[19] name=DOR_ meshCnt=1 vertOff=0 normOff=0 fB0=0 fB1=2 fB4=0 meshHdrs=0x128a13d80
  model[20] name=W5_1 meshCnt=1 vertOff=0 normOff=0 fB0=0 fB1=0 fB4=0 meshHdrs=0x128a13db0
  modelOrder: 0 1 2 3 4 5 6 7 8 9 10 11 12 13 14 15 16 17 18 19 20
[IPDREF] hdr=0x12c658000 registry=MISS lmBytes=0x370811
  model[0] name=THRB meshCnt=10 vertOff=0 normOff=0 fB0=0 fB1=0 fB4=0 meshHdrs=0x11263d600
  model[1] name=B503 meshCnt=1 vertOff=0 normOff=0 fB0=0 fB1=1 fB4=0 meshHdrs=0x128a13ed0
  model[2] name=B503 meshCnt=1 vertOff=0 normOff=0 fB0=0 fB1=1 fB4=0 meshHdrs=0x128a13f00
  model[3] name=B503 meshCnt=1 vertOff=0 normOff=0 fB0=0 fB1=1 fB4=0 meshHdrs=0x128a13f30
  model[4] name=B503 meshCnt=1 vertOff=0 normOff=0 fB0=0 fB1=1 fB4=0 meshHdrs=0x128a13f60
  model[5] name=THRB meshCnt=1 vertOff=0 normOff=0 fB0=0 fB1=0 fB4=0 meshHdrs=0x128a13f90
  model[6] name=THRB meshCnt=2 vertOff=0 normOff=0 fB0=0 fB1=0 fB4=0 meshHdrs=0x128a18f60
  model[7] name=THRB meshCnt=1 vertOff=0 normOff=0 fB0=0 fB1=0 fB4=0 meshHdrs=0x128a13fc0
  model[8] name=THRB meshCnt=2 vertOff=0 normOff=0 fB0=0 fB1=0 fB4=0 meshHdrs=0x128a18fc0
  model[9] name=B502 meshCnt=1 vertOff=0 normOff=0 fB0=0 fB1=1 fB4=0 meshHdrs=0x128a20000
  model[10] name=B503 meshCnt=1 vertOff=0 normOff=0 fB0=0 fB1=0 fB4=0 meshHdrs=0x128a20030
  model[11] name=B503 meshCnt=1 vertOff=0 normOff=0 fB0=0 fB1=0 fB4=0 meshHdrs=0x128a20060
  model[12] name=B501 meshCnt=1 vertOff=0 normOff=0 fB0=0 fB1=0 fB4=0 meshHdrs=0x128a20090
  model[13] name=BODY meshCnt=1 vertOff=0 normOff=0 fB0=0 fB1=0 fB4=0 meshHdrs=0x128a200c0
  modelOrder: 0 1 2 3 4 5 6 7 8 9 10 11 12 13
[IPDREF] hdr=0x12c670000 registry=MISS lmBytes=0x40090d
  model[0] name=THRB meshCnt=2 vertOff=0 normOff=0 fB0=0 fB1=0 fB4=0 meshHdrs=0x128a19020
  model[1] name=THRB meshCnt=3 vertOff=0 normOff=0 fB0=0 fB1=0 fB4=0 meshHdrs=0x128a1d7c0
  model[2] name=THRB meshCnt=2 vertOff=0 normOff=0 fB0=0 fB1=0 fB4=0 meshHdrs=0x128a19080
  model[3] name=THRB meshCnt=2 vertOff=0 normOff=0 fB0=0 fB1=0 fB4=0 meshHdrs=0x128a190e0
  model[4] name=THRB meshCnt=1 vertOff=0 normOff=0 fB0=0 fB1=0 fB4=0 meshHdrs=0x128a202a0
  model[5] name=THRB meshCnt=2 vertOff=0 normOff=0 fB0=0 fB1=0 fB4=0 meshHdrs=0x128a19140
  model[6] name=THRB meshCnt=2 vertOff=0 normOff=0 fB0=0 fB1=0 fB4=0 meshHdrs=0x128a191a0
  model[7] name=THRB meshCnt=1 vertOff=0 normOff=0 fB0=0 fB1=0 fB4=0 meshHdrs=0x128a202d0
  model[8] name=B606 meshCnt=1 vertOff=0 normOff=0 fB0=0 fB1=1 fB4=0 meshHdrs=0x128a20300
  model[9] name=SIGN meshCnt=1 vertOff=0 normOff=0 fB0=0 fB1=0 fB4=0 meshHdrs=0x128a20330
  modelOrder: 0 1 2 3 4 5 6 7 8 9
[IPDREF] hdr=0x12c688000 registry=MISS lmBytes=0x150314
  model[0] name=THR0 meshCnt=11 vertOff=0 normOff=0 fB0=0 fB1=0 fB4=0 meshHdrs=0x128a0e300
  model[1] name=NABE meshCnt=1 vertOff=0 normOff=0 fB0=0 fB1=0 fB4=0 meshHdrs=0x128a203c0
  model[2] name=TUBO meshCnt=1 vertOff=0 normOff=0 fB0=0 fB1=1 fB4=0 meshHdrs=0x128a203f0
  model[3] name=POT  meshCnt=1 vertOff=0 normOff=0 fB0=0 fB1=0 fB4=0 meshHdrs=0x128a20420
  model[4] name=CYL7 meshCnt=1 vertOff=0 normOff=0 fB0=0 fB1=0 fB4=0 meshHdrs=0x128a20450
  model[5] name=PLAT meshCnt=1 vertOff=0 normOff=0 fB0=0 fB1=1 fB4=0 meshHdrs=0x128a20480
  model[6] name=NABE meshCnt=1 vertOff=0 normOff=0 fB0=0 fB1=0 fB4=0 meshHdrs=0x128a204b0
  model[7] name=CHAI meshCnt=1 vertOff=0 normOff=0 fB0=0 fB1=0 fB4=0 meshHdrs=0x128a204e0
  model[8] name=CUP  meshCnt=1 vertOff=0 normOff=0 fB0=0 fB1=0 fB4=0 meshHdrs=0x128a20510
  model[9] name=GAKU meshCnt=1 vertOff=0 normOff=0 fB0=0 fB1=1 fB4=0 meshHdrs=0x128a20540
  model[10] name=GAKU meshCnt=1 vertOff=0 normOff=0 fB0=0 fB1=1 fB4=0 meshHdrs=0x128a20570
  model[11] name=GAKU meshCnt=1 vertOff=0 normOff=0 fB0=0 fB1=1 fB4=0 meshHdrs=0x128a205a0
  model[12] name=GAKU meshCnt=1 vertOff=0 normOff=0 fB0=0 fB1=1 fB4=0 meshHdrs=0x128a205d0
  model[13] name=JYGC meshCnt=1 vertOff=0 normOff=0 fB0=0 fB1=0 fB4=0 meshHdrs=0x128a20600
  model[14] name=DOOR meshCnt=1 vertOff=0 normOff=0 fB0=0 fB1=2 fB4=0 meshHdrs=0x128a20630
  model[15] name=JO0A meshCnt=1 vertOff=0 normOff=0 fB0=0 fB1=0 fB4=0 meshHdrs=0x128a20660
  model[16] name=CHTG meshCnt=1 vertOff=0 normOff=0 fB0=0 fB1=0 fB4=0 meshHdrs=0x128a20690
  model[17] name=CHTG meshCnt=1 vertOff=0 normOff=0 fB0=0 fB1=0 fB4=0 meshHdrs=0x128a206c0
  model[18] name=JO0B meshCnt=1 vertOff=0 normOff=0 fB0=0 fB1=0 fB4=0 meshHdrs=0x128a206f0
  model[19] name=CHTG meshCnt=1 vertOff=0 normOff=0 fB0=0 fB1=0 fB4=0 meshHdrs=0x128a20720
  model[20] name=JO0C meshCnt=1 vertOff=0 normOff=0 fB0=0 fB1=0 fB4=0 meshHdrs=0x128a20750
  model[21] name=MAP0 meshCnt=1 vertOff=0 normOff=0 fB0=0 fB1=1 fB4=0 meshHdrs=0x128a20780
  model[22] name=PLAT meshCnt=1 vertOff=0 normOff=0 fB0=0 fB1=1 fB4=0 meshHdrs=0x128a207b0
  modelOrder: 0 1 2 3 4 5 6 7 8 9 10 11 12 13 14 15 16 17 18 19 20 21 22
[IPDREF] hdr=0x12c6a0000 registry=MISS lmBytes=0x60105
  model[0] name=THR0 meshCnt=5 vertOff=0 normOff=0 fB0=0 fB1=0 fB4=0 meshHdrs=0x1289e7900
  model[1] name=GAKU meshCnt=1 vertOff=0 normOff=0 fB0=0 fB1=1 fB4=0 meshHdrs=0x128a20840
  model[2] name=GAKU meshCnt=1 vertOff=0 normOff=0 fB0=0 fB1=1 fB4=0 meshHdrs=0x128a20870
  model[3] name=GSS0 meshCnt=3 vertOff=0 normOff=0 fB0=0 fB1=0 fB4=0 meshHdrs=0x128a1d860
  model[4] name=ROUK meshCnt=1 vertOff=0 normOff=0 fB0=0 fB1=4 fB4=0 meshHdrs=0x128a208a0
  modelOrder: 0 1 2 3 4
[IPDREF] hdr=0x12c6b8000 registry=MISS lmBytes=0x6f0e26
  model[0] name=THR7 meshCnt=1 vertOff=0 normOff=0 fB0=0 fB1=0 fB4=0 meshHdrs=0x128a209f0
  model[1] name=THR7 meshCnt=2 vertOff=0 normOff=0 fB0=0 fB1=0 fB4=0 meshHdrs=0x128a19200
  model[2] name=THR7 meshCnt=1 vertOff=0 normOff=0 fB0=0 fB1=0 fB4=0 meshHdrs=0x128a20a20
  model[3] name=THR7 meshCnt=1 vertOff=0 normOff=0 fB0=0 fB1=0 fB4=0 meshHdrs=0x128a20a50
  model[4] name=7203 meshCnt=1 vertOff=0 normOff=0 fB0=0 fB1=1 fB4=0 meshHdrs=0x128a20a80
  model[5] name=7222 meshCnt=1 vertOff=0 normOff=0 fB0=0 fB1=1 fB4=0 meshHdrs=0x128a20ab0
  model[6] name=7207 meshCnt=1 vertOff=0 normOff=0 fB0=0 fB1=4 fB4=0 meshHdrs=0x128a20ae0
  model[7] name=7201 meshCnt=1 vertOff=0 normOff=0 fB0=0 fB1=0 fB4=0 meshHdrs=0x128a20b10
  model[8] name=7201 meshCnt=1 vertOff=0 normOff=0 fB0=0 fB1=0 fB4=0 meshHdrs=0x128a20b40
  model[9] name=7201 meshCnt=1 vertOff=0 normOff=0 fB0=0 fB1=5 fB4=0 meshHdrs=0x128a20b70
  model[10] name=7207 meshCnt=1 vertOff=0 normOff=0 fB0=0 fB1=4 fB4=0 meshHdrs=0x128a20ba0
  model[11] name=7207 meshCnt=1 vertOff=0 normOff=0 fB0=0 fB1=4 fB4=0 meshHdrs=0x128a20bd0
  model[12] name=7207 meshCnt=1 vertOff=0 normOff=0 fB0=0 fB1=4 fB4=0 meshHdrs=0x128a20c00
  model[13] name=7207 meshCnt=1 vertOff=0 normOff=0 fB0=0 fB1=4 fB4=0 meshHdrs=0x128a20c30
  model[14] name=7206 meshCnt=1 vertOff=0 normOff=0 fB0=0 fB1=4 fB4=0 meshHdrs=0x128a20c60
  model[15] name=7206 meshCnt=1 vertOff=0 normOff=0 fB0=0 fB1=5 fB4=0 meshHdrs=0x128a20c90
  model[16] name=7202 meshCnt=1 vertOff=0 normOff=0 fB0=0 fB1=5 fB4=0 meshHdrs=0x128a20cc0
  model[17] name=7203 meshCnt=1 vertOff=0 normOff=0 fB0=0 fB1=5 fB4=0 meshHdrs=0x128a20cf0
  model[18] name=7207 meshCnt=1 vertOff=0 normOff=0 fB0=0 fB1=5 fB4=0 meshHdrs=0x128a20d20
  model[19] name=7203 meshCnt=1 vertOff=0 normOff=0 fB0=0 fB1=4 fB4=0 meshHdrs=0x128a20d50
  model[20] name=7203 meshCnt=1 vertOff=0 normOff=0 fB0=0 fB1=4 fB4=0 meshHdrs=0x128a20d80
  model[21] name=7207 meshCnt=1 vertOff=0 normOff=0 fB0=0 fB1=5 fB4=0 meshHdrs=0x128a20db0
  model[22] name=7207 meshCnt=1 vertOff=0 normOff=0 fB0=0 fB1=4 fB4=0 meshHdrs=0x128a20de0
  model[23] name=7207 meshCnt=1 vertOff=0 normOff=0 fB0=0 fB1=4 fB4=0 meshHdrs=0x128a20e10
  model[24] name=7222 meshCnt=1 vertOff=0 normOff=0 fB0=0 fB1=1 fB4=0 meshHdrs=0x128a20e40
  model[25] name=7207 meshCnt=1 vertOff=0 normOff=0 fB0=0 fB1=1 fB4=0 meshHdrs=0x128a20e70
  model[26] name=7244 meshCnt=1 vertOff=0 normOff=0 fB0=0 fB1=5 fB4=0 meshHdrs=0x128a20ea0
  model[27] name=7207 meshCnt=1 vertOff=0 normOff=0 fB0=0 fB1=3 fB4=0 meshHdrs=0x128a20ed0
  model[28] name=7207 meshCnt=1 vertOff=0 normOff=0 fB0=0 fB1=3 fB4=0 meshHdrs=0x128a20f00
  model[29] name=7203 meshCnt=1 vertOff=0 normOff=0 fB0=0 fB1=4 fB4=0 meshHdrs=0x128a20f30
  model[30] name=7207 meshCnt=1 vertOff=0 normOff=0 fB0=0 fB1=4 fB4=0 meshHdrs=0x128a20f60
  model[31] name=7202 meshCnt=1 vertOff=0 normOff=0 fB0=0 fB1=3 fB4=0 meshHdrs=0x128a20f90
  model[32] name=7203 meshCnt=1 vertOff=0 normOff=0 fB0=0 fB1=1 fB4=0 meshHdrs=0x128a20fc0
  model[33] name=7203 meshCnt=1 vertOff=0 normOff=0 fB0=0 fB1=1 fB4=0 meshHdrs=0x128a20ff0
  model[34] name=7204 meshCnt=1 vertOff=0 normOff=0 fB0=0 fB1=5 fB4=0 meshHdrs=0x128a21020
  model[35] name=7222 meshCnt=1 vertOff=0 normOff=0 fB0=0 fB1=5 fB4=0 meshHdrs=0x128a21050
  model[36] name=7203 meshCnt=1 vertOff=0 normOff=0 fB0=0 fB1=1 fB4=0 meshHdrs=0x128a21080
  modelOrder: 0 1 2 3 4 5 6 7 8 9 10 11 12 13 14 15 16 17 18 19 20 21 22 23 24 25 26 27 28 29 30 31 32 33 34 35 36
[IPDREF] hdr=0x12c6d0000 registry=MISS lmBytes=0x240515
  model[0] name=THRW meshCnt=1 vertOff=0 normOff=0 fB0=0 fB1=0 fB4=0 meshHdrs=0x128a210e0
  model[1] name=THRW meshCnt=2 vertOff=0 normOff=0 fB0=0 fB1=0 fB4=0 meshHdrs=0x128a19260
  model[2] name=THRW meshCnt=1 vertOff=0 normOff=0 fB0=0 fB1=1 fB4=0 meshHdrs=0x128a21110
  model[3] name=THRW meshCnt=1 vertOff=0 normOff=0 fB0=0 fB1=1 fB4=0 meshHdrs=0x128a21140
  model[4] name=THRW meshCnt=1 vertOff=0 normOff=0 fB0=0 fB1=0 fB4=0 meshHdrs=0x128a21170
  model[5] name=W5_2 meshCnt=1 vertOff=0 normOff=0 fB0=0 fB1=1 fB4=0 meshHdrs=0x128a211a0
  model[6] name=THRW meshCnt=1 vertOff=0 normOff=0 fB0=0 fB1=1 fB4=0 meshHdrs=0x128a211d0
  model[7] name=W5_4 meshCnt=1 vertOff=0 normOff=0 fB0=0 fB1=1 fB4=0 meshHdrs=0x128a21200
  model[8] name=THRW meshCnt=4 vertOff=0 normOff=0 fB0=0 fB1=0 fB4=0 meshHdrs=0x1125cae80
  model[9] name=THRW meshCnt=2 vertOff=0 normOff=0 fB0=0 fB1=0 fB4=0 meshHdrs=0x128a192c0
  model[10] name=W5_4 meshCnt=1 vertOff=0 normOff=0 fB0=0 fB1=1 fB4=0 meshHdrs=0x128a21230
  model[11] name=COVE meshCnt=1 vertOff=0 normOff=0 fB0=0 fB1=1 fB4=0 meshHdrs=0x128a21260
  model[12] name=W5_4 meshCnt=1 vertOff=0 normOff=0 fB0=0 fB1=4 fB4=0 meshHdrs=0x128a21290
  model[13] name=W5_3 meshCnt=1 vertOff=0 normOff=0 fB0=0 fB1=2 fB4=0 meshHdrs=0x128a212c0
  model[14] name=WC   meshCnt=3 vertOff=0 normOff=0 fB0=0 fB1=0 fB4=0 meshHdrs=0x128a1da40
  model[15] name=WHEE meshCnt=1 vertOff=0 normOff=0 fB0=0 fB1=0 fB4=0 meshHdrs=0x128a212f0
  model[16] name=WHEE meshCnt=1 vertOff=0 normOff=0 fB0=0 fB1=0 fB4=0 meshHdrs=0x128a21320
  model[17] name=YUK1 meshCnt=1 vertOff=0 normOff=0 fB0=0 fB1=3 fB4=0 meshHdrs=0x128a21350
  model[18] name=YUK2 meshCnt=1 vertOff=0 normOff=0 fB0=0 fB1=4 fB4=0 meshHdrs=0x128a21380
  model[19] name=W5_1 meshCnt=1 vertOff=0 normOff=0 fB0=0 fB1=3 fB4=0 meshHdrs=0x128a213b0
  model[20] name=W525 meshCnt=1 vertOff=0 normOff=0 fB0=0 fB1=3 fB4=0 meshHdrs=0x128a213e0
  model[21] name=W5_4 meshCnt=1 vertOff=0 normOff=0 fB0=0 fB1=1 fB4=0 meshHdrs=0x128a21410
  model[22] name=W556 meshCnt=1 vertOff=0 normOff=0 fB0=0 fB1=5 fB4=0 meshHdrs=0x128a21440
  modelOrder: 0 1 2 3 4 5 6 7 8 9 10 11 12 13 14 15 16 17 18 19 20 21 22
[IPDREF] hdr=0x12c6e8000 registry=MISS lmBytes=0x3f080d
  model[0] name=THRW meshCnt=2 vertOff=0 normOff=0 fB0=0 fB1=0 fB4=0 meshHdrs=0x128a19320
  model[1] name=THRW meshCnt=2 vertOff=0 normOff=0 fB0=0 fB1=0 fB4=0 meshHdrs=0x128a19380
  model[2] name=THRW meshCnt=2 vertOff=0 normOff=0 fB0=0 fB1=0 fB4=0 meshHdrs=0x128a193e0
  model[3] name=THRW meshCnt=2 vertOff=0 normOff=0 fB0=0 fB1=0 fB4=0 meshHdrs=0x128a19440
  model[4] name=THRW meshCnt=1 vertOff=0 normOff=0 fB0=0 fB1=1 fB4=0 meshHdrs=0x128a21530
  model[5] name=THRW meshCnt=1 vertOff=0 normOff=0 fB0=0 fB1=1 fB4=0 meshHdrs=0x128a21560
  model[6] name=THRW meshCnt=3 vertOff=0 normOff=0 fB0=0 fB1=0 fB4=0 meshHdrs=0x128a1dc20
  model[7] name=THRW meshCnt=2 vertOff=0 normOff=0 fB0=0 fB1=0 fB4=0 meshHdrs=0x128a194a0
  model[8] name=THRW meshCnt=2 vertOff=0 normOff=0 fB0=0 fB1=0 fB4=0 meshHdrs=0x128a19500
  modelOrder: 0 1 2 3 4 5 6 7 8
[IPDREF] hdr=0x12c700000 registry=MISS lmBytes=0x100305
  model[0] name=CF20 meshCnt=2 vertOff=0 normOff=0 fB0=0 fB1=5 fB4=0 meshHdrs=0x128a19560
  model[1] name=CF20 meshCnt=2 vertOff=0 normOff=0 fB0=0 fB1=5 fB4=0 meshHdrs=0x128a195c0
  model[2] name=CF20 meshCnt=1 vertOff=0 normOff=0 fB0=0 fB1=5 fB4=0 meshHdrs=0x128a215f0
  model[3] name=CF20 meshCnt=1 vertOff=0 normOff=0 fB0=0 fB1=5 fB4=0 meshHdrs=0x128a21620
  model[4] name=OUT1 meshCnt=1 vertOff=0 normOff=0 fB0=0 fB1=0 fB4=0 meshHdrs=0x128a21650
  model[5] name=OUT_ meshCnt=1 vertOff=0 normOff=0 fB0=0 fB1=0 fB4=0 meshHdrs=0x128a21680
  model[6] name=MAP_ meshCnt=1 vertOff=0 normOff=0 fB0=0 fB1=0 fB4=0 meshHdrs=0x128a216b0
  model[7] name=FLAS meshCnt=1 vertOff=0 normOff=0 fB0=0 fB1=0 fB4=0 meshHdrs=0x128a216e0
  model[8] name=KNIF meshCnt=1 vertOff=0 normOff=0 fB0=0 fB1=0 fB4=0 meshHdrs=0x128a21710
  model[9] name=RADI meshCnt=1 vertOff=0 normOff=0 fB0=0 fB1=0 fB4=0 meshHdrs=0x128a21740
  modelOrder: 0 1 2 3 4 5 6 7 8 9
[IPDREF] hdr=0x12c718000 registry=MISS lmBytes=0x5a071f
  model[0] name=THRC meshCnt=3 vertOff=0 normOff=0 fB0=0 fB1=0 fB4=0 meshHdrs=0x128a1dd60
  model[1] name=SFA1 meshCnt=1 vertOff=0 normOff=0 fB0=0 fB1=0 fB4=0 meshHdrs=0x128a21890
  model[2] name=CHR1 meshCnt=1 vertOff=0 normOff=0 fB0=0 fB1=0 fB4=0 meshHdrs=0x128a218c0
  model[3] name=TBL1 meshCnt=1 vertOff=0 normOff=0 fB0=0 fB1=0 fB4=0 meshHdrs=0x128a218f0
  model[4] name=STL1 meshCnt=1 vertOff=0 normOff=0 fB0=0 fB1=0 fB4=0 meshHdrs=0x128a21920
  model[5] name=LGT1 meshCnt=1 vertOff=0 normOff=0 fB0=0 fB1=0 fB4=0 meshHdrs=0x128a21950
  model[6] name=CFF1 meshCnt=1 vertOff=0 normOff=0 fB0=0 fB1=0 fB4=0 meshHdrs=0x128a21980
  model[7] name=POS3 meshCnt=1 vertOff=0 normOff=0 fB0=0 fB1=0 fB4=0 meshHdrs=0x128a219b0
  model[8] name=POS2 meshCnt=1 vertOff=0 normOff=0 fB0=0 fB1=0 fB4=0 meshHdrs=0x128a219e0
  model[9] name=POS1 meshCnt=1 vertOff=0 normOff=0 fB0=0 fB1=0 fB4=0 meshHdrs=0x128a21a10
  model[10] name=BOX1 meshCnt=1 vertOff=0 normOff=0 fB0=0 fB1=0 fB4=0 meshHdrs=0x128a21a40
  model[11] name=POS4 meshCnt=1 vertOff=0 normOff=0 fB0=0 fB1=0 fB4=0 meshHdrs=0x128a21a70
  model[12] name=POS5 meshCnt=1 vertOff=0 normOff=0 fB0=0 fB1=0 fB4=0 meshHdrs=0x128a21aa0
  model[13] name=POS6 meshCnt=1 vertOff=0 normOff=0 fB0=0 fB1=0 fB4=0 meshHdrs=0x128a21ad0
  model[14] name=DSH1 meshCnt=1 vertOff=0 normOff=0 fB0=0 fB1=0 fB4=0 meshHdrs=0x128a21b00
  model[15] name=KCP_ meshCnt=1 vertOff=0 normOff=0 fB0=0 fB1=0 fB4=0 meshHdrs=0x128a21b30
  model[16] name=MTD_ meshCnt=1 vertOff=0 normOff=0 fB0=0 fB1=0 fB4=0 meshHdrs=0x128a21b60
  model[17] name=POS7 meshCnt=1 vertOff=0 normOff=0 fB0=0 fB1=0 fB4=0 meshHdrs=0x128a21b90
  model[18] name=IN1_ meshCnt=2 vertOff=0 normOff=0 fB0=0 fB1=0 fB4=0 meshHdrs=0x128a19620
  model[19] name=IN_B meshCnt=1 vertOff=0 normOff=0 fB0=0 fB1=0 fB4=0 meshHdrs=0x128a21bc0
  model[20] name=BRK_ meshCnt=1 vertOff=0 normOff=0 fB0=0 fB1=0 fB4=0 meshHdrs=0x128a21bf0
  model[21] name=BRK_ meshCnt=1 vertOff=0 normOff=0 fB0=0 fB1=1 fB4=0 meshHdrs=0x128a21c20
  model[22] name=BRK_ meshCnt=1 vertOff=0 normOff=0 fB0=0 fB1=1 fB4=0 meshHdrs=0x128a21c50
  model[23] name=IN5_ meshCnt=1 vertOff=0 normOff=0 fB0=0 fB1=1 fB4=0 meshHdrs=0x128a21c80
  model[24] name=IN6_ meshCnt=1 vertOff=0 normOff=0 fB0=0 fB1=2 fB4=0 meshHdrs=0x128a21cb0
  model[25] name=IN7_ meshCnt=1 vertOff=0 normOff=0 fB0=0 fB1=1 fB4=0 meshHdrs=0x128a21ce0
  model[26] name=TBL5 meshCnt=1 vertOff=0 normOff=0 fB0=0 fB1=1 fB4=0 meshHdrs=0x128a21d10
  model[27] name=BAR2 meshCnt=1 vertOff=0 normOff=0 fB0=0 fB1=3 fB4=0 meshHdrs=0x128a21d40
  model[28] name=MAT_ meshCnt=1 vertOff=0 normOff=0 fB0=0 fB1=1 fB4=0 meshHdrs=0x128a21d70
  model[29] name=PAD_ meshCnt=1 vertOff=0 normOff=0 fB0=0 fB1=1 fB4=0 meshHdrs=0x128a21da0
  model[30] name=CF2_ meshCnt=1 vertOff=0 normOff=0 fB0=0 fB1=5 fB4=0 meshHdrs=0x128a21dd0
  model[31] name=CFW1 meshCnt=1 vertOff=0 normOff=0 fB0=0 fB1=4 fB4=0 meshHdrs=0x128a21e00
  model[32] name=CFW2 meshCnt=1 vertOff=0 normOff=0 fB0=0 fB1=4 fB4=0 meshHdrs=0x128a21e30
  model[33] name=STOO meshCnt=1 vertOff=0 normOff=0 fB0=0 fB1=3 fB4=0 meshHdrs=0x128a21e60
  model[34] name=STOO meshCnt=1 vertOff=0 normOff=0 fB0=0 fB1=0 fB4=0 meshHdrs=0x128a21e90
  model[35] name=CF4_ meshCnt=1 vertOff=0 normOff=0 fB0=0 fB1=3 fB4=0 meshHdrs=0x128a21ec0
  modelOrder: 0 1 2 3 4 5 6 7 8 9 10 11 12 13 14 15 16 17 18 19 20 21 22 23 24 25 26 27 28 29 30 31 32 33 34 35
[IPDREF] hdr=0x12c730000 registry=MISS lmBytes=0x1b030c
  model[0] name=THRW meshCnt=1 vertOff=0 normOff=0 fB0=0 fB1=5 fB4=0 meshHdrs=0x128a21f20
  model[1] name=THRW meshCnt=4 vertOff=0 normOff=0 fB0=0 fB1=0 fB4=0 meshHdrs=0x1125cb000
  model[2] name=THRW meshCnt=1 vertOff=0 normOff=0 fB0=0 fB1=1 fB4=0 meshHdrs=0x128a21f50
  model[3] name=THRW meshCnt=1 vertOff=0 normOff=0 fB0=0 fB1=1 fB4=0 meshHdrs=0x128a21f80
  model[4] name=THRW meshCnt=1 vertOff=0 normOff=0 fB0=0 fB1=3 fB4=0 meshHdrs=0x128a21fb0
  model[5] name=W4_2 meshCnt=1 vertOff=0 normOff=0 fB0=0 fB1=1 fB4=0 meshHdrs=0x128a21fe0
  model[6] name=THRW meshCnt=1 vertOff=0 normOff=0 fB0=0 fB1=1 fB4=0 meshHdrs=0x128a22010
  model[7] name=THRW meshCnt=1 vertOff=0 normOff=0 fB0=0 fB1=0 fB4=0 meshHdrs=0x128a22040
  model[8] name=THRW meshCnt=1 vertOff=0 normOff=0 fB0=0 fB1=0 fB4=0 meshHdrs=0x128a22070
  model[9] name=SKB1 meshCnt=1 vertOff=0 normOff=0 fB0=0 fB1=1 fB4=0 meshHdrs=0x128a220a0
  model[10] name=SKB2 meshCnt=1 vertOff=0 normOff=0 fB0=0 fB1=1 fB4=0 meshHdrs=0x128a220d0
  model[11] name=FI1_ meshCnt=1 vertOff=0 normOff=0 fB0=0 fB1=5 fB4=0 meshHdrs=0x128a22100
  model[12] name=WF_B meshCnt=1 vertOff=0 normOff=0 fB0=0 fB1=4 fB4=0 meshHdrs=0x128a22130
  model[13] name=IRON meshCnt=1 vertOff=0 normOff=0 fB0=0 fB1=1 fB4=0 meshHdrs=0x128a22160
  modelOrder: 0 1 2 3 4 5 6 7 8 9 10 11 12 13
[IPDREF] hdr=0x12c748000 registry=MISS lmBytes=0xc0212
  model[0] name=THR0 meshCnt=11 vertOff=0 normOff=0 fB0=0 fB1=0 fB4=0 meshHdrs=0x128a0ea80
  model[1] name=JYGC meshCnt=1 vertOff=0 normOff=0 fB0=0 fB1=0 fB4=0 meshHdrs=0x128a221c0
  model[2] name=TUBO meshCnt=1 vertOff=0 normOff=0 fB0=0 fB1=1 fB4=0 meshHdrs=0x128a221f0
  model[3] name=NABE meshCnt=1 vertOff=0 normOff=0 fB0=0 fB1=0 fB4=0 meshHdrs=0x128a22220
  model[4] name=CHAI meshCnt=1 vertOff=0 normOff=0 fB0=0 fB1=0 fB4=0 meshHdrs=0x128a22250
  model[5] name=PLAT meshCnt=1 vertOff=0 normOff=0 fB0=0 fB1=1 fB4=0 meshHdrs=0x128a22280
  model[6] name=POT  meshCnt=1 vertOff=0 normOff=0 fB0=0 fB1=0 fB4=0 meshHdrs=0x128a222b0
  model[7] name=CUP  meshCnt=1 vertOff=0 normOff=0 fB0=0 fB1=0 fB4=0 meshHdrs=0x128a222e0
  model[8] name=GAKU meshCnt=1 vertOff=0 normOff=0 fB0=0 fB1=1 fB4=0 meshHdrs=0x128a22310
  model[9] name=GAKU meshCnt=1 vertOff=0 normOff=0 fB0=0 fB1=1 fB4=0 meshHdrs=0x128a22340
  model[10] name=GAKU meshCnt=1 vertOff=0 normOff=0 fB0=0 fB1=1 fB4=0 meshHdrs=0x128a22370
  model[11] name=NABE meshCnt=1 vertOff=0 normOff=0 fB0=0 fB1=0 fB4=0 meshHdrs=0x128a223a0
  model[12] name=DMPL meshCnt=1 vertOff=0 normOff=0 fB0=0 fB1=1 fB4=0 meshHdrs=0x128a223d0
  model[13] name=DMPL meshCnt=1 vertOff=0 normOff=0 fB0=0 fB1=1 fB4=0 meshHdrs=0x128a22400
  model[14] name=JAM0 meshCnt=1 vertOff=0 normOff=0 fB0=0 fB1=1 fB4=0 meshHdrs=0x128a22430
  model[15] name=JAM0 meshCnt=1 vertOff=0 normOff=0 fB0=0 fB1=1 fB4=0 meshHdrs=0x128a22460
  model[16] name=CYL7 meshCnt=1 vertOff=0 normOff=0 fB0=0 fB1=0 fB4=0 meshHdrs=0x128a22490
  model[17] name=PLT  meshCnt=1 vertOff=0 normOff=0 fB0=0 fB1=0 fB4=0 meshHdrs=0x128a224c0
  modelOrder: 0 1 2 3 4 5 6 7 8 9 10 11 12 13 14 15 16 17
[IPDREF] hdr=0x12c760000 registry=MISS lmBytes=0xc0205
  model[0] name=THR8 meshCnt=5 vertOff=0 normOff=0 fB0=0 fB1=0 fB4=0 meshHdrs=0x1289e7d00
  model[1] name=GAKU meshCnt=1 vertOff=0 normOff=0 fB0=0 fB1=1 fB4=0 meshHdrs=0x128a22520
  model[2] name=GAKU meshCnt=1 vertOff=0 normOff=0 fB0=0 fB1=1 fB4=0 meshHdrs=0x128a22550
  model[3] name=KABE meshCnt=1 vertOff=0 normOff=0 fB0=0 fB1=4 fB4=0 meshHdrs=0x128a22580
  model[4] name=ROUK meshCnt=1 vertOff=0 normOff=0 fB0=0 fB1=4 fB4=0 meshHdrs=0x128a225b0
  modelOrder: 0 1 2 3 4
[IPDREF] hdr=0x12c778000 registry=MISS lmBytes=0xc0209
  model[0] name=THRW meshCnt=1 vertOff=0 normOff=0 fB0=0 fB1=1 fB4=0 meshHdrs=0x128a22640
  model[1] name=THRW meshCnt=1 vertOff=0 normOff=0 fB0=0 fB1=1 fB4=0 meshHdrs=0x128a22670
  model[2] name=THRW meshCnt=1 vertOff=0 normOff=0 fB0=0 fB1=1 fB4=0 meshHdrs=0x128a226a0
  model[3] name=W7_1 meshCnt=1 vertOff=0 normOff=0 fB0=0 fB1=1 fB4=0 meshHdrs=0x128a226d0
  model[4] name=THRW meshCnt=2 vertOff=0 normOff=0 fB0=0 fB1=0 fB4=0 meshHdrs=0x128a196e0
  model[5] name=W7_1 meshCnt=1 vertOff=0 normOff=0 fB0=0 fB1=2 fB4=0 meshHdrs=0x128a22700
  model[6] name=W7_1 meshCnt=1 vertOff=0 normOff=0 fB0=0 fB1=2 fB4=0 meshHdrs=0x128a22730
  model[7] name=W7_1 meshCnt=1 vertOff=0 normOff=0 fB0=0 fB1=2 fB4=0 meshHdrs=0x128a22760
  model[8] name=W7_1 meshCnt=1 vertOff=0 normOff=0 fB0=0 fB1=1 fB4=0 meshHdrs=0x128a22790
  model[9] name=THRW meshCnt=1 vertOff=0 normOff=0 fB0=0 fB1=1 fB4=0 meshHdrs=0x128a227c0
  modelOrder: 0 1 2 3 4 5 6 7 8 9
[IPDREF] hdr=0x12c790000 registry=MISS lmBytes=0x60115
  model[0] name=CT21 meshCnt=1 vertOff=0 normOff=0 fB0=0 fB1=1 fB4=0 meshHdrs=0x128a22850
  model[1] name=CT21 meshCnt=1 vertOff=0 normOff=0 fB0=0 fB1=1 fB4=0 meshHdrs=0x128a22880
  model[2] name=CT21 meshCnt=1 vertOff=0 normOff=0 fB0=0 fB1=1 fB4=0 meshHdrs=0x128a228b0
  model[3] name=CT21 meshCnt=1 vertOff=0 normOff=0 fB0=0 fB1=1 fB4=0 meshHdrs=0x128a228e0
  model[4] name=CT21 meshCnt=1 vertOff=0 normOff=0 fB0=0 fB1=1 fB4=0 meshHdrs=0x128a22910
  model[5] name=CT21 meshCnt=1 vertOff=0 normOff=0 fB0=0 fB1=1 fB4=0 meshHdrs=0x128a22940
  model[6] name=CT21 meshCnt=1 vertOff=0 normOff=0 fB0=0 fB1=0 fB4=0 meshHdrs=0x128a22970
  model[7] name=THRC meshCnt=4 vertOff=0 normOff=0 fB0=0 fB1=0 fB4=0 meshHdrs=0x1125cb0c0
  model[8] name=CT23 meshCnt=4 vertOff=0 normOff=0 fB0=0 fB1=1 fB4=0 meshHdrs=0x1125cb180
  model[9] name=CT22 meshCnt=1 vertOff=0 normOff=0 fB0=0 fB1=3 fB4=0 meshHdrs=0x128a229a0
  model[10] name=CT22 meshCnt=1 vertOff=0 normOff=0 fB0=0 fB1=3 fB4=0 meshHdrs=0x128a229d0
  model[11] name=CT22 meshCnt=1 vertOff=0 normOff=0 fB0=0 fB1=3 fB4=0 meshHdrs=0x128a22a00
  model[12] name=CT22 meshCnt=1 vertOff=0 normOff=0 fB0=0 fB1=3 fB4=0 meshHdrs=0x128a22a30
  model[13] name=CT22 meshCnt=1 vertOff=0 normOff=0 fB0=0 fB1=3 fB4=0 meshHdrs=0x128a22a60
  model[14] name=CT22 meshCnt=1 vertOff=0 normOff=0 fB0=0 fB1=3 fB4=0 meshHdrs=0x128a22a90
  model[15] name=CT22 meshCnt=1 vertOff=0 normOff=0 fB0=0 fB1=5 fB4=0 meshHdrs=0x128a22ac0
  model[16] name=TRAS meshCnt=1 vertOff=0 normOff=0 fB0=0 fB1=3 fB4=0 meshHdrs=0x128a22af0
  model[17] name=TRAS meshCnt=1 vertOff=0 normOff=0 fB0=0 fB1=1 fB4=0 meshHdrs=0x128a22b20
  model[18] name=MAP_ meshCnt=1 vertOff=0 normOff=0 fB0=0 fB1=1 fB4=0 meshHdrs=0x128a22b50
  model[19] name=CT23 meshCnt=1 vertOff=0 normOff=0 fB0=0 fB1=0 fB4=0 meshHdrs=0x128a22b80
  model[20] name=CT22 meshCnt=1 vertOff=0 normOff=0 fB0=0 fB1=1 fB4=0 meshHdrs=0x128a22bb0
  model[21] name=CT22 meshCnt=1 vertOff=0 normOff=0 fB0=0 fB1=1 fB4=0 meshHdrs=0x128a22be0
  modelOrder: 0 1 2 3 4 5 6 7 8 9 10 11 12 13 14 15 16 17 18 19 20 21
[IPDREF] hdr=0x12c7a8000 registry=MISS lmBytes=0xa0202
  model[0] name=AXIS meshCnt=12 vertOff=0 normOff=0 fB0=0 fB1=0 fB4=0 meshHdrs=0x128a0ed00
  model[1] name=THRC meshCnt=1 vertOff=0 normOff=0 fB0=0 fB1=0 fB4=0 meshHdrs=0x128a22ca0
  model[2] name=THRC meshCnt=1 vertOff=0 normOff=0 fB0=0 fB1=0 fB4=0 meshHdrs=0x128a22cd0
  model[3] name=AXIS meshCnt=7 vertOff=0 normOff=0 fB0=0 fB1=4 fB4=0 meshHdrs=0x1125dba80
  modelOrder: 0 1 2 3
[IPDREF] hdr=0x12c7c0000 registry=MISS lmBytes=0x60112
  model[0] name=THRC meshCnt=5 vertOff=0 normOff=0 fB0=0 fB1=0 fB4=0 meshHdrs=0x1289e7e00
  model[1] name=CT33 meshCnt=3 vertOff=0 normOff=0 fB0=0 fB1=1 fB4=0 meshHdrs=0x128a1de00
  model[2] name=CT31 meshCnt=1 vertOff=0 normOff=0 fB0=0 fB1=1 fB4=0 meshHdrs=0x128a22d60
  model[3] name=CT31 meshCnt=1 vertOff=0 normOff=0 fB0=0 fB1=1 fB4=0 meshHdrs=0x128a22d90
  model[4] name=CT31 meshCnt=1 vertOff=0 normOff=0 fB0=0 fB1=1 fB4=0 meshHdrs=0x128a22dc0
  model[5] name=CT31 meshCnt=1 vertOff=0 normOff=0 fB0=0 fB1=1 fB4=0 meshHdrs=0x128a22df0
  model[6] name=CT31 meshCnt=1 vertOff=0 normOff=0 fB0=0 fB1=1 fB4=0 meshHdrs=0x128a22e20
  model[7] name=CT31 meshCnt=1 vertOff=0 normOff=0 fB0=0 fB1=0 fB4=0 meshHdrs=0x128a22e50
  model[8] name=CT31 meshCnt=1 vertOff=0 normOff=0 fB0=0 fB1=1 fB4=0 meshHdrs=0x128a22e80
  model[9] name=CT31 meshCnt=1 vertOff=0 normOff=0 fB0=0 fB1=1 fB4=0 meshHdrs=0x128a22eb0
  model[10] name=CT31 meshCnt=1 vertOff=0 normOff=0 fB0=0 fB1=1 fB4=0 meshHdrs=0x128a22ee0
  model[11] name=CT32 meshCnt=1 vertOff=0 normOff=0 fB0=0 fB1=0 fB4=0 meshHdrs=0x128a22f10
  model[12] name=CT32 meshCnt=1 vertOff=0 normOff=0 fB0=0 fB1=0 fB4=0 meshHdrs=0x128a22f40
  model[13] name=CT32 meshCnt=1 vertOff=0 normOff=0 fB0=0 fB1=0 fB4=0 meshHdrs=0x128a22f70
  model[14] name=CT32 meshCnt=1 vertOff=0 normOff=0 fB0=0 fB1=4 fB4=0 meshHdrs=0x128a22fa0
  model[15] name=CT32 meshCnt=1 vertOff=0 normOff=0 fB0=0 fB1=5 fB4=0 meshHdrs=0x128a22fd0
  model[16] name=CT32 meshCnt=1 vertOff=0 normOff=0 fB0=0 fB1=5 fB4=0 meshHdrs=0x128a23000
  model[17] name=CT31 meshCnt=1 vertOff=0 normOff=0 fB0=0 fB1=1 fB4=0 meshHdrs=0x128a23030
  model[18] name=DRIL meshCnt=1 vertOff=0 normOff=0 fB0=0 fB1=1 fB4=0 meshHdrs=0x128a23060
  modelOrder: 0 1 2 3 4 5 6 7 8 9 10 11 12 13 14 15 16 17 18
[IPDREF-DR] 'DRILL_NE' prims=0x12c7c8b2c verts=0x12c7c90e0 cnt=73 clut0=0x01C0 clut1=0x01C0 clut3=0x01C0
[IPDREF] hdr=0x12c7d8000 registry=MISS lmBytes=0x5d0c18
  model[0] name=THR1 meshCnt=2 vertOff=0 normOff=0 fB0=0 fB1=0 fB4=0 meshHdrs=0x128a197a0
  model[1] name=THR1 meshCnt=2 vertOff=0 normOff=0 fB0=0 fB1=0 fB4=0 meshHdrs=0x128a19800
  model[2] name=THR1 meshCnt=1 vertOff=0 normOff=0 fB0=0 fB1=0 fB4=0 meshHdrs=0x128a23150
  model[3] name=THR1 meshCnt=1 vertOff=0 normOff=0 fB0=0 fB1=0 fB4=0 meshHdrs=0x128a23180
  model[4] name=THR1 meshCnt=2 vertOff=0 normOff=0 fB0=0 fB1=0 fB4=0 meshHdrs=0x128a19860
  model[5] name=THR1 meshCnt=1 vertOff=0 normOff=0 fB0=0 fB1=0 fB4=0 meshHdrs=0x128a231b0
  model[6] name=THR1 meshCnt=2 vertOff=0 normOff=0 fB0=0 fB1=0 fB4=0 meshHdrs=0x128a198c0
  model[7] name=THR1 meshCnt=2 vertOff=0 normOff=0 fB0=0 fB1=0 fB4=0 meshHdrs=0x128a19920
  model[8] name=B_PO meshCnt=1 vertOff=0 normOff=0 fB0=0 fB1=2 fB4=0 meshHdrs=0x128a231e0
  model[9] name=B_BO meshCnt=1 vertOff=0 normOff=0 fB0=0 fB1=0 fB4=0 meshHdrs=0x128a23210
  model[10] name=B_RI meshCnt=1 vertOff=0 normOff=0 fB0=0 fB1=1 fB4=0 meshHdrs=0x128a23240
  model[11] name=B_NE meshCnt=1 vertOff=0 normOff=0 fB0=0 fB1=1 fB4=0 meshHdrs=0x128a23270
  model[12] name=1404 meshCnt=1 vertOff=0 normOff=0 fB0=0 fB1=1 fB4=0 meshHdrs=0x128a232a0
  model[13] name=1404 meshCnt=1 vertOff=0 normOff=0 fB0=0 fB1=1 fB4=0 meshHdrs=0x128a232d0
  model[14] name=B_BO meshCnt=1 vertOff=0 normOff=0 fB0=0 fB1=1 fB4=0 meshHdrs=0x128a23300
  model[15] name=1404 meshCnt=1 vertOff=0 normOff=0 fB0=0 fB1=2 fB4=0 meshHdrs=0x128a23330
  model[16] name=DOG_ meshCnt=1 vertOff=0 normOff=0 fB0=0 fB1=1 fB4=0 meshHdrs=0x128a23360
  model[17] name=BLD  meshCnt=1 vertOff=0 normOff=0 fB0=0 fB1=0 fB4=0 meshHdrs=0x128a23390
  model[18] name=KEY_ meshCnt=1 vertOff=0 normOff=0 fB0=0 fB1=1 fB4=0 meshHdrs=0x128a233c0
  model[19] name=THR1 meshCnt=1 vertOff=0 normOff=0 fB0=0 fB1=0 fB4=0 meshHdrs=0x128a233f0
  modelOrder: 0 1 2 3 4 5 6 7 8 9 10 11 12 13 14 15 16 17 18 19
[IPDREF] hdr=0x12c800000 registry=MISS lmBytes=0x630c15
  model[0] name=THR8 meshCnt=1 vertOff=0 normOff=0 fB0=0 fB1=0 fB4=0 meshHdrs=0x128a235a0
  model[1] name=THR8 meshCnt=1 vertOff=0 normOff=0 fB0=0 fB1=0 fB4=0 meshHdrs=0x128a235d0
  model[2] name=THR8 meshCnt=4 vertOff=0 normOff=0 fB0=0 fB1=0 fB4=0 meshHdrs=0x1125cb240
  model[3] name=THR8 meshCnt=2 vertOff=0 normOff=0 fB0=0 fB1=0 fB4=0 meshHdrs=0x128a19980
  model[4] name=THR8 meshCnt=1 vertOff=0 normOff=0 fB0=0 fB1=0 fB4=0 meshHdrs=0x128a23600
  model[5] name=THR8 meshCnt=2 vertOff=0 normOff=0 fB0=0 fB1=0 fB4=0 meshHdrs=0x128a199e0
  model[6] name=THR8 meshCnt=2 vertOff=0 normOff=0 fB0=0 fB1=0 fB4=0 meshHdrs=0x128a19a40
  model[7] name=THR8 meshCnt=1 vertOff=0 normOff=0 fB0=0 fB1=0 fB4=0 meshHdrs=0x128a23630
  model[8] name=THR8 meshCnt=1 vertOff=0 normOff=0 fB0=0 fB1=0 fB4=0 meshHdrs=0x128a23660
  model[9] name=TABL meshCnt=1 vertOff=0 normOff=0 fB0=0 fB1=0 fB4=0 meshHdrs=0x128a23690
  model[10] name=TABL meshCnt=1 vertOff=0 normOff=0 fB0=0 fB1=0 fB4=0 meshHdrs=0x128a236c0
  model[11] name=THR8 meshCnt=2 vertOff=0 normOff=0 fB0=0 fB1=0 fB4=0 meshHdrs=0x128a19aa0
  model[12] name=THR8 meshCnt=2 vertOff=0 normOff=0 fB0=0 fB1=0 fB4=0 meshHdrs=0x128a19b00
  model[13] name=THR8 meshCnt=2 vertOff=0 normOff=0 fB0=0 fB1=0 fB4=0 meshHdrs=0x128a19b60
  model[14] name=THR8 meshCnt=1 vertOff=0 normOff=0 fB0=0 fB1=0 fB4=0 meshHdrs=0x128a236f0
  model[15] name=ISU  meshCnt=1 vertOff=0 normOff=0 fB0=0 fB1=0 fB4=0 meshHdrs=0x128a23720
  model[16] name=PLAN meshCnt=1 vertOff=0 normOff=0 fB0=0 fB1=0 fB4=0 meshHdrs=0x128a23750
  model[17] name=KABE meshCnt=1 vertOff=0 normOff=0 fB0=0 fB1=0 fB4=0 meshHdrs=0x128a23780
  model[18] name=KABE meshCnt=1 vertOff=0 normOff=0 fB0=0 fB1=3 fB4=0 meshHdrs=0x128a237b0
  modelOrder: 0 1 2 3 4 5 6 7 8 9 10 11 12 13 14 15 16 17 18
[IPDREF] hdr=0x12c818000 registry=MISS lmBytes=0x5d0b16
  model[0] name=THR0 meshCnt=1 vertOff=0 normOff=0 fB0=0 fB1=0 fB4=0 meshHdrs=0x128a23900
  model[1] name=THR0 meshCnt=1 vertOff=0 normOff=0 fB0=0 fB1=0 fB4=0 meshHdrs=0x128a23930
  model[2] name=THR0 meshCnt=1 vertOff=0 normOff=0 fB0=0 fB1=4 fB4=0 meshHdrs=0x128a23960
  model[3] name=THR0 meshCnt=1 vertOff=0 normOff=0 fB0=0 fB1=4 fB4=0 meshHdrs=0x128a23990
  model[4] name=THR0 meshCnt=1 vertOff=0 normOff=0 fB0=0 fB1=0 fB4=0 meshHdrs=0x128a239c0
  model[5] name=THR0 meshCnt=2 vertOff=0 normOff=0 fB0=0 fB1=0 fB4=0 meshHdrs=0x128a19bc0
  model[6] name=THR0 meshCnt=2 vertOff=0 normOff=0 fB0=0 fB1=0 fB4=0 meshHdrs=0x128a19c20
  model[7] name=THR0 meshCnt=1 vertOff=0 normOff=0 fB0=0 fB1=0 fB4=0 meshHdrs=0x128a239f0
  model[8] name=THR0 meshCnt=3 vertOff=0 normOff=0 fB0=0 fB1=0 fB4=0 meshHdrs=0x128a1e1c0
  model[9] name=THR0 meshCnt=2 vertOff=0 normOff=0 fB0=0 fB1=0 fB4=0 meshHdrs=0x128a19c80
  model[10] name=THR0 meshCnt=2 vertOff=0 normOff=0 fB0=0 fB1=0 fB4=0 meshHdrs=0x128a19ce0
  model[11] name=THR0 meshCnt=1 vertOff=0 normOff=0 fB0=0 fB1=0 fB4=0 meshHdrs=0x128a23a20
  model[12] name=THR0 meshCnt=1 vertOff=0 normOff=0 fB0=0 fB1=0 fB4=0 meshHdrs=0x128a23a50
  model[13] name=TABL meshCnt=1 vertOff=0 normOff=0 fB0=0 fB1=0 fB4=0 meshHdrs=0x128a23a80
  model[14] name=ISU  meshCnt=1 vertOff=0 normOff=0 fB0=0 fB1=0 fB4=0 meshHdrs=0x128a23ab0
  model[15] name=PLAN meshCnt=1 vertOff=0 normOff=0 fB0=0 fB1=0 fB4=0 meshHdrs=0x128a23ae0
  model[16] name=TABL meshCnt=1 vertOff=0 normOff=0 fB0=0 fB1=3 fB4=0 meshHdrs=0x128a23b10
  model[17] name=SIBA meshCnt=1 vertOff=0 normOff=0 fB0=0 fB1=4 fB4=0 meshHdrs=0x128a23b40
  model[18] name=IE   meshCnt=3 vertOff=0 normOff=0 fB0=0 fB1=0 fB4=0 meshHdrs=0x128a1e260
  model[19] name=HEI  meshCnt=1 vertOff=0 normOff=0 fB0=0 fB1=0 fB4=0 meshHdrs=0x128a23b70
  model[20] name=SIBA meshCnt=1 vertOff=0 normOff=0 fB0=0 fB1=4 fB4=0 meshHdrs=0x128a23ba0
  modelOrder: 0 1 2 3 4 5 6 7 8 9 10 11 12 13 14 15 16 17 18 19 20
[RESTAMP] mat 'THR5901F': 8000 = new base 8000 + (prim 0000 - old base 0000) -> slot 0 row 0 unbacked-at-stamp (base slot 0 native clut=(-1,-1))
[RESTAMP] mat 'THR5901F': 8080 = new base 8000 + (prim 0080 - old base 0000) -> slot 0 row 2 unbacked-at-stamp (base slot 0 native clut=(-1,-1))
[RESTAMP] mat 'THR6001F': 8001 = new base 8001 + (prim 0000 - old base 0000) -> slot 1 row 0 unbacked-at-stamp (base slot 1 native clut=(-1,-1))
[RESTAMP] mat 'THR6001F': 8001 = new base 8001 + (prim 0000 - old base 0000) -> slot 1 row 0 unbacked-at-stamp (base slot 1 native clut=(-1,-1))
[RESTAMP] mat 'THR6002H': 8C40 = new base 8C00 + (prim 0040 - old base 0000) -> slot 192 row 1 unbacked-at-stamp (base slot 192 native clut=(-1,-1))
[RESTAMP] mat 'THR6002H': 8C40 = new base 8C00 + (prim 0040 - old base 0000) -> slot 192 row 1 unbacked-at-stamp (base slot 192 native clut=(-1,-1))
[RESTAMP] mat 'THRB401F': 8002 = new base 8002 + (prim 0000 - old base 0000) -> slot 2 row 0 unbacked-at-stamp (base slot 2 native clut=(-1,-1))
[RESTAMP] mat 'THRB401F': 8002 = new base 8002 + (prim 0000 - old base 0000) -> slot 2 row 0 unbacked-at-stamp (base slot 2 native clut=(-1,-1))
[RESTAMP] mat 'THRB701F': 8003 = new base 8003 + (prim 0000 - old base 0000) -> slot 3 row 0 unbacked-at-stamp (base slot 3 native clut=(-1,-1))
[RESTAMP] mat 'THRB701F': 8003 = new base 8003 + (prim 0000 - old base 0000) -> slot 3 row 0 unbacked-at-stamp (base slot 3 native clut=(-1,-1))
[TRANSITION] GameStartup step=7 post-init: playerPos=(-25395,819,657408) mapTag='THR'
[BOOT0/TIM] PostLoadTim file=1193 'THR5901F.TIM' ss=0x4d8e img.u=0 img.v=0 tPage=0,8 clutX=0 clutY=512
[BOOT0/TIM] post ReadTIM: prect=0x1023647f8 caddr=0x102364614 paddr=0x102364800 mode=8
[BOOT0/TIM] pre pixel LoadImage rect=(512,0 64x256)
[BOOT0/TIM] pre CLUT LoadImage rect=(0,512 16x15)
[BOOT0/TIM] PostLoadTim done
[POOLTEX] slot 0 <- 256x256 x15 rows (native 256x256) tex=373
[BOOT0/TIM] PostLoadTim file=1194 'THR6001F.TIM' ss=0x4d9f img.u=0 img.v=0 tPage=0,8 clutX=16 clutY=512
[BOOT0/TIM] post ReadTIM: prect=0x102364798 caddr=0x102364614 paddr=0x1023647a0 mode=8
[BOOT0/TIM] pre pixel LoadImage rect=(512,0 64x256)
[BOOT0/TIM] pre CLUT LoadImage rect=(16,512 16x12)
[BOOT0/TIM] PostLoadTim done
[POOLTEX] slot 1 <- 256x256 x12 rows (native 256x256) tex=388
[BOOT0/TIM] PostLoadTim file=1195 'THR6002H.TIM' ss=0x4db0 img.u=0 img.v=0 tPage=0,26 clutX=0 clutY=560
[BOOT0/TIM] post ReadTIM: prect=0x102364738 caddr=0x102364614 paddr=0x102364740 mode=8
[BOOT0/TIM] pre pixel LoadImage rect=(640,256 32x256)
[BOOT0/TIM] pre CLUT LoadImage rect=(0,560 16x9)
[BOOT0/TIM] PostLoadTim done
[POOLTEX] slot 192 <- 128x256 x9 rows (native 128x256) tex=400
[BOOT0/TIM] PostLoadTim file=1261 'THRB401F.TIM' ss=0x517a img.u=0 img.v=0 tPage=0,8 clutX=32 clutY=512
[BOOT0/TIM] post ReadTIM: prect=0x102364738 caddr=0x102364614 paddr=0x102364740 mode=8
[BOOT0/TIM] pre pixel LoadImage rect=(512,0 64x256)
[BOOT0/TIM] pre CLUT LoadImage rect=(32,512 16x9)
[BOOT0/TIM] PostLoadTim done
[POOLTEX] slot 2 <- 256x256 x9 rows (native 256x256) tex=409
[BOOT0/TIM] PostLoadTim file=1265 'THRB701F.TIM' ss=0x51b6 img.u=0 img.v=0 tPage=0,8 clutX=48 clutY=512
[BOOT0/TIM] post ReadTIM: prect=0x102364778 caddr=0x102364614 paddr=0x102364780 mode=8
[BOOT0/TIM] pre pixel LoadImage rect=(512,0 64x256)
[BOOT0/TIM] pre CLUT LoadImage rect=(48,512 16x11)
[BOOT0/TIM] PostLoadTim done
[POOLTEX] slot 3 <- 256x256 x11 rows (native 256x256) tex=418
[TEXVRAM] 'THR0001F' tPage=[0,8] clutXY=(0,0) uv=(0,0)
[TEXVRAM] 'THR0003F' tPage=[0,9] clutXY=(16,0) uv=(0,0)
[TEXVRAM] 'THR0002F' tPage=[0,10] clutXY=(32,0) uv=(0,0)
[TEXVRAM] 'THR0004F' tPage=[0,21] clutXY=(48,0) uv=(0,0)
[TEXVRAM] 'THR5901F' tPage=[0,8] clutXY=(0,512) uv=(0,0)
[TEXVRAM] 'THR6001F' tPage=[0,8] clutXY=(16,512) uv=(0,0)
[TEXVRAM] 'THR6002H' tPage=[0,26] clutXY=(0,560) uv=(0,0)
[TEXVRAM] 'THRB401F' tPage=[0,8] clutXY=(32,512) uv=(0,0)
[TEXVRAM] 'THRB701F' tPage=[0,8] clutXY=(48,512) uv=(0,0)
[SH_AUDIO] TaskPoolExecute task=8
[SH_AUDIO] TaskPoolExecute task=0
[SH_AUDIO] TaskPoolExecute task=8
[SH_AUDIO] TaskPoolExecute task=206
[SH_AUDIO] SdVabTransBodyPartly: vabid=3 complete, total=110448
[SH_AUDIO] TaskPoolExecute task=33
[SH_AUDIO] SdSeqOpen: addr=0x10236d600 magic=0x3154444b vab_id=3
[SH_AUDIO] SdSeqOpen: opened slot 0, vab_id=3
[SH_AUDIO] TaskPoolExecute task=0
[SH_AMB] Sd_AmbientSfxSet idx=2 -> loadCmd=170
[SH_AUDIO] TaskPoolExecute task=170
[SH_AMB] Sd_VabLoad ambient cmd=170 type=2 dedup=0
[SH_AUDIO] SdVabTransBodyPartly: vabid=2 complete, total=134288
[SH_AUDIO] TaskPoolExecute task=0
[Psy-X] [PGXP] cov 60f: det=7602(18) miss=35200(82) clip=0 spikeclamp=0 oversize=0
[CUTDIAG] state=10 sys=1 cut=1 border=0 fixed=0 tpc=0 ofy=0 | horplus=0 vscale=0.872 cutvscale=1.000 wsmode=1
[RAIN] ramp=0 target=0 playing=0 vol=0 atten=254
[SFX] Sd_SfxStop: sfxId=1360 (Sfx_Base+80)
[BOOT0/TIM] PostLoadTim file=1505 'TIM00.TIM' ss=0x5dcb img.u=0 img.v=0 tPage=0,15 clutX=176 clutY=0
[BOOT0/TIM] post ReadTIM: prect=0x10235a818 caddr=0x10235a614 paddr=0x10235a820 mode=8
[BOOT0/TIM] pre pixel LoadImage rect=(960,0 64x256)
[BOOT0/TIM] pre CLUT LoadImage rect=(176,0 16x16)
[BOOT0/TIM] PostLoadTim done
[ENVDIAG] fog=1 near=3456 far=3712 col=(108,100,116) lgt=4505 bri=0 f0=0 f2=0 f3=255 mat00=3891 tint=(121,128,138) ramp=0/105/194/255
[ASPECT] disp=320x224 win=2868x1320 psxAspect=1.4286 winAspect=2.1727 horScale=1.5209 HorPlus=1 WS=1 PAR=1.0714 margin=100.7 vp=0+2868x1320 C2_H=224 OFX=0 OFY=0
[GP-STATE-TXN] Gameplay -> sysState=10 (param=2)
[BOOT0/TIM] PostLoadTim file=1514 'TIM07.TIM' ss=0x5e64 img.u=32 img.v=0 tPage=0,13 clutX=240 clutY=0
[BOOT0/TIM] post ReadTIM: prect=0x10235a718 caddr=0x10235a614 paddr=0x10235a720 mode=8
[BOOT0/TIM] pre pixel LoadImage rect=(864,0 32x256)
[BOOT0/TIM] pre CLUT LoadImage rect=(240,0 16x8)
[BOOT0/TIM] PostLoadTim done
[FLICKER] dim=0 master=0 flashlight=1 scripted=0 roomlit=0 raw=0
[SYSSTATE] dispatch sysState=10 mapEventData=0x100d63dbc
[SS] EventCallFunc param=2 func=0x100a66c3c step0=0 step1=0 step2=0
[SFX] Sd_PlaySfx: sfxId=1361 (Sfx_Base+81) vol=144
[BGM] ChannelSet bgmIdx=3 cmd=770
[SH_AUDIO] TaskPoolExecute task=7
[SH_AUDIO] func_80046A70: field_10=770 -> SdSeqPlay(0,1,0)
[SH_BGM] SdSeqPlay: seq=0 play_mode=1 l_count=0 vab_id=3
[SH_BGM] midi_file_out: file_no=0 magic='KDT1' (0x4b445431) data_ptr=0x10236d600
[SH_AUDIO] func_80046A70: volBgm set to 40, field_E=770
[SH_BGM] midi_smf_main: call #8023 seq0_stat=1 seq1_stat=0 tracks0=17 vab0=3 flag=2
[SS] EventCallFunc param=2 func=0x100a66c3c step0=2 step1=0 step2=0
[BOOT0/TIM] PostLoadTim file=1459 'SRL.TIM' ss=0x5b60 img.u=0 img.v=0 tPage=0,28 clutX=704 clutY=464
[BOOT0/TIM] post ReadTIM: prect=0x10235a758 caddr=0x10235a614 paddr=0x10235a760 mode=8
[BOOT0/TIM] pre pixel LoadImage rect=(768,256 64x128)
[BOOT0/TIM] pre CLUT LoadImage rect=(704,464 16x10)
[BOOT0/TIM] PostLoadTim done
[SH_AUDIO] TaskPoolExecute task=0
[SS] EventCallFunc param=2 func=0x100a66c3c step0=3 step1=0 step2=0
[SS] EventCallFunc param=2 func=0x100a66c3c step0=4 step1=0 step2=0
[SH_DRIP] key_on song=0 ch=1 prog=0 note=48 bank=127 vabId=3 tones=1 match=1 vab2match=0
[SH_BGM] volume_calc: ch=1 mvol_18=127 midi_master=127 express=100 mvol3=0 pvol=110 tvol=127 velo=90 pan=7 -> l_vol=0 r_vol=0
[SH_DRIP] key_on song=0 ch=2 prog=0 note=48 bank=127 vabId=3 tones=1 match=1 vab2match=0
[SH_BGM] volume_calc: ch=2 mvol_18=127 midi_master=127 express=102 mvol3=0 pvol=110 tvol=127 velo=90 pan=120 -> l_vol=0 r_vol=0
[SH_DRIP] key_on song=0 ch=12 prog=6 note=38 bank=127 vabId=3 tones=1 match=1 vab2match=0
[SH_BGM] volume_calc: ch=12 mvol_18=127 midi_master=127 express=100 mvol3=0 pvol=110 tvol=127 velo=81 pan=95 -> l_vol=0 r_vol=0
[SH_BGM] volume_calc: ch=12 mvol_18=127 midi_master=127 express=100 mvol3=0 pvol=110 tvol=127 velo=81 pan=95 -> l_vol=0 r_vol=0
[SH_DRIP] key_on song=0 ch=11 prog=4 note=44 bank=127 vabId=3 tones=1 match=1 vab2match=0
[SH_BGM] volume_calc: ch=11 mvol_18=127 midi_master=127 express=100 mvol3=0 pvol=110 tvol=127 velo=57 pan=64 -> l_vol=0 r_vol=0
[SH_BGM] volume_calc: ch=11 mvol_18=127 midi_master=127 express=100 mvol3=0 pvol=110 tvol=127 velo=57 pan=64 -> l_vol=0 r_vol=0
[SH_DRIP] key_on song=0 ch=9 prog=3 note=44 bank=127 vabId=3 tones=1 match=1 vab2match=0
[SH_BGM] volume_calc: ch=9 mvol_18=127 midi_master=127 express=77 mvol3=124 pvol=110 tvol=127 velo=127 pan=63 -> l_vol=7951 r_vol=7826
[SH_BGM] volume_calc: ch=9 mvol_18=127 midi_master=127 express=77 mvol3=124 pvol=110 tvol=127 velo=127 pan=63 -> l_vol=7951 r_vol=7826
[SH_BGM] volume_calc: ch=9 mvol_18=127 midi_master=127 express=77 mvol3=124 pvol=110 tvol=127 velo=127 pan=63 -> l_vol=7951 r_vol=7826
[SH_BGM] volume_calc: ch=9 mvol_18=127 midi_master=127 express=77 mvol3=123 pvol=110 tvol=127 velo=127 pan=63 -> l_vol=7886 r_vol=7762
[SH_DRIP] key_on song=0 ch=7 prog=2 note=56 bank=127 vabId=3 tones=1 match=1 vab2match=0
[SH_BGM] volume_calc: ch=7 mvol_18=127 midi_master=127 express=83 mvol3=0 pvol=110 tvol=127 velo=106 pan=118 -> l_vol=0 r_vol=0
[SH_BGM] volume_calc: ch=9 mvol_18=127 midi_master=127 express=77 mvol3=123 pvol=110 tvol=127 velo=127 pan=63 -> l_vol=7886 r_vol=7762
[SH_DRIP] key_on song=0 ch=8 prog=2 note=56 bank=127 vabId=3 tones=1 match=1 vab2match=0
[SH_DRIP] key_on song=0 ch=13 prog=6 note=38 bank=127 vabId=3 tones=1 match=1 vab2match=0
[Psy-X] [PGXP] cov 60f: det=230181(78) miss=63616(22) clip=62 spikeclamp=16 oversize=30
  model[0] name=01CH meshCnt=1 vertOff=8 normOff=8 fB0=1 fB1=0 fB4=0 meshHdrs=0x128a4c7b0
  model[1] name=01CH meshCnt=1 vertOff=44 normOff=44 fB0=1 fB1=0 fB4=0 meshHdrs=0x128a4c960
  model[2] name=02HE meshCnt=1 vertOff=0 normOff=0 fB0=1 fB1=0 fB4=0 meshHdrs=0x128a4cb70
  model[3] name=02NE meshCnt=1 vertOff=51 normOff=51 fB0=1 fB1=0 fB4=0 meshHdrs=0x128a4c9f0
  model[4] name=03LS meshCnt=1 vertOff=38 normOff=38 fB0=1 fB1=0 fB4=0 meshHdrs=0x128a4cab0
  model[5] name=04LJ meshCnt=1 vertOff=12 normOff=12 fB0=1 fB1=0 fB4=0 meshHdrs=0x128a4c780
  model[6] name=05LZ meshCnt=1 vertOff=34 normOff=34 fB0=1 fB1=0 fB4=0 meshHdrs=0x128a4c930
  model[7] name=06LH meshCnt=1 vertOff=44 normOff=44 fB0=1 fB1=0 fB4=0 meshHdrs=0x128a4ca80
  model[8] name=07RS meshCnt=1 vertOff=28 normOff=28 fB0=1 fB1=0 fB4=0 meshHdrs=0x128a4c900
  model[9] name=08RJ meshCnt=1 vertOff=0 normOff=0 fB0=1 fB1=0 fB4=0 meshHdrs=0x128a4c9c0
  model[10] name=09RZ meshCnt=1 vertOff=24 normOff=24 fB0=1 fB1=0 fB4=0 meshHdrs=0x128a4cbd0
  model[11] name=10RH meshCnt=1 vertOff=44 normOff=44 fB0=1 fB1=0 fB4=0 meshHdrs=0x128a4cd80
  model[12] name=11HI meshCnt=1 vertOff=0 normOff=0 fB0=1 fB1=0 fB4=0 meshHdrs=0x128a4cb10
  model[13] name=11HI meshCnt=1 vertOff=12 normOff=12 fB0=1 fB1=0 fB4=0 meshHdrs=0x128a4cb40
  model[14] name=12LM meshCnt=1 vertOff=20 normOff=20 fB0=1 fB1=0 fB4=0 meshHdrs=0x128a4ccf0
  model[15] name=13LS meshCnt=1 vertOff=36 normOff=38 fB0=1 fB1=0 fB4=0 meshHdrs=0x128a4cc00
  model[16] name=14LF meshCnt=1 vertOff=6 normOff=6 fB0=1 fB1=0 fB4=0 meshHdrs=0x128a4cc30
  model[17] name=15RM meshCnt=1 vertOff=30 normOff=32 fB0=1 fB1=0 fB4=0 meshHdrs=0x128a4cc90
  model[18] name=16RS meshCnt=1 vertOff=36 normOff=38 fB0=1 fB1=0 fB4=0 meshHdrs=0x128a4ccc0
  model[19] name=17RF meshCnt=1 vertOff=0 normOff=0 fB0=1 fB1=0 fB4=0 meshHdrs=0x128a4cd20
  modelOrder: 2 9 5 10 8 6 4 11 7 1 3 19 16 13 14 17 15 18 12 0
[CHARA-TEX] charaId=28 matCount=1 modelCount=20
[CHARA-TEX] mat[0] name='SRL' field_C=1 E=0x5c F=0x5c clut=0x742c UV=0x0000 tex=0x0
[CHARA-TEX] prim0: f0=0x2bb7(UV0) f2=0x74ac(clut) f4=0x2fb7(UV1) f6=0x005c(tpage) f8=0x2bab(UV2) fA=0x2fab(UV3)
[CHARA-TEX] texDesc: tPage=[0,28] u=0 v=0 clutXY=(704,464)
[ENVDIAG] fog=1 near=3456 far=3712 col=(108,100,116) lgt=4504 bri=0 f0=0 f2=0 f3=254 mat00=3890 tint=(121,128,138) ramp=0/105/194/255
[SH_DRIP] key_on song=0 ch=3 prog=1 note=38 bank=127 vabId=3 tones=1 match=1 vab2match=0
[CUTDIAG] state=11 sys=0 cut=1 border=23 fixed=0 tpc=0 ofy=0 | horplus=1 vscale=0.872 cutvscale=1.000 wsmode=1
[ENVDIAG] fog=1 near=3456 far=3712 col=(108,100,116) lgt=4505 bri=0 f0=0 f2=0 f3=255 mat00=3891 tint=(121,128,138) ramp=0/105/194/255
[SH_DRIP] key_on song=0 ch=10 prog=5 note=43 bank=127 vabId=3 tones=1 match=1 vab2match=0
[PERF] avg=18.6ms (53.8 fps) worst=313ms vblanks/frame=1.11 over 256 frames
[SH_DRIP] key_on song=0 ch=5 prog=8 note=38 bank=127 vabId=3 tones=1 match=1 vab2match=0
[Psy-X] [PGXP] cov 60f: det=397352(81) miss=95574(19) clip=235 spikeclamp=108 oversize=370
[SYSSTATE] dispatch sysState=14 mapEventData=0x0
[Psy-X] [FREEZE] present 2868x1320 via fullscreen draw
